date,open,high,low,close,volume
2015-01-05,2354,2341,2310,2339,55888
2015-01-06,2323,2378,2316,2369,89802
2015-01-07,2369,2435,2358,2400,232861
2015-01-08,2400,2430,2400,2415,14880
2015-01-09,2415,2479,2372,2430,693623
2015-01-12,2446,2508,2431,2461,368334
2015-01-13,2461,2566,2474,2522,416006
2015-01-14,2522,2519,2458,2476,300420
2015-01-15,2461,2460,2415,2430,244964
2015-01-16,2446,2455,2394,2430,374204
2015-01-19,2461,2489,2458,2461,230317
2015-01-20,2446,2476,2430,2446,75172
2015-01-21,2446,2456,2411,2430,205371
2015-01-22,2430,2531,2454,2492,300965
2015-01-23,2476,2675,2520,2614,1441874
2015-01-26,2614,2642,2612,2629,307006
2015-01-27,2644,2667,2529,2629,315651
2015-01-28,2614,2866,2661,2751,959871
2015-01-29,2751,2736,2676,2706,429009
2015-01-30,2690,2678,2572,2629,478259
2015-02-02,2614,2618,2543,2568,265344
2015-02-03,2568,2506,2358,2430,827865
2015-02-04,2415,2498,2421,2461,270500
2015-02-05,2461,2488,2442,2461,74461
2015-02-06,2461,2545,2313,2507,245283
2015-02-09,2507,2513,2437,2461,72974
2015-02-10,2446,2500,2439,2476,105679
2015-02-11,2476,2524,2479,2507,90914
2015-02-12,2507,2528,2497,2507,87911
2015-02-13,2522,2603,2512,2568,650359
2015-02-24,2583,2642,2581,2614,140871
2015-02-25,2629,2671,2581,2644,672279
2015-02-26,2644,2671,2609,2644,112327
2015-02-27,2660,2642,2581,2599,64375
2015-03-02,2629,2628,2583,2599,100838
2015-03-03,2629,2617,2572,2583,603931
2015-03-04,2599,2599,2568,2583,412425
2015-03-05,2583,2593,2562,2568,159152
2015-03-06,2568,2627,2565,2599,322073
2015-03-09,2599,2607,2562,2583,159821
2015-03-10,2583,2621,2590,2599,96698
2015-03-11,2599,2641,2595,2614,561767
2015-03-12,2583,2613,2536,2599,47908
2015-03-13,2599,2598,2567,2583,162894
2015-03-16,2599,2596,2566,2583,340462
2015-03-17,2583,2597,2582,2583,118588
2015-03-18,2339,2592,2333,2583,259352
2015-03-19,2599,2745,2578,2583,129073
2015-03-20,2583,2631,2600,2614,116347
2015-03-23,2599,2594,2579,2583,57431
2015-03-24,2583,2587,2556,2568,222685
2015-03-25,2568,2617,2586,2599,122734
2015-03-26,2599,2619,2588,2599,165791
2015-03-27,2599,2573,2543,2568,150742
2015-03-30,2553,2581,2551,2568,187169
2015-03-31,2568,2570,2539,2553,57640
2015-04-01,2553,2545,2500,2522,252663
2015-04-02,2522,2580,2534,2537,159003
2015-04-03,2537,2595,2549,2568,51215
2015-04-06,2568,2578,2563,2568,4952
2015-04-07,2568,2562,2532,2553,46793
2015-04-08,2537,2545,2529,2537,60778
2015-04-09,2537,2531,2501,2522,153488
2015-04-10,2522,2555,2524,2537,26605
2015-04-13,2553,2552,2536,2537,36940
2015-04-14,2522,2551,2521,2537,57719
2015-04-15,2522,2533,2502,2522,42101
2015-04-16,2522,2544,2498,2522,82523
2015-04-17,2522,2554,2523,2537,36935
2015-04-20,2522,2543,2512,2522,44975
2015-04-21,2522,2509,2479,2492,52353
2015-04-22,2492,2541,2495,2522,105481
2015-04-23,2522,2543,2497,2522,39006
2015-04-24,2507,2517,2471,2492,30752
2015-04-27,2553,2589,2558,2568,172955
2015-05-04,2583,2545,2469,2507,16816
2015-05-05,2492,2586,2508,2537,48513
2015-05-06,2537,2581,2520,2537,144990
2015-05-07,2522,2558,2512,2537,121436
2015-05-08,2553,2538,2508,2522,171291
2015-05-11,2537,2563,2533,2537,134947
2015-05-12,2522,2554,2508,2537,59695
2015-05-13,2522,2550,2489,2522,327269
2015-05-14,2507,2575,2514,2553,98453
2015-05-15,2585,2595,2547,2569,68959
2015-05-18,2569,2568,2520,2537,222564
2015-05-19,2569,2592,2544,2553,37354
2015-05-20,2537,2608,2528,2569,96071
2015-05-21,2601,2629,2581,2601,46433
2015-05-22,2601,2586,2539,2569,139779
2015-05-25,2616,2678,2629,2648,401035
2015-05-26,2648,2839,2677,2792,1612511
2015-05-27,2792,2938,2792,2872,833767
2015-05-28,2872,3170,2864,3047,1585442
2015-05-29,3031,3116,3036,3079,805676
2015-06-01,3031,3337,3078,3207,1006223
2015-06-02,3207,3179,3039,3111,1219764
2015-06-03,3111,3188,3123,3143,765768
2015-06-04,3143,3403,3146,3271,1126592
2015-06-05,3271,3537,3341,3446,1201275
2015-06-08,3446,3553,3351,3494,1163634
2015-06-09,3526,3585,3393,3494,1081395
2015-06-10,3446,3566,3436,3494,977147
2015-06-11,3478,3527,3355,3430,807912
2015-06-12,3446,3473,3346,3398,615109
2015-06-15,3398,3520,3423,3478,978956
2015-06-16,3510,3474,3304,3414,859613
2015-06-17,3382,3431,3335,3382,454521
2015-06-18,3382,3478,3367,3430,622294
2015-06-19,3446,3510,3430,3462,385535
2015-06-22,3430,3540,3428,3494,834327
2015-06-23,3494,3521,3458,3478,727502
2015-06-24,3510,3466,3371,3414,643475
2015-06-25,3669,3769,3432,3446,595957
2015-06-26,3430,3396,3272,3350,1009225
2015-06-29,3334,3360,3280,3318,858135
2015-06-30,3318,3354,3198,3271,915176
2015-07-01,3287,3336,3272,3302,508272
2015-07-02,3223,3554,3278,3462,1349683
2015-07-03,3478,3612,3468,3558,1760897
2015-07-06,3590,3799,3636,3733,2519437
2015-07-07,3733,3881,3657,3765,1754487
2015-07-08,3701,3767,3562,3653,1447415
2015-07-09,3606,3656,3576,3622,1152099
2015-07-10,3622,3663,3568,3622,682325
2015-07-13,3622,3675,3596,3638,609490
2015-07-14,3653,3744,3633,3701,2298523
2015-07-15,3733,3692,3565,3606,1158668
2015-07-16,3590,3628,3548,3590,744800
2015-07-17,3574,3544,3466,3510,743928
2015-07-20,3494,3546,3432,3478,1189236
2015-07-21,3430,3435,3309,3382,674566
2015-07-22,3717,3858,3477,3590,525766
2015-07-23,3622,3568,3427,3478,892399
2015-07-24,3478,3557,3462,3494,241877
2015-07-27,3558,3554,3490,3510,537838
2015-07-28,3590,3836,3424,3494,595210
2015-07-29,3462,3487,3440,3462,334121
2015-07-30,3446,3500,3420,3462,338803
2015-07-31,3478,3461,3430,3446,342128
2015-08-03,3446,3409,3236,3318,745685
2015-08-04,3350,3328,3265,3287,435108
2015-08-05,3287,3351,3303,3334,288442
2015-08-06,3350,3329,3249,3271,197343
2015-08-07,3271,3308,3244,3271,220667
2015-08-10,3271,3475,3328,3382,287468
2015-08-11,3398,3402,3292,3334,309493
2015-08-12,3334,3361,3234,3271,491840
2015-08-13,3255,3249,3170,3207,552126
2015-08-14,3207,3189,3125,3159,772335
2015-08-17,3159,3076,2890,2983,1125772
2015-08-18,2967,3100,2954,3031,521619
2015-08-19,3031,3125,2997,3063,362735
2015-08-20,3095,3053,2974,3015,182245
2015-08-21,2999,3070,2972,3015,851858
2015-08-24,3095,3161,2611,2728,1663746
2015-08-25,2744,2919,2692,2840,729322
2015-08-26,2872,2997,2884,2936,565316
2015-08-27,2951,3039,2926,2967,267961
2015-08-28,2967,3023,2975,2999,559810
2015-08-31,2999,2967,2872,2920,186590
2015-09-01,2936,2932,2868,2904,219234
2015-09-03,2904,2935,2871,2888,131193
2015-09-04,2840,2885,2822,2856,129860
2015-09-07,2856,2919,2855,2888,140700
2015-09-08,2888,3103,2939,3031,301747
2015-09-09,3047,3139,3075,3111,702756
2015-09-10,3063,3104,2993,3063,259986
2015-09-11,3063,3051,2988,3031,161434
2015-09-14,3047,3092,2981,3015,119804
2015-09-15,3031,3042,2962,2983,153480
2015-09-16,2951,3013,2964,2983,95791
2015-09-17,3015,3072,2977,3047,647976
2015-09-18,3079,3114,3050,3079,290102
2015-09-21,3079,3094,3063,3079,139262
2015-09-22,3079,3097,3049,3063,302093
2015-09-23,3095,3116,3051,3079,207733
2015-09-24,3079,3233,3042,3111,989427
2015-09-25,3111,3175,3127,3143,322242
2015-09-28,3143,3135,3041,3079,265140
2015-09-29,3063,3139,3026,3095,299147
2015-09-30,3111,3118,3086,3095,123594
2015-10-01,3079,3112,2793,3095,227369
2015-10-02,3095,3123,3107,3111,158695
2015-10-05,3111,3141,3093,3127,220204
2015-10-06,3143,3272,3160,3223,895315
2015-10-07,3255,3224,3145,3175,188078
2015-10-08,3159,3282,3139,3223,541780
2015-10-09,3271,3309,3261,3287,557772
2015-10-12,3302,3356,3291,3334,479803
2015-10-13,3302,3328,3296,3318,230664
2015-10-14,3302,3340,3292,3318,296896
2015-10-15,3287,3344,3280,3318,371189
2015-10-16,3334,3326,3278,3302,431631
2015-10-19,3239,3337,3241,3302,178784
2015-10-20,3302,3317,3253,3287,149907
2015-10-21,3287,3296,3248,3271,282119
2015-10-22,3255,3335,3271,3318,176203
2015-10-23,3318,3333,3301,3318,175412
2015-10-26,3318,3358,3326,3334,246978
2015-10-27,3302,3360,3312,3334,72424
2015-10-28,3287,3301,3269,3287,78194
2015-10-29,3302,3334,3302,3318,204951
2015-10-30,3302,3343,3295,3318,167701
2015-11-02,3318,3322,3258,3287,49251
2015-11-03,3255,3305,3257,3287,126751
2015-11-04,3302,3267,3219,3255,114262
2015-11-05,3255,3281,3249,3271,130706
2015-11-06,3287,3333,3252,3287,60404
2015-11-09,3302,3290,3242,3255,62807
2015-11-10,3430,3377,3173,3223,59686
2015-11-11,3239,3180,3118,3175,63351
2015-11-12,3191,3277,3213,3239,192162
2015-11-13,3239,3301,3253,3271,89348
2015-11-16,3207,3249,3186,3223,182808
2015-11-17,3191,3229,3181,3207,104666
2015-11-18,3207,3246,3214,3223,106123
2015-11-19,3207,3233,3201,3207,149493
2015-11-20,3207,3197,3181,3191,52888
2015-11-23,3191,3188,3157,3175,137973
2015-11-24,2872,3203,2869,3127,104586
2015-11-25,3095,3177,3081,3127,87977
2015-11-26,3111,3159,3111,3127,125075
2015-11-27,3143,3123,3060,3095,159463
2015-11-30,3143,3171,3058,3095,65564
2015-12-01,3111,3135,3071,3095,70757
2015-12-02,3111,3128,3096,3111,175800
2015-12-03,3095,3113,3081,3095,120400
2015-12-04,3095,3114,3066,3095,93512
2015-12-07,3095,3105,3090,3095,106274
2015-12-08,3095,3158,3094,3127,198616
2015-12-09,3095,3143,3111,3127,19516
2015-12-10,3111,3101,3054,3079,53969
2015-12-11,3111,3128,3080,3095,42621
2015-12-14,3063,3110,3046,3095,10348
2015-12-15,3095,3080,3064,3079,185385
2015-12-16,3095,3110,3031,3079,231288
2015-12-17,3079,3129,3097,3111,65682
2015-12-18,3111,3096,3049,3063,61210
2015-12-21,3031,3103,3023,3095,64500
2015-12-22,3095,3086,3070,3079,3990
2015-12-23,3063,3092,3044,3063,99719
2015-12-24,3047,3079,3047,3063,46337
2015-12-25,3047,3071,3039,3063,42647
2015-12-28,3063,3109,3061,3079,31329
2015-12-29,3063,3123,3043,3095,66664
2015-12-30,3095,3149,3101,3111,23229
2015-12-31,3111,3195,3146,3159,49268
2016-01-04,3159,3153,3122,3143,36439
2016-01-05,3127,3137,3089,3095,47676
2016-01-06,3095,3121,3089,3111,40589
2016-01-07,3079,3078,3015,3047,94027
2016-01-08,3031,3059,3043,3047,84809
2016-01-11,3031,3047,3015,3031,37405
2016-01-12,3031,3076,3028,3031,48154
2016-01-13,3079,3075,3027,3031,81357
2016-01-14,3063,3062,3014,3031,315858
2016-01-15,3031,3077,3044,3047,260588
2016-01-18,2951,3004,2941,2967,325887
2016-01-19,2999,3028,2996,3015,71934
2016-01-20,3015,3029,2997,3015,195341
2016-01-21,3015,3039,2975,3015,91172
2016-01-22,2983,2986,2938,2967,29413
2016-01-25,2983,3099,3003,3047,143015
2016-01-26,3047,3081,3016,3031,43819
2016-01-27,3047,3053,3005,3031,154443
2016-01-28,3334,3295,2948,3031,29261
2016-01-29,3015,3049,3017,3031,85979
2016-02-01,3015,3052,3004,3015,158690
2016-02-02,2999,3051,3003,3031,113430
2016-02-03,3031,3044,3028,3031,80000
2016-02-04,3031,3032,3016,3031,120031
2016-02-05,3015,3084,3020,3047,59764
2016-02-15,3031,3064,3000,3031,25161
2016-02-16,3031,3138,3057,3095,114193
2016-02-17,3095,3106,3042,3063,141492
2016-02-18,3047,3105,3041,3063,65316
2016-02-19,3095,3098,3050,3063,162020
2016-02-22,3031,3100,3020,3063,93741
2016-02-23,3079,3106,3058,3063,268334
2016-02-24,2904,3272,2948,3191,613706
2016-02-25,3302,3434,3132,3159,170309
2016-02-26,3159,3194,3162,3175,54693
2016-02-29,3175,3191,3127,3143,192525
2016-03-01,3143,3153,3121,3127,140511
2016-03-02,3127,3124,3092,3111,187244
2016-03-03,3127,3135,3087,3111,209795
2016-03-04,3095,3180,3115,3143,106154
2016-03-07,3111,3200,3151,3159,168692
2016-03-08,3143,3077,2968,3031,349888
2016-03-09,3095,3115,3067,3095,72850
2016-03-10,3079,3099,3067,3079,127860
2016-03-11,3063,3136,3088,3095,38679
2016-03-14,3063,3066,3018,3047,130070
2016-03-15,3127,3127,3047,3063,75369
2016-03-16,3079,3083,3051,3063,85539
2016-03-17,3079,3085,3037,3047,51939
2016-03-18,3031,3064,3032,3047,49217
2016-03-21,3015,3059,2884,3031,48938
2016-03-22,2999,3043,2995,3015,143433
2016-03-23,2999,3019,2972,2999,349539
2016-03-24,3015,3013,2981,2983,60102
2016-03-25,3031,2992,2929,2967,28280
2016-03-28,2999,3002,2954,2967,28313
2016-03-29,2951,2966,2950,2951,72908
2016-03-30,2983,2909,2738,2824,215414
2016-03-31,2936,2953,2889,2920,104162
2016-04-01,2951,2940,2877,2920,125723
2016-04-04,2951,2962,2882,2920,69304
2016-04-05,2904,2894,2863,2872,59056
2016-04-06,2872,2869,2837,2856,164962
2016-04-07,2872,2944,2896,2904,32738
2016-04-08,2920,2986,2938,2951,51607
2016-04-11,2936,2939,2923,2936,49001
2016-04-12,2936,2923,2907,2920,71515
2016-04-13,2920,2924,2876,2888,94770
2016-04-14,2872,2875,2812,2840,89740
2016-04-15,2920,2916,2836,2856,66580
2016-04-19,2904,2918,2838,2840,27773
2016-04-20,2872,2859,2811,2824,73200
2016-04-21,2824,2841,2809,2824,76583
2016-04-22,2792,2942,2829,2904,126434
2016-04-25,2872,2927,2863,2872,19229
2016-04-26,2872,2888,2856,2872,117712
2016-04-27,2888,2862,2814,2840,241006
2016-04-28,2872,2867,2819,2824,39419
2016-04-29,2824,2881,2833,2856,75474
2016-05-04,2824,2908,2844,2856,48056
2016-05-05,2824,2867,2819,2840,151701
2016-05-06,2856,2861,2829,2840,111028
2016-05-09,2840,2880,2832,2872,233846
2016-05-10,2888,2906,2842,2856,92709
2016-05-11,2856,2888,2840,2856,362991
2016-05-12,2872,3116,2936,2999,569423
2016-05-13,2999,3026,2931,2983,303678
2016-05-16,2967,3054,2990,3031,193462
2016-05-17,3031,3054,2991,3031,266987
2016-05-18,3015,3153,2978,3079,520514
2016-05-19,3079,3129,3064,3095,102855
2016-05-20,3031,3109,3029,3047,50349
2016-05-23,3015,2980,2917,2951,144346
2016-05-24,2951,2974,2942,2951,204898
2016-05-25,2951,2961,2914,2936,174731
2016-05-26,2951,2962,2898,2920,373996
2016-05-27,2920,2974,2942,2951,170308
2016-05-30,2967,2965,2933,2951,90100
2016-05-31,2999,2975,2912,2936,190183
2016-06-01,2983,2996,2948,2951,72389
2016-06-02,2936,2955,2924,2951,49600
2016-06-03,2951,2972,2925,2951,94742
2016-06-06,2951,3050,2970,2983,142834
2016-06-07,2983,2998,2982,2983,28025
2016-06-08,2983,3013,2965,2999,42707
2016-06-09,2999,3034,3002,3015,83647
2016-06-10,2999,3052,3004,3031,82355
2016-06-13,3015,3070,3006,3031,138648
2016-06-14,3031,3078,3029,3047,113252
2016-06-15,3047,3052,3036,3047,51430
2016-06-16,3047,3059,3027,3047,135735
2016-06-17,3031,3054,3038,3047,118867
2016-06-20,3031,3095,3063,3063,49716
2016-06-21,3047,3085,3052,3063,130676
2016-06-22,3031,3083,3051,3063,108886
2016-06-23,3031,3090,3058,3063,62511
2016-06-24,3031,3124,2929,3063,153703
2016-06-27,2936,3087,2974,3047,102503
2016-06-28,2967,3095,3030,3031,18644
2016-06-29,2983,3057,3009,3031,65672
2016-06-30,3031,3038,3006,3031,20698
2016-07-01,2983,3081,3016,3031,160733
2016-07-04,2983,2981,2933,2951,289840
2016-07-05,2951,2986,2922,2951,224536
2016-07-06,2951,2960,2928,2951,119879
2016-07-07,2951,3026,2962,2983,46124
2016-07-08,2983,2990,2958,2983,213318
2016-07-11,2967,2964,2932,2951,256181
2016-07-12,2951,2964,2932,2951,26771
2016-07-13,2951,3137,2991,3031,437147
2016-07-14,3031,3083,3004,3031,855293
2016-07-15,3079,3080,3016,3031,218899
2016-07-18,2999,3057,2992,3015,59135
2016-07-19,3015,3026,2898,2951,465733
2016-07-20,2951,2966,2934,2951,109114
2016-07-21,2967,2968,2904,2920,115206
2016-07-22,2920,2903,2871,2888,70617
2016-07-25,2888,2913,2865,2888,73600
2016-07-26,2888,2878,2831,2856,143345
2016-07-27,2856,2874,2842,2856,59291
2016-07-28,2872,2874,2842,2856,33402
2016-07-29,2856,2912,2863,2888,138157
2016-08-01,2872,2859,2812,2840,39056
2016-08-02,2840,2820,2772,2792,76750
2016-08-03,2792,2782,2750,2760,75348
2016-08-04,2792,2824,2776,2792,110262
2016-08-05,2792,2844,2795,2808,70318
2016-08-08,2808,2825,2793,2808,69544
2016-08-09,2808,2826,2794,2808,32488
2016-08-10,2824,2853,2821,2824,136283
2016-08-11,2824,2829,2813,2824,16038
2016-08-12,2840,2862,2814,2824,48499
2016-08-15,2808,2811,2780,2792,39933
2016-08-16,2792,2879,2799,2840,106540
2016-08-17,2840,2851,2819,2824,117280
2016-08-18,2824,2868,2805,2808,113815
2016-08-19,2808,2817,2801,2808,126316
2016-08-22,2792,2805,2789,2792,64989
2016-08-23,2792,2828,2795,2808,100523
2016-08-24,2808,2812,2781,2792,53493
2016-08-25,2808,2880,2831,2840,86057
2016-08-26,2792,2867,2803,2856,74750
2016-08-29,2856,2855,2839,2840,133815
2016-08-30,2840,2840,2840,2840,55861
2016-08-31,2856,2898,2866,2872,192835
2016-09-01,2872,2857,2841,2856,81398
2016-09-05,2840,2844,2828,2840,78738
2016-09-06,2840,2872,2856,2856,100607
2016-09-07,2840,2847,2815,2840,37441
2016-09-08,2824,2860,2828,2840,38923
2016-09-09,2760,2840,2761,2824,9453
2016-09-12,2808,2831,2799,2808,137291
2016-09-13,2792,2802,2770,2792,76695
2016-09-14,2792,2789,2757,2776,151529
2016-09-15,2760,2793,2745,2760,160591
2016-09-16,2728,2800,2752,2760,120039
2016-09-19,2744,2741,2709,2728,39590
2016-09-20,2728,2758,2710,2728,117888
2016-09-21,2728,2819,2724,2776,181530
2016-09-22,2792,2781,2749,2760,52251
2016-09-23,2744,2790,2758,2776,54315
2016-09-26,2776,2759,2728,2744,55181
2016-09-27,2728,2787,2739,2760,112486
2016-09-28,2744,2954,2792,2904,960835
2016-09-29,2920,2936,2904,2920,413417
2016-09-30,2920,2944,2896,2920,281903
2016-10-03,2936,3021,2864,2967,584999
2016-10-04,2967,3093,2965,3047,728172
2016-10-05,3047,3143,3047,3111,650032
2016-10-06,3127,3156,3091,3111,445683
2016-10-07,3079,3080,2968,3031,474856
2016-10-10,3031,3074,3010,3031,595489
2016-10-11,3031,3073,3009,3031,325562
2016-10-12,3047,3171,3042,3079,742105
2016-10-13,3063,3119,3071,3095,297562
2016-10-14,3095,3100,3068,3079,399942
2016-10-17,3063,3058,3042,3047,379894
2016-10-18,3047,3079,3047,3063,383550
2016-10-19,3063,3177,3081,3127,894546
2016-10-20,3127,3146,3082,3111,176834
2016-10-21,3111,3113,3081,3095,115481
2016-10-24,3079,3072,3008,3031,435877
2016-10-25,3031,3100,3035,3063,228430
2016-10-26,3063,3073,3041,3047,123409
2016-10-27,3047,3079,3047,3063,184931
2016-10-28,3047,3118,3054,3095,109185
2016-10-31,3079,3072,3009,3031,200973
2016-11-01,3031,3102,3054,3063,246218
2016-11-02,3047,3060,3028,3047,74747
2016-11-03,3047,3052,3004,3031,263536
2016-11-04,3031,3041,3025,3031,51973
2016-11-07,3031,3059,3027,3047,140965
2016-11-08,3047,3044,3029,3031,240477
2016-11-09,3031,3011,2852,2983,510554
2016-11-10,2983,3084,3004,3047,149865
2016-11-11,3047,3061,3029,3047,180044
2016-11-14,3047,3036,3020,3031,189722
2016-11-15,3063,3078,3045,3047,147050
2016-11-16,3047,3030,2998,3015,165430
2016-11-17,3031,3046,3030,3031,216720
2016-11-18,3031,3023,3007,3015,232504
2016-11-21,3047,3055,3023,3031,45941
2016-11-22,3047,3059,3043,3047,289066
2016-11-23,3047,3096,3064,3079,184640
2016-11-24,3079,3121,3089,3095,154688
2016-11-25,3047,3111,3063,3095,179786
2016-11-28,3095,3089,3026,3047,110554
2016-11-29,3031,3060,3044,3047,234984
2016-11-30,3031,3068,3036,3047,151350
2016-12-01,3089,3191,3103,3159,381829
2016-12-02,3159,3124,3037,3106,71031
2016-12-05,3124,3099,3047,3071,49063
2016-12-06,3106,3085,2963,3001,239780
2016-12-07,3001,2999,2912,2948,226091
2016-12-08,3018,2991,2922,2948,220042
2016-12-09,2966,3023,2952,3001,103048
2016-12-12,3001,3004,2969,2983,30478
2016-12-13,2983,2950,2881,2913,125191
2016-12-14,2948,2946,2877,2913,93783
2016-12-15,2983,2965,2896,2931,141933
2016-12-16,2983,3046,2975,3018,112809
2016-12-19,3054,3036,2966,2983,232663
2016-12-20,3001,3008,2973,2983,273119
2016-12-21,3001,3245,3049,3141,939567
2016-12-22,3141,3166,3078,3124,430272
2016-12-23,3071,3112,3007,3036,390028
2016-12-26,3054,3172,3083,3124,142239
2016-12-27,3071,3086,3017,3054,320223
2016-12-28,3089,3074,3057,3071,220675
2016-12-29,3054,3114,3026,3089,398898
2016-12-30,3106,3123,3071,3089,132554
2017-01-03,3106,3406,3173,3334,1609757
2017-01-04,3334,3392,3305,3352,739000
2017-01-05,3369,3390,3320,3352,471881
2017-01-06,3352,3690,3337,3527,1409824
2017-01-09,3527,3701,3559,3650,970791
2017-01-10,3650,3733,3591,3685,942499
2017-01-11,3650,3832,3657,3791,1447461
2017-01-12,3773,3889,3731,3791,1158392
2017-01-13,3756,3848,3708,3773,1230784
2017-01-16,3773,3864,3775,3826,575469
2017-01-17,3861,4133,3884,4036,1398174
2017-01-18,4036,4113,3974,4054,1360520
2017-01-19,4054,4102,3979,4036,542576
2017-01-20,4036,4115,3993,4054,614473
2017-01-23,4054,4094,3970,4019,867359
2017-01-24,4019,4213,4001,4124,722901
2017-01-25,4107,4193,4104,4142,437171
2017-02-02,4142,4236,4059,4177,693910
2017-02-03,4177,4295,4173,4247,1124649
2017-02-06,4247,4204,4066,4142,1767267
2017-02-07,4177,4237,4097,4159,820988
2017-02-08,4159,4226,4120,4159,627023
2017-02-09,4159,4175,4140,4159,480866
2017-02-10,4159,4228,4158,4194,2354611
2017-02-13,4229,4209,4070,4124,1102014
2017-02-14,4124,4164,4094,4124,630201
2017-02-15,4124,4119,4032,4089,1719050
2017-02-16,4107,4035,3898,3984,1657991
2017-02-17,3949,4014,3927,3984,886909
2017-02-20,3984,4042,3954,3984,1208009
2017-02-21,3984,4015,3962,3984,992334
2017-02-22,3984,4012,3906,3966,890701
2017-02-23,3966,3990,3937,3966,599354
2017-02-24,3984,4069,3897,3984,2041146
2017-02-27,3984,4056,4003,4019,652055
2017-02-28,4036,4062,3992,4019,493768
2017-03-01,4001,4037,3931,3966,947826
2017-03-02,3966,3990,3920,3949,356057
2017-03-03,3949,4098,3954,4001,658085
2017-03-06,4019,4040,3953,3966,767074
2017-03-07,4001,4008,3938,3949,342874
2017-03-08,3949,4202,3904,4089,3300268
2017-03-09,4089,4143,4039,4107,2499511
2017-03-10,4089,4194,4072,4159,3996520
2017-03-13,4159,4102,3964,4019,3149747
2017-03-14,4019,4051,3964,4001,1043292
2017-03-15,4001,4156,3961,4054,1841218
2017-03-16,4071,4101,4048,4071,1849057
2017-03-17,4107,4261,4016,4107,5329369
2017-03-20,4124,4247,4141,4194,5125254
2017-03-21,4229,4467,4272,4387,10618307
2017-03-22,4387,4453,4332,4387,4597625
2017-03-23,4387,4410,4322,4370,3086794
2017-03-24,4370,4560,4366,4475,7262960
2017-03-27,4475,4527,4352,4422,4647682
2017-03-28,4422,4395,4274,4335,3883267
2017-03-29,4352,4386,4280,4317,4693967
2017-03-30,4317,4375,4287,4335,2636139
2017-03-31,4352,4378,4273,4300,2374460
2017-04-03,4300,4493,4332,4387,4561999
2017-04-04,4405,4505,4365,4440,4282474
2017-04-05,4440,4475,4370,4422,2922560
2017-04-07,4422,4433,4328,4352,2654414
2017-04-10,4352,4364,4224,4282,4172644
2017-04-11,4282,4204,4083,4159,3447528
2017-04-12,4159,4142,3986,4054,4187963
2017-04-13,4054,4090,4003,4036,1942706
2017-04-14,4036,4087,3964,4019,2869490
2017-04-17,4019,4030,3892,3949,1791452
2017-04-18,3966,4063,3957,4019,1966220
2017-04-19,4019,4015,3980,3984,904604
2017-04-20,3984,4022,3952,3984,1029547
2017-04-21,3984,4012,3959,3984,1166146
2017-04-24,3949,3977,3942,3949,1041557
2017-04-25,3913,3934,3847,3878,1796943
2017-04-26,3913,4062,3937,3984,1183165
2017-04-27,3984,4029,3959,3984,867590
2017-04-28,3966,4164,3950,4071,3189572
2017-05-03,4071,4221,4097,4177,2622355
2017-05-04,4194,4214,4143,4177,1511935
2017-05-05,4177,4189,4084,4124,1540483
2017-05-08,4107,4113,4009,4054,1334252
2017-05-09,4054,4214,4072,4159,1873308
2017-05-10,4194,4198,4128,4159,1722684
2017-05-11,4159,4141,4055,4107,1225352
2017-05-12,4142,4177,4124,4142,1408743
2017-05-15,4142,4172,4101,4124,1557823
2017-05-16,4089,4259,4084,4194,4063912
2017-05-17,4194,4328,4239,4282,2463380
2017-05-18,4282,4359,4202,4300,4440070
2017-05-19,4300,4385,4246,4335,3380097
2017-05-22,4335,4485,4311,4405,8110171
2017-05-23,4422,4367,4212,4300,3154806
2017-05-24,4300,4495,4318,4422,2741337
2017-05-25,4440,4474,4353,4405,4482961
2017-05-26,4405,4419,4366,4387,1931186
2017-05-29,4352,4475,4352,4405,2434669
2017-05-30,4405,4493,4370,4387,3271836
2017-05-31,4370,4438,4351,4387,1808309
2017-06-01,4387,4408,4303,4352,2213300
2017-06-02,4352,4374,4286,4335,2357600
2017-06-05,4335,4391,4303,4352,2071223
2017-06-06,4422,4481,4410,4440,2786052
2017-06-07,4475,4739,4473,4633,9677631
2017-06-08,4633,4649,4526,4580,1793086
2017-06-09,4563,4631,4544,4598,1633448
2017-06-12,4598,4611,4524,4563,2711450
2017-06-13,4563,4749,4590,4651,2560207
2017-06-14,4668,4721,4651,4686,2095019
2017-06-15,4686,4669,4599,4633,2027588
2017-06-16,4633,4646,4611,4633,1073742
2017-06-19,4668,4693,4641,4668,2509473
2017-06-20,4686,4751,4681,4703,2009016
2017-06-21,4703,4705,4565,4615,3907011
2017-06-22,4615,4629,4560,4580,1990597
2017-06-23,4563,4568,4480,4510,2881921
2017-06-26,4510,4628,4540,4580,1201089
2017-06-27,4563,4588,4518,4545,681015
2017-06-28,4528,4569,4498,4528,861040
2017-06-29,4528,4585,4532,4563,928253
2017-06-30,4580,4578,4526,4545,663360
2017-07-03,4563,4688,4565,4633,2832824
2017-07-04,4633,4650,4563,4598,913620
2017-07-05,4598,4685,4597,4651,1489515
2017-07-06,4651,4670,4618,4651,1436039
2017-07-07,4651,4706,4601,4651,2656919
2017-07-10,4651,4625,4486,4545,2657063
2017-07-11,4545,4568,4515,4545,1562679
2017-07-12,4545,4582,4529,4545,1160871
2017-07-13,4545,4582,4529,4545,734955
2017-07-14,4563,4559,4506,4528,366894
2017-07-17,4528,4431,4276,4370,3160757
2017-07-18,4370,4445,4358,4405,2229835
2017-07-19,4405,4426,4391,4405,584611
2017-07-20,4405,4452,4399,4422,731184
2017-07-21,4422,4419,4367,4387,357297
2017-07-24,4387,4381,4275,4335,1117565
2017-07-25,4370,4436,4383,4405,808354
2017-07-26,4405,4539,4433,4493,651186
2017-07-27,4440,4486,4382,4458,581124
2017-07-28,4475,4554,4484,4528,718964
2017-07-31,4563,4600,4530,4563,1567378
2017-08-01,4580,4624,4555,4580,1566838
2017-08-02,4545,4610,4539,4580,1578560
2017-08-03,4580,4595,4543,4563,936752
2017-08-04,4528,4548,4513,4528,1200627
2017-08-07,4528,4610,4522,4563,1478734
2017-08-08,4633,4654,4549,4563,382940
2017-08-09,4563,4554,4449,4493,1649412
2017-08-10,4458,4507,4437,4458,1139760
2017-08-11,4475,4470,4435,4458,774623
2017-08-14,4440,4510,4440,4510,657975
2017-08-15,4510,4543,4508,4528,799795
2017-08-16,4528,4566,4531,4545,487273
2017-08-17,4563,4539,4452,4493,553039
2017-08-18,4475,4534,4445,4510,1175485
2017-08-21,4510,4670,4478,4598,4413094
2017-08-22,4615,4648,4560,4598,986115
2017-08-23,4580,4669,4598,4633,740021
2017-08-24,4633,4914,4701,4808,7254759
2017-08-25,4808,4921,4765,4844,2024567
2017-08-28,4844,5091,4896,5002,2649215
2017-08-29,5002,5130,4886,5019,4269159
2017-08-30,5019,5057,4952,5002,1653058
2017-08-31,5019,5116,4960,5037,2318417
2017-09-01,5037,5080,4974,5019,709220
2017-09-05,5019,5130,5025,5089,990815
2017-09-06,5107,5107,5037,5072,626895
2017-09-07,5072,5072,4968,5019,1174302
2017-09-08,5019,4998,4876,4931,1334473
2017-09-11,4914,4940,4767,4826,2132362
2017-09-12,4826,4952,4828,4879,1235103
2017-09-13,4896,5028,4922,4984,677371
2017-09-14,4966,4973,4903,4949,1994968
2017-09-15,4949,4997,4909,4931,1606884
2017-09-18,4931,4979,4892,4949,1222983
2017-09-19,4949,4970,4866,4931,1331569
2017-09-20,4966,4968,4915,4931,882705
2017-09-21,4966,5046,4940,4984,1389322
2017-09-22,4984,5191,5032,5124,3958618
2017-09-25,5124,5399,5151,5282,3381864
2017-09-26,5317,5431,5307,5370,2766949
2017-09-27,5353,5334,5247,5282,1153295
2017-09-28,5809,5813,5269,5317,1223493
2017-09-29,5317,5431,5325,5370,920886
2017-10-02,5388,5365,5295,5335,755459
2017-10-03,5300,5370,5264,5317,1368746
2017-10-04,5317,5488,5382,5423,1937080
2017-10-05,5423,5410,5254,5353,3049742
2017-10-06,5353,5559,5399,5493,2764427
2017-10-09,5493,5665,5490,5598,3064014
2017-10-10,5440,5653,5426,5598,1666381
2017-10-11,5616,5660,5590,5616,1813951
2017-10-12,5616,5621,5551,5581,1384961
2017-10-13,5598,5744,5567,5686,1752064
2017-10-16,5686,5778,5689,5739,1321717
2017-10-17,5739,5779,5743,5756,953781
2017-10-18,5826,5846,5707,5774,2272988
2017-10-19,5774,5767,5627,5686,1941687
2017-10-20,5686,5668,5493,5563,2328487
2017-10-23,5563,5508,5334,5388,2601188
2017-10-24,4861,5546,4924,5458,2602005
2017-10-25,5475,5697,5502,5598,1101897
2017-10-26,5598,5587,5465,5528,1924655
2017-10-27,5528,5661,5537,5598,909500
2017-10-30,5633,5560,5372,5493,1998813
2017-10-31,5598,5554,5275,5370,2365341
2017-11-01,5370,5425,5355,5388,954826
2017-11-02,5388,5327,5154,5230,3243328
2017-11-03,5230,5453,5238,5335,2147564
2017-11-06,5265,5457,5298,5405,798248
2017-11-07,5405,5431,5361,5405,1229311
2017-11-08,5423,5563,5457,5510,1340921
2017-11-09,5510,5575,5487,5528,1171786
2017-11-10,5528,5692,5551,5616,2280926
2017-11-13,5633,5634,5529,5581,1861000
2017-11-14,5581,5786,5557,5651,1848620
2017-11-15,5756,5776,5636,5703,1475303
2017-11-16,5721,5847,5724,5809,4200524
2017-11-17,5826,5867,5726,5809,2288362
2017-11-20,5809,5817,5676,5756,1424314
2017-11-21,5756,5846,5671,5756,2009143
2017-11-22,5739,6073,5732,5949,2907841
2017-11-23,5949,6048,5857,5967,2520785
2017-11-24,6002,6039,5916,5984,1537052
2017-11-27,5984,6075,5935,6002,1772248
2017-11-28,5967,6043,5920,5967,1486928
2017-11-29,5967,6072,5967,6054,1466786
2017-11-30,6107,6202,6045,6125,3947759
2017-12-01,6142,6226,6138,6177,2204688
2017-12-04,6177,6495,6246,6405,2828261
2017-12-05,6423,6240,5967,6142,2451061
2017-12-06,6125,6252,6076,6125,2935533
2017-12-07,6125,6482,6249,6353,2485591
2017-12-08,6353,6360,6272,6318,1018775
2017-12-11,6300,6276,6118,6212,2361314
2017-12-12,6195,6444,5774,6072,6629673
2017-12-13,6072,6164,5845,5932,1608497
2017-12-14,5932,6064,5940,6002,1835286
2017-12-15,6002,6065,5959,6002,1141285
2017-12-18,6054,6215,6091,6160,1869613
2017-12-19,6212,6175,6053,6107,1988171
2017-12-20,6107,6173,6050,6107,4205447
2017-12-21,6177,6124,6037,6090,4333480
2017-12-22,6090,6119,6032,6072,2073496
2017-12-25,6072,6126,6004,6054,3242655
2017-12-26,6054,6138,6050,6090,4904103
2017-12-27,6090,6502,6148,6405,6668024
2017-12-28,6423,6496,6408,6458,5694848
2017-12-29,6493,6547,6389,6476,4466849
2018-01-02,6493,6994,6616,6809,3657426
2018-01-03,6809,6858,6665,6792,5056543
2018-01-04,6792,6846,6758,6809,6365641
2018-01-05,6844,6930,6737,6809,6453452
2018-01-08,6809,7159,6927,7037,3879771
2018-01-09,7055,7203,6902,7072,4745410
2018-01-10,7107,7107,6880,6985,4638024
2018-01-11,6985,7108,6931,7020,4924236
2018-01-12,7020,6969,6744,6862,7568499
2018-01-15,6862,6924,6748,6844,3366618
2018-01-16,6844,6894,6753,6809,3387031
2018-01-17,6809,6940,6681,6844,4081715
2018-01-18,6721,7068,6854,6932,3733257
2018-01-19,6949,7053,6844,6932,4677507
2018-01-22,6932,7130,6954,7055,4545380
2018-01-23,7107,7327,7046,7265,7923102
2018-01-24,7318,7321,7113,7213,4139581
2018-01-25,7230,7491,7070,7336,8429425
2018-01-26,7371,7493,7282,7388,4970555
2018-01-29,7371,7458,7301,7371,4937869
2018-01-30,7353,7365,7242,7300,3927399
2018-01-31,7300,7387,7213,7318,6436073
2018-02-01,7318,7297,7088,7195,6434280
2018-02-02,7195,7352,7211,7283,3810505
2018-02-05,7300,7189,6813,7020,5066909
2018-02-06,6774,7242,6618,6827,7329750
2018-02-07,6862,7367,6875,7143,2625378
2018-02-08,7143,7106,6813,6932,2011871
2018-02-09,6405,7258,6590,7002,3861562
2018-02-12,7143,7518,7285,7371,2149455
2018-02-13,7458,7828,7455,7669,5453039
2018-02-21,7669,7897,7618,7809,3300915
2018-02-22,7862,7849,7657,7757,3505413
2018-02-23,7757,7930,7736,7845,4133818
2018-02-26,7862,8104,7859,7950,10048941
2018-02-27,7967,8229,7999,8143,4107205
2018-02-28,8160,8336,8054,8248,4274179
2018-03-01,8248,8226,7915,8073,5379316
2018-03-02,8073,8306,8039,8160,5264337
2018-03-05,8160,7835,7319,7722,6171135
2018-03-06,7722,8198,7840,8055,4279645
2018-03-07,8073,8069,7808,7932,5017215
2018-03-08,8038,8029,7889,7950,4041111
2018-03-09,7985,8292,8027,8213,4829484
2018-03-12,8248,8602,8319,8529,4944538
2018-03-13,8546,8735,8521,8634,3683159
2018-03-14,8862,8916,8566,8634,2974601
2018-03-15,8652,8730,8554,8669,4032484
2018-03-16,8740,8939,8728,8845,4163554
2018-03-19,8950,9201,9005,9073,4889388
2018-03-20,9169,9464,9171,9343,4552573
2018-03-21,9343,9391,9141,9247,6287554
2018-03-22,9247,9224,8974,9073,5892543
2018-03-23,9073,9137,8651,8880,6436238
2018-03-26,8880,9305,8970,9131,2814607
2018-03-27,9189,9263,9052,9169,3305080
2018-03-28,9150,9153,8980,9054,2276552
2018-03-29,9111,9051,8936,8996,2039780
2018-03-30,8880,9087,8913,9015,2092042
2018-04-02,9034,9709,9235,9498,4372662
2018-04-03,9498,9539,9347,9459,3577394
2018-04-04,9459,9565,9393,9478,3555414
2018-04-05,9498,9694,9538,9613,3934100
2018-04-06,9633,9964,9654,9826,5500996
2018-04-09,9845,9970,9757,9864,3474752
2018-04-10,9884,9900,9612,9748,4550311
2018-04-11,9748,9651,9253,9420,6377260
2018-04-12,9285,9832,9478,9633,3604332
2018-04-13,9652,9590,9209,9362,3102131
2018-04-16,9343,9493,9222,9382,2787061
2018-04-17,9382,9662,9428,9555,3122300
2018-04-18,9555,9554,9250,9440,3237045
2018-04-19,9266,9389,9044,9208,4945285
2018-04-20,9266,9353,9179,9285,3450025
2018-04-23,9343,9101,8206,8590,8144218
2018-04-24,8610,8745,8322,8571,3660608
2018-04-26,8590,8204,7466,7837,7285702
2018-04-27,7065,8694,7232,8185,4667596
2018-05-02,8301,8235,7930,8108,2669126
2018-05-03,7644,8768,7928,8397,3695726
2018-05-04,8397,8506,8314,8417,2929704
2018-05-07,8436,9144,8667,8880,4340830
2018-05-08,8880,8849,8676,8764,2703990
2018-05-09,8764,8669,8421,8571,2964394
2018-05-10,8571,8387,7863,8185,4538604
2018-05-11,8185,8799,8262,8494,3944111
2018-05-14,8513,8641,8428,8552,1239598
2018-05-15,8610,8698,8449,8590,2883487
2018-05-16,8552,9256,8139,8301,3938151
2018-05-17,8204,8392,8180,8281,2023797
2018-05-18,8281,8435,7988,8262,2708148
2018-05-21,8320,8222,8013,8146,1908680
2018-05-22,8108,8092,7726,7934,4833825
2018-05-23,7953,8145,7890,8011,2846035
2018-05-24,8050,8001,7848,7915,1360084
2018-05-25,7915,7852,7549,7722,3370106
2018-05-28,7625,7367,6663,6988,6642188
2018-05-29,6293,7899,6502,7586,4694583
2018-05-30,7625,7553,7287,7413,3049815
2018-05-31,7413,7864,7510,7722,3560671
2018-06-01,7722,7980,7632,7818,5402896
2018-06-04,7722,8308,7813,8108,5546226
2018-06-05,8108,8171,7978,8050,4692768
2018-06-06,8050,8600,8165,8359,5668743
2018-06-07,8359,8319,8090,8185,5212644
2018-06-08,8185,8438,8224,8320,3702961
2018-06-11,8339,8346,8060,8223,4129106
2018-06-12,8494,8533,7835,8030,6941376
2018-06-13,8050,8145,7913,8011,2338458
2018-06-14,8011,7963,7698,7837,3797018
2018-06-15,7876,8077,7805,7973,3289834
2018-06-18,7992,7912,7515,7683,5078608
2018-06-19,7683,7874,7300,7529,8643727
2018-06-20,7529,7717,7484,7606,2915611
2018-06-21,7625,7552,7284,7374,1583386
2018-06-22,7355,7809,7414,7606,2637598
2018-06-25,7548,7642,7243,7586,2808160
2018-06-26,7586,7586,7413,7471,2232783
2018-06-27,7529,7396,7075,7239,2689583
2018-06-28,7239,7109,6806,6969,5075935
2018-06-29,6988,7025,6777,6872,3031531
2018-07-02,6872,6795,6260,6428,6858520
2018-07-03,6448,6275,5648,5984,7375018
2018-07-04,5888,6327,6030,6177,4127586
2018-07-05,6042,6001,5532,5772,4948503
2018-07-06,5598,6590,5826,6332,7854475
2018-07-09,6370,6467,6220,6370,4587386
2018-07-10,6370,6655,6402,6544,3244193
2018-07-11,6448,6426,5947,6158,7023863
2018-07-12,6756,6811,6208,6390,4150902
2018-07-13,6390,6681,6003,6602,3940996
2018-07-16,6660,6757,6565,6660,3769038
2018-07-17,6930,7098,6702,6872,5135363
2018-07-18,6949,7089,6797,6988,4359010
2018-07-19,6988,6936,6745,6834,6338767
2018-07-20,6834,7104,6679,7104,8925712
2018-07-23,7123,6988,6742,6892,4970456
2018-07-24,6892,7202,6626,6795,4390214
2018-07-25,7239,7018,6363,6563,4478560
2018-07-26,5907,6965,5970,6718,6326835
2018-07-27,6756,6947,6753,6872,4283058
2018-07-30,6892,7044,6870,6969,3446870
2018-07-31,6949,7046,6872,6911,4169999
2018-08-01,6911,6943,6750,6853,3370615
2018-08-02,6853,6960,6784,6853,4547726
2018-08-03,6911,6937,6765,6853,3765836
2018-08-06,6853,6892,6719,6795,2378607
2018-08-07,6814,6918,6744,6853,3340719
2018-08-08,6872,7176,6941,7085,6086041
2018-08-09,7085,7179,7007,7104,6024097
2018-08-10,7104,7308,7092,7200,4939666
2018-08-13,7200,7459,7205,7355,7344210
2018-08-14,7413,7331,7159,7239,3333384
2018-08-15,7278,7242,7014,7142,6050256
2018-08-16,7104,7241,7008,7104,6703679
2018-08-17,7104,7181,7028,7104,3162682
2018-08-20,7123,7166,7013,7085,3250515
2018-08-21,7085,7439,7203,7316,5164728
2018-08-22,7336,7357,7223,7297,4526943
2018-08-23,7316,7436,7319,7374,3014955
2018-08-24,7374,7620,7349,7490,7614923
2018-08-27,7529,7558,7424,7490,3180882
2018-08-28,7509,7553,7476,7509,5158953
2018-08-29,7586,7668,7532,7586,4615659
2018-08-30,7606,7718,7621,7664,4212097
2018-08-31,7664,7614,7460,7548,4286128
2018-09-04,7509,7431,7202,7336,5963473
2018-09-05,7316,7386,7173,7258,4808542
2018-09-06,7548,7524,7172,7259,3164832
2018-09-07,7259,7491,7334,7414,2485961
2018-09-10,7414,7366,6792,7281,3148899
2018-09-11,7259,7373,7262,7326,3898476
2018-09-12,7370,7337,7249,7303,2964205
2018-09-13,7326,7521,7321,7414,6398577
2018-09-14,7414,7522,7411,7481,4140257
2018-09-17,7481,7437,7326,7370,1908269
2018-09-18,7326,7522,7387,7437,2411600
2018-09-19,7459,7499,7389,7437,2798730
2018-09-20,7437,7570,7458,7503,3473652
2018-09-21,7525,7685,7551,7636,7293427
2018-09-24,7659,7665,7576,7614,2805624
2018-09-25,7592,7609,7477,7548,3999558
2018-09-26,7548,7587,7454,7525,2915363
2018-09-27,7525,7557,7468,7525,2942652
2018-09-28,7548,7646,7513,7570,3783478
2018-10-01,7570,7552,7398,7481,3222310
2018-10-02,7481,7479,7302,7392,5220366
2018-10-03,7548,7539,7361,7437,1954922
2018-10-04,7437,7603,7448,7548,3180913
2018-10-05,7548,7512,7380,7459,4183777
2018-10-08,7437,7545,7434,7481,2175364
2018-10-09,7481,7516,7449,7481,3010019
2018-10-10,7481,7508,7420,7459,2803041
2018-10-11,7392,7230,6600,6882,9392018
2018-10-12,6793,7244,6791,7104,4923922
2018-10-15,7148,7028,6766,6882,2403128
2018-10-16,6882,6993,6882,6948,1942897
2018-10-17,7037,7067,6934,6993,2292759
2018-10-18,6993,6954,6822,6882,1691619
2018-10-19,6859,7104,6704,6882,2186199
2018-10-22,6882,6882,6772,6837,1648420
2018-10-23,6837,6722,6438,6571,4059421
2018-10-24,6571,6601,6383,6504,3420367
2018-10-25,6415,6669,6261,6415,5147562
2018-10-26,6460,6494,6147,6282,2884427
2018-10-29,6282,6275,6076,6216,3999762
2018-10-30,6216,6459,6170,6327,3626018
2018-10-31,6349,6905,6518,6726,4795396
2018-11-01,6726,6662,6379,6504,2904172
2018-11-02,6549,6845,6643,6748,4366028
2018-11-05,6748,6825,6624,6704,3088300
2018-11-06,6704,6663,6444,6526,2657882
2018-11-07,6549,6586,6431,6504,2944403
2018-11-08,6593,6599,6445,6526,2607660
2018-11-09,6526,6484,6287,6371,2981239
2018-11-12,6371,6415,6303,6371,1775059
2018-11-13,6349,6352,6219,6282,2753099
2018-11-14,6260,6260,6019,6127,3291576
2018-11-15,6016,6203,5982,6105,2698586
2018-11-16,6105,6470,6156,6327,3519615
2018-11-19,6282,6482,6326,6438,2238672
2018-11-20,6438,6468,6379,6415,2168097
2018-11-21,6349,6487,6331,6415,2458849
2018-11-22,6637,6658,6436,6526,4403748
2018-11-23,6549,6482,6373,6438,2688110
2018-11-26,6327,6495,6361,6460,1633057
2018-11-27,6460,6466,6311,6393,2599848
2018-11-28,5949,6613,6007,6526,3171523
2018-11-29,6549,6602,6492,6549,3544622
2018-11-30,6105,6689,6111,6615,2971296
2018-12-03,6637,7091,6774,6948,4691062
2018-12-04,6948,7041,6863,6904,2802120
2018-12-05,6859,6976,6798,6882,3447060
2018-12-06,6837,6907,6753,6837,3345040
2018-12-07,6859,6861,6708,6793,2288776
2018-12-10,6771,6867,6644,6771,2669530
2018-12-11,6105,6878,6102,6793,2484639
2018-12-12,6726,6897,6763,6859,1157684
2018-12-13,6882,6856,6768,6815,1772531
2018-12-14,6815,6779,6713,6748,2099130
2018-12-17,6726,6635,6460,6571,2746380
2018-12-18,6526,6629,6495,6571,2694145
2018-12-19,7215,7262,6525,6571,1319853
2018-12-20,6526,6603,6515,6571,1170804
2018-12-21,6549,6578,6489,6526,1670803
2018-12-24,6216,6525,6193,6438,2237789
2018-12-25,6393,6468,6311,6393,4310235
2018-12-26,5772,6431,5766,6371,1518665
2018-12-27,6526,6604,6448,6526,2409678
2018-12-28,6549,6663,6528,6571,2193351
2019-01-02,6571,6565,6410,6482,1103106
2019-01-03,5838,6379,5765,6238,1956382
2019-01-04,6216,6408,6206,6282,2771983
2019-01-07,6415,6402,6313,6371,1305819
2019-01-08,6970,6950,6308,6327,846226
2019-01-09,6349,6495,6361,6438,2196358
2019-01-10,6438,6442,6397,6415,1378687
2019-01-11,6438,6442,6376,6415,1250077
2019-01-14,6393,6401,6357,6371,937155
2019-01-15,6260,6488,5908,6460,901146
2019-01-16,6460,6457,6347,6393,509354
2019-01-17,6415,6446,6379,6415,737519
2019-01-18,6438,6417,6284,6349,1412966
2019-01-21,6371,6700,6409,6549,2079830
2019-01-22,6593,6541,6387,6460,1845725
2019-01-23,6438,6494,6427,6460,1160094
2019-01-24,6482,6538,6427,6482,1743450
2019-01-25,6615,6587,6432,6482,836534
2019-01-28,6482,6484,6196,6415,997088
2019-01-29,6393,6496,6406,6438,1091518
2019-01-30,6882,6882,6438,6504,1565464
2019-01-31,6571,6576,6466,6526,1674668
2019-02-01,6526,6586,6519,6549,781100
2019-02-11,6615,6925,6634,6704,1713857
2019-02-12,6704,6809,6720,6771,2059630
2019-02-13,6793,6819,6730,6771,2093177
2019-02-14,6771,6729,6641,6682,1357835
2019-02-15,6682,6766,6677,6704,2176902
2019-02-18,6704,6771,6704,6748,1908779
2019-02-19,6771,6744,6677,6726,2754758
2019-02-20,6726,6787,6720,6748,1693486
2019-02-21,6748,6753,6621,6682,2970459
2019-02-22,6704,6848,6670,6771,3974330
2019-02-25,6815,6958,6758,6882,3874034
2019-02-26,6837,6924,6791,6837,2277127
2019-02-27,6837,6840,6751,6793,1544839
2019-02-28,6837,6730,6489,6593,3793504
2019-03-01,6615,6710,6576,6660,1478830
2019-03-04,6660,6832,6698,6748,3120806
2019-03-05,6748,6792,6659,6726,2465893
2019-03-06,6704,6781,6691,6726,1178516
2019-03-07,6748,6803,6715,6771,3301746
2019-03-08,6748,6785,6697,6726,1416810
2019-03-11,6726,6817,6727,6748,1032198
2019-03-12,6771,6957,6822,6859,2504257
2019-03-13,6904,7046,6869,6970,5473410
2019-03-14,6970,7081,6926,6993,2333220
2019-03-15,7015,7086,6974,7037,2649931
2019-03-18,7059,7133,7023,7081,3739699
2019-03-19,7104,7045,6869,6948,2828856
2019-03-20,6970,6960,6805,6882,3143264
2019-03-21,6882,6855,6637,6748,2939770
2019-03-22,6748,6806,6740,6771,1819172
2019-03-25,6748,6773,6661,6682,2275202
2019-03-26,6704,6752,6686,6726,1540206
2019-03-27,6748,6795,6706,6748,856984
2019-03-28,6748,6761,6694,6726,1366727
2019-03-29,6726,6759,6693,6726,1915257
2019-04-01,6726,6745,6701,6726,751744
2019-04-02,6771,6773,6685,6726,1184570
2019-04-03,6771,6761,6628,6682,1394796
2019-04-04,6637,6736,6647,6704,1091143
2019-04-05,6704,6743,6677,6704,767879
2019-04-08,6704,6904,6748,6837,2224599
2019-04-09,6837,6811,6701,6771,1801683
2019-04-10,6726,6723,6657,6704,868574
2019-04-11,6793,6810,6699,6726,905666
2019-04-12,6704,6741,6675,6704,1051329
2019-04-16,6704,6705,6616,6660,1328836
2019-04-17,6682,6688,6599,6637,688254
2019-04-18,6504,6644,6489,6593,1019057
2019-04-19,6615,6601,6535,6571,599302
2019-04-22,6593,6591,6458,6504,1362678
2019-04-23,6526,6684,6505,6571,1651748
2019-04-24,6593,6775,6618,6682,1062284
2019-04-25,6682,6710,6600,6660,745480
2019-04-26,6660,6720,6653,6682,1123078
2019-05-02,6704,6671,6539,6593,1134878
2019-05-03,6615,6688,6643,6660,1115126
2019-05-06,6660,6620,6487,6526,1381176
2019-05-07,6660,6674,6496,6549,869471
2019-05-08,6504,6612,6500,6549,1019991
2019-05-09,6526,6510,6421,6460,603773
2019-05-10,6460,6549,6459,6504,646916
2019-05-13,6526,6536,6448,6482,913337
2019-05-14,6482,6526,6437,6460,1601854
2019-05-15,6460,6612,6478,6549,1290890
2019-05-16,6571,6544,6455,6504,1467241
2019-05-17,6504,6509,6464,6482,852070
2019-05-20,6504,6541,6453,6504,675438
2019-05-21,6526,6567,6478,6526,1385291
2019-05-22,6526,6609,6499,6571,1274690
2019-05-23,6637,6673,6517,6549,630966
2019-05-24,6038,6537,6027,6482,891367
2019-05-27,6460,6476,6432,6438,911886
2019-05-28,6438,6464,6398,6415,941132
2019-05-29,6415,6562,6449,6482,1083726
2019-05-30,6460,6486,6442,6460,725399
2019-05-31,6438,6488,6399,6438,1025615
2019-06-03,6371,6407,6318,6371,1150302
2019-06-04,6371,6408,6319,6349,870018
2019-06-05,6349,6447,6380,6415,1056785
2019-06-06,6415,6405,6294,6327,912088
2019-06-07,6327,6410,6343,6371,282088
2019-06-10,6371,6379,6313,6349,463155
2019-06-11,6349,6369,6347,6349,563995
2019-06-12,6349,6349,6305,6327,557708
2019-06-13,6327,6374,6329,6349,846792
2019-06-14,6349,6405,6316,6371,1047441
2019-06-17,6371,6408,6342,6371,896432
2019-06-18,6371,6459,6392,6415,769216
2019-06-19,6415,6443,6377,6415,506197
2019-06-20,6415,6647,6468,6571,1436398
2019-06-21,6571,6610,6478,6549,826692
2019-06-24,6549,6593,6526,6549,1421227
2019-06-25,6549,6577,6444,6482,1331315
2019-06-26,6438,6464,6419,6438,389568
2019-06-27,6438,6425,6314,6349,873525
2019-06-28,6349,6484,6394,6415,670700
2019-07-01,6526,6530,6442,6482,640739
2019-07-02,6482,6454,6387,6415,388434
2019-07-03,6438,6450,6362,6393,643573
2019-07-04,6415,6520,6431,6482,925764
2019-07-05,6504,6503,6437,6482,799873
2019-07-08,6482,6510,6400,6438,428679
2019-07-09,6438,6659,6480,6615,2778824
2019-07-10,6615,6629,6540,6571,1121395
2019-07-11,6571,6761,6583,6704,2082872
2019-07-12,6726,6722,6633,6682,888185
2019-07-15,6682,6693,6626,6660,933272
2019-07-16,6660,6745,6657,6704,1196262
2019-07-17,6704,6870,6715,6815,2508774
2019-07-18,6748,6871,6737,6837,1601573
2019-07-19,7104,7095,6829,6926,2877999
2019-07-22,7614,7604,6806,6882,1903199
2019-07-23,6882,6893,6804,6837,1951764
2019-07-24,6837,6919,6741,6815,3961188
2019-07-25,6869,6955,6840,6840,2097782
2019-07-26,6869,6869,6724,6753,1052101
2019-07-29,6695,6753,6609,6638,1258626
2019-07-30,6580,6724,6580,6609,1100105
2019-07-31,6667,6667,6551,6580,893714
2019-08-01,6551,6638,6465,6493,1903052
2019-08-02,6493,6522,6349,6436,1774559
2019-08-05,6436,6436,6291,6349,2538864
2019-08-06,5916,6320,5916,6262,1820835
2019-08-07,6291,6349,6234,6234,1031673
2019-08-08,5945,6349,5772,6349,1066927
2019-08-09,6176,6436,6176,6320,726110
2019-08-12,6349,6349,6291,6349,578401
2019-08-13,6320,6349,6234,6320,574727
2019-08-14,6349,6407,6262,6262,906910
2019-08-15,6262,6262,6147,6262,1470311
2019-08-16,6320,6378,6205,6320,1536110
2019-08-19,6349,6436,6320,6349,1209980
2019-08-20,6378,6436,6378,6407,1318890
2019-08-21,6407,6465,6378,6436,2791144
2019-08-22,6493,6580,6465,6551,1653260
2019-08-23,6551,6580,6465,6522,815330
2019-08-26,6493,6493,6378,6493,1015427
2019-08-27,6465,6522,6436,6493,1016097
2019-08-28,6465,6493,6407,6407,513225
2019-08-29,6436,6465,6349,6378,636900
2019-08-30,6436,6493,6378,6407,544010
2019-09-03,6407,6465,6320,6378,484897
2019-09-04,6378,6378,6291,6349,365320
2019-09-05,6378,6378,6320,6349,625327
2019-09-06,6349,6378,6262,6320,516662
2019-09-09,6291,6349,6262,6320,369511
2019-09-10,6320,6320,6234,6262,821441
2019-09-11,6262,6291,6234,6291,429890
2019-09-12,6320,6407,6291,6407,622048
2019-09-13,6436,6522,6378,6522,1325067
2019-09-16,6522,6551,6436,6465,1238267
2019-09-17,6465,6465,6378,6436,1189898
2019-09-18,6436,6522,6407,6465,1542208
2019-09-19,6465,6695,6436,6667,3421555
2019-09-20,6782,7330,6667,6695,2535289
2019-09-23,6695,6811,6667,6724,2878182
2019-09-24,6724,6753,6667,6695,1324749
2019-09-25,6667,6695,6609,6638,1522720
2019-09-26,6638,6724,6609,6724,2320597
2019-09-27,7215,7215,6695,6695,2163685
2019-09-30,6724,6811,6695,6753,2304040
2019-10-01,6753,6840,6724,6840,1846967
2019-10-02,6782,6869,6782,6811,2160049
2019-10-03,6782,6811,6724,6811,1856827
2019-10-04,6811,6869,6782,6811,1582366
2019-10-07,6811,6811,6695,6695,1931392
2019-10-08,6695,6753,6667,6724,1159716
2019-10-09,6753,6840,6724,6840,1715656
2019-10-10,6840,7013,6840,6926,4857384
2019-10-11,6926,6984,6897,6926,1525076
2019-10-14,6926,7071,6926,7071,3538655
2019-10-15,7071,7099,7013,7042,2327203
2019-10-16,7071,7099,7042,7042,2073772
2019-10-17,7013,7042,6955,7042,1915729
2019-10-18,7071,7071,6926,6955,1865732
2019-10-21,6926,6984,6753,6753,2742188
2019-10-22,6753,6782,6724,6782,1660272
2019-10-23,6782,6840,6782,6782,983685
2019-10-24,6811,6811,6753,6811,921275
2019-10-25,6811,6811,6753,6811,1105479
2019-10-28,6811,6897,6811,6840,1090296
2019-10-29,6869,6897,6811,6840,1702377
2019-10-30,6869,7042,6811,7013,7431303
2019-10-31,7013,7042,6493,6955,1293107
2019-11-01,6840,7013,6840,6984,1907428
2019-11-04,6984,7128,6984,7099,3939389
2019-11-05,7128,7186,7099,7099,3578931
2019-11-06,7157,7157,7071,7099,2507149
2019-11-07,7099,7128,7071,7099,2102499
2019-11-08,7186,7244,7099,7157,3921492
2019-11-11,7157,7186,7128,7128,1719955
2019-11-12,7128,7128,7071,7128,1574994
2019-11-13,7128,7301,7128,7215,3575361
2019-11-14,7215,7244,7071,7071,2291325
2019-11-15,7042,7099,7042,7042,1652242
2019-11-18,7042,7071,6926,6955,2764302
2019-11-19,6955,6984,6926,6984,1398481
2019-11-20,7013,7013,6897,6897,1357644
2019-11-21,6349,6955,6349,6926,1782516
2019-11-22,6926,6926,6667,6695,3363603
2019-11-25,6724,6811,6695,6753,1949233
2019-11-26,6782,6840,6782,6811,577968
2019-11-27,6811,6840,6695,6695,952900
2019-11-28,6724,6724,6580,6609,1688171
2019-11-29,6609,6667,6580,6667,800193
2019-12-02,6667,6695,6493,6522,1640609
2019-12-03,6551,6609,6465,6522,1422078
2019-12-04,6551,6667,6493,6667,1314925
2019-12-05,6695,6695,6609,6638,1242216
2019-12-06,6638,6667,6609,6638,698762
2019-12-09,6638,6638,6551,6609,814425
2019-12-10,6609,6638,6522,6580,573899
2019-12-11,6580,6609,6522,6609,785569
2019-12-12,6609,6667,6609,6638,656342
2019-12-13,6638,6724,6638,6695,1445939
2019-12-16,6695,6695,6638,6638,951838
2019-12-17,6638,6638,6580,6580,940104
2019-12-18,6551,6580,6493,6493,1132793
2019-12-19,6522,6522,6465,6493,625416
2019-12-20,6522,6551,6493,6551,1043390
2019-12-23,6551,6638,6551,6580,1786089
2019-12-24,6609,6609,6551,6551,821359
2019-12-25,6580,6609,6522,6609,1121331
2019-12-26,6580,6580,6522,6522,893827
2019-12-27,6522,6551,6493,6551,906262
2019-12-30,6551,6609,6522,6551,1367912
2019-12-31,6551,6609,6493,6580,1649842
2020-01-02,6580,6638,6551,6638,1163109
2020-01-03,6638,6695,6609,6638,1055528
2020-01-06,6638,6638,6493,6493,1286035
2020-01-07,6493,6551,6493,6493,1050934
2020-01-08,6493,6493,6349,6378,2304937
2020-01-09,6407,6522,6407,6465,1422248
2020-01-10,6493,6667,6493,6551,2371501
2020-01-13,6609,6609,6551,6609,1523181
2020-01-14,6609,6782,6609,6782,2851982
2020-01-15,6782,6782,6695,6724,1158657
2020-01-16,6724,6926,6724,6897,2819687
2020-01-17,6926,6955,6840,6869,2706194
2020-01-20,6869,7128,6869,7013,4443379
2020-01-21,7071,7128,7013,7071,1775816
2020-01-22,7099,7099,7013,7071,1574379
2020-01-30,6984,7013,6695,6811,4250097
2020-01-31,6782,6869,6609,6638,4243264
2020-02-03,6436,6638,6262,6522,4430186
2020-02-04,6609,6695,6493,6695,2397062
2020-02-05,6753,6782,6609,6638,2790275
2020-02-06,6667,6926,6638,6926,2980981
2020-02-07,6926,6955,6811,6869,2007251
2020-02-10,6869,6897,6753,6811,1271190
2020-02-11,6811,6869,6782,6840,1862090
2020-02-12,6869,7417,6869,7388,10516207
2020-02-13,7388,7417,7244,7359,3773365
2020-02-14,7359,7734,7359,7619,8018099
2020-02-17,7590,7705,7503,7619,3764464
2020-02-18,7619,7821,7590,7677,6293208
2020-02-19,7648,7705,7475,7590,5091969
2020-02-20,7590,7792,7532,7619,5578717
2020-02-21,7186,7677,7186,7417,6333926
2020-02-24,7359,7388,6869,6926,10321149
2020-02-25,6782,7244,6667,7244,8279866
2020-02-26,7215,7244,7013,7099,4519324
2020-02-27,6984,7359,6984,7359,5309790
2020-02-28,6638,7301,6638,7273,5959642
2020-03-02,7042,7359,7042,7273,3629494
2020-03-03,7388,7475,7301,7388,6364207
2020-03-04,7388,7446,7301,7446,5047583
2020-03-05,7503,7619,7330,7388,5965022
2020-03-06,7359,7359,7244,7301,3959935
2020-03-09,7128,7128,6638,6724,16776046
2020-03-10,6638,7157,6609,6984,7582331
2020-03-11,7013,7042,6638,6753,7841324
2020-03-12,6638,6638,6205,6378,11082125
2020-03-13,6205,6493,5916,6349,9020091
2020-03-16,6349,6436,5974,6032,4614344
2020-03-17,6003,6176,5801,6089,6568088
2020-03-18,6147,6234,6032,6118,4944595
2020-03-19,6060,6147,5974,6089,4083896
2020-03-20,6695,6695,6060,6176,3341564
2020-03-23,6118,6176,5570,5570,10024177
2020-03-24,5512,5743,5512,5656,4315784
2020-03-25,5772,6003,5772,5916,4115341
2020-03-26,5945,5945,5685,5685,3631529
2020-03-27,5685,5801,5628,5685,3980631
2020-03-30,5628,5628,5166,5252,5925098
2020-03-31,5252,5426,5022,5137,4532153
2020-04-01,4646,5483,4646,5368,2761168
2020-04-03,5224,5599,5224,5512,3574343
2020-04-06,5599,6003,5512,5945,5757259
2020-04-07,6060,6060,5772,5858,4467621
2020-04-08,6436,6436,5685,5830,2331536
2020-04-09,6407,6407,5772,5772,4068966
2020-04-10,5483,5830,5483,5714,2517477
2020-04-13,5166,5887,5166,5772,1926793
2020-04-14,5772,5830,5685,5772,3167293
2020-04-15,5772,5974,5772,5830,3686239
2020-04-16,5830,5887,5801,5887,1895213
2020-04-17,5916,6089,5916,6060,4809341
2020-04-20,6118,6118,5945,5974,3064104
2020-04-21,5945,5945,5685,5714,6015799
2020-04-22,5714,5887,5599,5887,2637424
2020-04-23,5916,6003,5858,5858,2076603
2020-04-24,5830,5887,5772,5858,1264729
2020-04-27,5858,5945,5772,5801,1806851
2020-04-28,5801,5887,5772,5858,1246915
2020-04-29,5858,5916,5830,5916,1196049
2020-05-04,5916,5916,5801,5858,1193939
2020-05-05,5830,5887,5830,5858,1126770
2020-05-06,5887,6118,5830,6003,4453036
2020-05-07,6032,6118,6003,6118,2973997
2020-05-08,6147,6320,6060,6176,5995918
2020-05-11,6320,6320,6176,6262,4108808
2020-05-12,6262,6349,6176,6291,4057939
2020-05-13,6349,6349,6205,6262,3453900
2020-05-14,6262,6291,6176,6176,3827622
2020-05-15,6205,6407,6176,6262,6937907
2020-05-18,6320,6320,6176,6291,2771622
2020-05-19,6349,6493,6349,6407,5561531
2020-05-20,6378,6465,6349,6407,3116422
2020-05-21,6407,6551,6320,6465,4622625
2020-05-22,6493,6551,6436,6465,4841440
2020-05-25,6493,6551,6436,6522,3519682
2020-05-26,6493,6782,6493,6724,5267006
2020-05-27,6782,6840,6580,6580,6389497
2020-05-28,6580,6695,6580,6609,3568932
2020-05-29,6609,6638,6551,6609,2394358
2020-06-01,6638,7244,6609,7244,13859688
2020-06-02,7359,7648,7157,7157,10935462
2020-06-03,7157,7359,7157,7359,3758964
2020-06-04,7388,7417,7273,7301,5159832
2020-06-05,7330,7330,7186,7273,4025847
2020-06-08,7273,7503,7273,7330,6087882
2020-06-09,7359,7388,7273,7359,3531851
2020-06-10,7359,7475,7273,7388,6494275
2020-06-11,7388,7446,7042,7071,9172138
2020-06-12,6926,7071,6753,7071,6648375
2020-06-15,7128,7128,6695,6724,5885937
2020-06-16,6811,6984,6811,6869,4198360
2020-06-17,7013,7013,6782,6840,1599340
2020-06-18,6840,6897,6753,6869,1301526
2020-06-19,6869,7071,6869,7042,2334941
2020-06-22,7042,7128,6926,6955,2256643
2020-06-23,6984,7042,6897,6926,3282364
2020-06-24,6926,7013,6840,6869,3013466
2020-06-25,6840,6869,6782,6840,2500893
2020-06-26,6869,6926,6811,6811,1400341
2020-06-29,6811,6811,6551,6609,4353272
2020-06-30,6638,6724,6465,6580,3585625
2020-07-01,6580,6724,6580,6695,1676001
2020-07-02,6695,6753,6638,6667,1070089
2020-07-03,6695,6724,6638,6638,1271360
2020-07-06,6638,6840,6638,6811,3204367
2020-07-07,6840,6926,6840,6840,2389942
2020-07-08,6811,6926,6811,6897,1647694
2020-07-09,6897,7013,6897,7013,2248695
2020-07-10,7013,7042,6869,6926,2284971
2020-07-13,6955,6984,6869,6897,1840084
2020-07-14,6897,6955,6840,6926,1406915
2020-07-15,6984,6984,6926,6926,1570073
2020-07-16,6984,6984,6897,6926,903322
2020-07-17,6955,7215,6926,7157,7890281
2020-07-20,7157,7186,7071,7071,2622350
2020-07-21,7071,7099,6984,7099,2194410
2020-07-22,7099,7157,6984,7042,1726317
2020-07-23,7042,7042,6926,6984,1955757
2020-07-24,7013,7013,6493,6695,5532575
2020-07-27,6032,6609,6032,6291,6240477
2020-07-28,6291,6609,6205,6609,2598740
2020-07-29,6551,6580,6234,6407,4929532
2020-07-30,6262,6522,6262,6522,1914488
2020-07-31,6551,6551,6378,6493,2220749
2020-08-03,6378,6695,6378,6695,3044620
2020-08-04,6724,6897,6724,6840,2907562
2020-08-05,6897,7042,6840,6926,5472736
2020-08-06,6955,6955,6840,6869,1874899
2020-08-07,6897,6955,6782,6840,2150978
2020-08-10,6840,6955,6840,6869,2576760
2020-08-11,6926,7330,6897,7330,15333430
2020-08-12,7446,7475,7273,7330,6091725
2020-08-13,7330,7388,7301,7359,3803166
2020-08-14,7359,7359,7215,7301,6682494
2020-08-17,7301,7446,7273,7446,6222301
2020-08-18,7503,7532,7388,7388,4710796
2020-08-19,7417,7446,7330,7388,9263369
2020-08-20,7729,7954,7504,7804,19475136
2020-08-21,7804,7954,7729,7954,7392791
2020-08-24,7954,8067,7879,7879,6821518
2020-08-25,7879,7954,7804,7916,7801079
2020-08-26,7916,7991,7841,7954,6018699
2020-08-27,7954,8067,7916,8067,4863627
2020-08-28,8104,8179,7991,8029,6947593
2020-08-31,8029,8067,7916,7954,7008237
2020-09-01,7954,7991,7879,7916,7822064
2020-09-03,7916,8029,7879,7954,6080561
2020-09-04,7879,7954,7804,7916,4665691
2020-09-07,7916,7954,7804,7804,6067374
2020-09-08,7804,7841,7729,7729,12273484
2020-09-09,7729,7841,7616,7841,5021412
2020-09-10,7841,7954,7841,7841,3249267
2020-09-11,7841,7879,7766,7804,2350091
2020-09-14,7804,7991,7804,7954,5275848
2020-09-15,7954,8029,7916,7991,4632880
2020-09-16,7954,7991,7916,7954,2194115
2020-09-17,7991,8179,7916,8067,12323866
2020-09-18,8067,8142,8029,8142,3280690
2020-09-21,8179,8367,8104,8254,7244851
2020-09-22,8254,8367,8142,8367,8818518
2020-09-23,8367,8554,8367,8442,6511427
2020-09-24,8404,8479,8254,8329,5599785
2020-09-25,8329,8404,8217,8329,6416344
2020-09-28,8329,8554,8329,8479,8207740
2020-09-29,8517,8554,8367,8404,5923046
2020-09-30,8404,8442,8329,8442,3624221
2020-10-01,8367,8554,8329,8442,6510267
2020-10-02,8404,8817,8404,8629,23518516
2020-10-05,8629,8854,8592,8854,12875000
2020-10-06,8854,9080,8854,9004,10965000
2020-10-07,9004,9042,8742,8779,17681800
2020-10-08,8704,8892,8629,8704,13890500
2020-10-09,8704,8929,8667,8817,8717300
2020-10-12,8892,8929,8742,8742,8642000
2020-10-13,8779,8779,8667,8779,5319900
2020-10-14,8817,9042,8779,9004,20284500
2020-10-15,9004,9305,8967,9192,16334800
2020-10-16,9192,9380,9080,9267,8711000
2020-10-19,9380,9642,9342,9492,14148600
2020-10-20,9530,9605,9380,9492,11356300
2020-10-21,9530,9605,9455,9455,8864800
2020-10-22,9492,9755,9380,9605,9439500
2020-10-23,9680,9717,9567,9605,8023000
2020-10-26,9605,9680,9305,9305,11660700
2020-10-27,9267,9342,9155,9155,11720500
2020-10-28,9155,9192,8892,8929,14911600
2020-10-29,8854,9117,8704,8967,8510000
2020-10-30,9042,9117,8929,9042,4392700
2020-11-02,9080,9192,9004,9192,3775100
2020-11-03,9192,9455,9192,9380,7704400
2020-11-04,9417,9642,9417,9567,12599900
2020-11-05,9567,9642,9342,9342,8546200
2020-11-06,9342,9417,9305,9417,3669400
2020-11-09,9417,9567,9417,9530,5897700
2020-11-10,9642,9755,9492,9492,8852600
2020-11-11,9492,9567,9455,9530,4525100
2020-11-12,9530,9905,9530,9905,18943100
2020-11-13,9905,10018,9867,9942,6222800
2020-11-16,9942,10055,9830,9830,8979100
2020-11-17,9830,10205,9830,10205,16771100
2020-11-18,10205,10393,10093,10205,7919600
2020-11-19,10243,10318,10130,10205,6411600
2020-11-20,10243,10280,10055,10243,9590800
2020-11-23,10318,10355,10130,10243,10891200
2020-11-24,10243,10430,10168,10243,10353900
2020-11-25,10243,10355,10168,10243,6484600
2020-11-26,10243,10393,10130,10280,10030200
2020-11-27,10318,10355,10205,10205,5460400
2020-11-30,10280,10280,10130,10205,8939000
2020-12-01,10205,10243,10055,10243,9242900
2020-12-09,10543,10862,10430,10712,24200930
2020-12-10,10805,10805,10468,10486,9233750
2020-12-11,10543,10599,10430,10580,4459820
2020-12-14,10618,10693,10543,10580,7325960
2020-12-15,10580,10599,10468,10505,7305490
2020-12-16,10524,10674,10505,10599,10461450
2020-12-17,10543,10824,10524,10618,13567290
2020-12-18,10674,10749,10618,10655,11693630
2020-12-21,10693,10993,10637,10862,22481640
2020-12-22,10862,10880,10730,10787,7573290
2020-12-23,10805,10824,10505,10543,11216860
2020-12-24,10543,10618,9942,10243,15831250
2020-12-25,10243,10505,10205,10486,9194080
2020-12-28,10618,10618,10374,10430,6223680
2020-12-29,10430,10486,10355,10393,6501920
2020-12-30,10411,10580,10411,10430,6741290
2020-12-31,10468,10618,10449,10543,6774680
2021-01-04,10712,10824,10693,10749,10776300
2021-01-05,10730,11106,10618,11012,18693900
2021-01-06,11143,11481,10993,11218,15883900
2021-01-07,11237,11256,11106,11218,11636100
2021-01-08,11237,11406,11181,11331,15519300
2021-01-11,11443,11593,11312,11387,9821800
2021-01-12,11349,11368,11237,11293,9277600
2021-01-13,11368,11387,11143,11199,9915300
2021-01-14,11218,11218,10955,11199,8491200
2021-01-15,11256,11406,11237,11349,8184100
2021-01-18,11387,11443,11218,11237,8419100
2021-01-19,11181,11218,10468,10468,13077400
2021-01-20,10505,10618,9867,10618,12323000
2021-01-21,10824,10918,10637,10862,6535000
2021-01-22,10843,10918,10693,10749,5438100
2021-01-25,10618,10693,10524,10543,7683600
2021-01-26,10524,10749,10318,10430,8096200
2021-01-27,10430,10637,10205,10318,6387700
2021-01-28,9755,10018,9605,9605,15154800
2021-01-29,9192,10093,9192,10055,7621200
2021-02-01,10055,10280,9867,9999,7528200
2021-02-02,9999,10280,9886,10261,6544600
2021-02-03,10261,10580,10205,10543,7054500
2021-02-04,10543,10580,10430,10580,4250800
2021-02-05,10580,10749,10562,10693,5610600
2021-02-08,10693,10787,10205,10318,5755400
2021-02-09,10318,10712,10243,10712,5954800
2021-02-17,10805,11068,10768,11031,6855800
2021-02-18,11031,11049,10805,10937,5547900
2021-02-19,10880,11687,10843,11668,31184200
2021-02-22,11800,12081,11668,11856,12587300
2021-02-23,11950,12100,11800,11893,13951000
2021-02-24,11893,11950,11631,11706,18685200
2021-02-25,11818,12175,11668,12156,15014200
2021-02-26,11968,12512,11968,12400,13071400
2021-03-01,12531,12550,12344,12475,8464900
2021-03-02,12531,12550,12306,12381,9574100
2021-03-03,12344,12550,12269,12475,9072300
2021-03-04,12531,12531,12025,12156,9814000
2021-03-05,12044,12231,11856,12175,10157000
2021-03-08,12194,12269,11837,11931,16047000
2021-03-09,11781,12119,11668,12025,8819900
2021-03-10,12044,12456,11968,12287,12152700
2021-03-11,12381,12419,12287,12381,7124300
2021-03-12,12381,12400,12250,12362,5195500
2021-03-15,12381,12700,12231,12569,18052500
2021-03-16,12531,12644,12400,12550,6112900
2021-03-17,12531,12588,12456,12569,6246400
2021-03-18,12719,12850,12569,12738,10281900
2021-03-19,12719,12831,12644,12681,7108900
2021-03-22,12775,12794,12512,12531,8706000
2021-03-23,12588,12588,12306,12381,10347000
2021-03-24,12156,12287,12025,12175,9941600
2021-03-25,12194,12231,11968,12025,8322000
2021-03-26,12006,12175,11762,12175,7931700
2021-03-29,12344,12419,12156,12381,6981300
2021-03-30,12419,12569,12287,12494,8053200
2021-03-31,12569,12681,12475,12494,4986100
2021-04-01,12550,12700,12494,12700,10439300
2021-04-02,12831,13132,12756,13000,13979400
2021-04-05,13169,13244,12981,13038,7433500
2021-04-06,13019,13113,12813,13038,7565000
2021-04-07,12944,13019,12869,12906,6400900
2021-04-08,12888,13019,12831,12906,4687900
2021-04-09,12888,12981,12831,12906,5401500
2021-04-12,12981,13207,12925,13188,12513500
2021-04-13,13263,13319,12906,12981,8736000
2021-04-14,12869,13038,12813,12981,5073300
2021-04-15,13000,13019,12681,12700,9686700
2021-04-16,12681,12775,12269,12419,8403400
2021-04-19,12569,12663,12306,12644,4291900
2021-04-20,12756,12906,12456,12606,7166900
2021-04-22,12569,12606,12194,12194,7843500
2021-04-23,12156,12550,12044,12531,6687700
2021-04-26,12531,12531,12231,12494,7119100
2021-04-27,12381,12756,12250,12756,6393000
2021-04-28,12569,12869,12531,12681,5675200
2021-04-29,12681,13000,12606,13000,16646300
2021-05-04,12756,13038,12569,12925,9333200
2021-05-05,12981,13450,12981,13244,17558400
2021-05-06,13244,13263,13000,13057,7783800
2021-05-07,12944,13282,12944,13207,12059100
2021-05-10,13225,13638,13207,13582,13491300
2021-05-11,13657,13657,13432,13432,9777000
2021-05-12,13338,13563,13282,13563,8991300
2021-05-13,13432,13863,13394,13582,11724300
2021-05-14,13657,13769,13526,13676,6118400
2021-05-17,13882,13957,13676,13713,9278700
2021-05-18,13732,13732,13469,13601,7881100
2021-05-19,13582,13769,13469,13732,8143500
2021-05-20,13732,14070,13732,14032,12263200
2021-05-21,14032,14370,13994,14070,9146500
2021-05-24,14201,14201,13976,14070,7546600
2021-05-25,14070,14351,13994,14257,8757400
2021-05-26,14276,14501,14276,14426,9976000
2021-05-27,14445,14689,14220,14332,9551700
2021-05-28,14351,14595,14276,14595,9416000
2021-05-31,14820,15552,14632,15533,16030300
2021-06-01,15945,16096,15758,15795,11159800
2021-06-02,16002,16733,15945,16733,16009600
2021-06-03,17371,17371,16733,17221,12265700
2021-06-04,16883,17221,16883,16996,9488100
2021-06-07,16846,16846,15852,16133,18505000
2021-06-08,15964,16283,15083,15083,14322800
2021-06-09,15083,15983,15007,15927,12565100
2021-06-10,16180,16579,15992,15992,14000300
2021-06-11,16133,16461,15852,16250,9532300
2021-06-14,16250,16368,15875,15992,10946100
2021-06-15,15992,16977,15711,16579,18178200
2021-06-16,16579,16625,16180,16274,8211200
2021-06-17,15945,16414,15805,16368,6392600
2021-06-18,16508,16649,16368,16414,9215200
2021-06-21,16368,16508,16250,16297,5447600
2021-06-22,16508,16883,16344,16719,14872000
2021-06-23,16837,17071,16743,16790,10244600
2021-06-24,16883,17094,16696,16977,11494200
2021-06-25,16977,17165,16907,17048,7934000
2021-06-28,17212,17259,17024,17212,7937700
2021-06-29,17306,17329,17094,17094,6677700
2021-06-30,17048,17118,16696,16743,9628000
2021-07-01,16672,16977,16461,16860,10393200
2021-07-02,17024,17071,16883,16930,6407100
2021-07-05,17024,17868,16837,17798,16668600
2021-07-06,17821,17915,16883,16883,10070000
2021-07-07,16883,17306,16461,17141,10121600
2021-07-08,17141,17446,16883,16977,7351900
2021-07-09,16883,17165,15945,16508,11315400
2021-07-12,16180,16297,15359,15359,18353700
2021-07-13,15617,15617,15148,15430,6672200
2021-07-14,15430,15476,14585,14890,10810500
2021-07-15,14726,15453,14703,15359,5095400
2021-07-16,15547,15758,15383,15758,5918800
2021-07-19,15430,15547,14984,15078,10019200
2021-07-20,15242,15899,15007,15899,8563400
2021-07-21,15969,16180,15828,15852,8179300
2021-07-22,15852,16133,15570,15992,7161900
2021-07-23,15899,16016,15476,15476,7433000
2021-07-26,15289,15523,15031,15336,7528400
2021-07-27,15500,15711,15476,15547,5634700
2021-07-28,15570,15758,15500,15547,4846400
2021-07-29,15688,16039,15617,16016,7638000
2021-07-30,16086,16954,16086,16954,35156000
2021-08-02,16649,16883,16579,16672,8646400
2021-08-03,16625,16790,16414,16790,8766300
2021-08-04,16883,16883,16555,16649,8466500
2021-08-05,16579,16930,16555,16883,13787200
2021-08-06,16930,16954,16625,16672,8620800
2021-08-09,16602,17282,16485,17118,19240200
2021-08-10,17259,17282,16977,17118,10457700
2021-08-11,17118,17235,16883,16883,16492300
2021-08-12,16790,16883,16555,16555,12147100
2021-08-13,16508,16625,16086,16579,15125200
2021-08-16,16579,16883,16321,16743,12056700
2021-08-17,16883,16977,16602,16696,8743100
2021-08-18,16625,16790,16555,16672,7096100
2021-08-19,16649,16672,16391,16555,9370500
2021-08-20,16555,16579,15500,15758,20952900
2021-08-23,15711,15758,15007,15007,15602700
2021-08-24,15007,15242,14867,15148,9084200
2021-08-25,15101,15242,14961,15219,4865700
2021-08-26,15265,15289,14914,14984,4944800
2021-08-27,14867,14937,14445,14890,8069600
2021-08-30,14914,15195,14820,15078,8029600
2021-08-31,15242,15289,15007,15007,5528600
2021-09-01,15007,15359,14984,15007,8715300
2021-09-06,15101,15148,14984,15031,7383200
2021-09-07,15195,15359,15101,15242,7963700
2021-09-08,15242,15359,15054,15078,4752900
2021-09-09,15007,15219,14984,15219,3431900
2021-09-10,15242,15265,15125,15148,4101100
2021-09-13,15148,15148,14961,14961,5199800
2021-09-14,14937,15007,14773,14773,4511400
2021-09-15,14773,14773,14609,14632,4979200
2021-09-16,14656,14796,14632,14679,3455500
2021-09-17,14820,14914,14703,14820,4572300
2021-09-20,15007,15148,14937,15054,6387800
2021-09-21,14914,15007,14750,14914,3882100
2021-09-22,14914,15007,14820,14820,2681700
2021-09-23,14867,14914,14773,14820,4210800
2021-09-24,14914,15078,14820,15007,6688700
2021-09-27,15101,15195,14773,14773,4801300
2021-09-28,14773,14890,14726,14820,2517400
2021-09-29,14820,14867,14609,14703,3615100
2021-09-30,14703,14820,14679,14796,4394800
2021-10-01,14773,14796,14585,14773,6441900
2021-10-04,14679,14726,14351,14539,5659000
2021-10-05,14539,14773,14539,14773,2912300
2021-10-06,14796,14843,14585,14703,3321300
2021-10-07,14773,14773,14632,14632,2161800
2021-10-08,14726,14796,14656,14750,3480900
2021-10-11,14820,15289,14820,15289,6684100
2021-10-12,15430,15430,15195,15289,3385300
2021-10-13,15289,15430,15242,15289,3709300
2021-10-14,15289,15336,15101,15148,4521600
2021-10-15,15242,15265,15054,15101,2976800
2021-10-18,15172,15289,15007,15007,4543400
2021-10-19,15195,15195,14961,15148,3615400
2021-10-20,15148,15312,14914,15148,3846400
2021-10-21,15148,15148,14890,14890,4132200
2021-10-22,14961,14984,14750,14820,3827100
2021-10-25,14867,14867,14585,14656,5200400
2021-10-26,14656,14656,14445,14585,5259100
2021-10-27,14609,14914,14609,14726,5828200
2021-10-28,14843,14937,14773,14937,4649100
2021-10-29,14937,15476,14890,15476,13597100
2021-11-01,15383,15430,15195,15336,5293300
2021-11-02,15336,15547,15265,15547,7009200
2021-11-03,15617,15992,15594,15875,13060100
2021-11-04,15969,15969,15688,15711,4197400
2021-11-05,15852,15852,15617,15711,3967400
2021-11-08,15711,15781,15570,15664,5385300
2021-11-09,15664,15852,15641,15688,5047900
2021-11-10,15711,15734,15547,15664,4367400
2021-11-11,15617,15734,15242,15476,7129400
2021-11-12,15476,15641,15312,15641,4376100
2021-11-15,15664,15758,15594,15664,4878900
2021-11-16,15641,15664,15383,15547,5211500
2021-11-17,15547,15711,15383,15617,4360500
2021-11-18,15711,15711,15242,15242,5497600
2021-11-19,15336,15899,15265,15688,9794000
2021-11-22,15711,16321,15476,16016,9151000
2021-11-23,16063,16086,15805,15922,3839600
2021-11-24,15899,16625,15828,16579,14295800
2021-11-25,16649,16672,16391,16485,7083400
2021-11-26,16485,16555,16227,16227,6209000
2021-11-29,15852,16086,15852,16016,6095500
2021-11-30,16133,16180,15570,15617,6145400
2021-12-01,15523,15711,15500,15711,3620400
2021-12-02,15758,15758,15570,15570,2645000
2021-12-03,15664,15734,15265,15265,4916300
2021-12-06,15148,15383,14843,15148,6499000
2021-12-07,15242,15453,15054,15453,2827600
2021-12-08,15312,15664,15265,15523,2900500
2021-12-09,15476,15617,15383,15617,2156000
2021-12-10,15570,15758,15523,15664,4730500
2021-12-13,15734,15852,15617,15664,3012700
2021-12-14,15617,15711,15523,15617,2128100
2021-12-15,15523,15734,15500,15664,2122900
2021-12-16,15711,15734,15476,15476,2305800
2021-12-17,15547,15617,15500,15570,2403500
2021-12-20,15570,15617,15406,15523,3296100
2021-12-21,15453,15453,15383,15383,2420400
2021-12-22,15312,15453,15312,15336,3385200
2021-12-23,15289,15312,15007,15242,4135300
2021-12-24,15242,15547,15101,15476,4372600
2021-12-27,15617,15617,15430,15547,2459500
2021-12-28,15547,15828,15500,15781,3477400
2021-12-29,15875,16039,15805,15852,3817200
2021-12-30,15805,15945,15711,15899,1819600
2021-12-31,15945,16203,15945,16180,5651800
2022-01-04,16321,16321,16063,16133,4555000
2022-01-05,16110,16110,15781,15805,5934500
2022-01-06,15711,15945,15523,15828,5673700
2022-01-07,15899,15922,15617,15617,3323800
2022-01-10,15476,15664,15453,15476,5693200
2022-01-11,15476,15500,15336,15359,6395100
2022-01-12,15336,15734,15265,15523,7789000
2022-01-13,15781,16063,15547,15641,6511900
2022-01-14,15641,15688,15476,15500,1941100
2022-01-17,15523,15781,15359,15359,7284700
2022-01-18,15359,15500,15148,15383,4272600
2022-01-19,15383,15617,15383,15476,2104000
2022-01-20,15476,15547,15336,15453,3415900
2022-01-21,15453,15945,15430,15688,4404000
2022-01-24,15711,16368,15711,16110,13185100
2022-01-25,16110,16438,16110,16344,4282700
2022-01-26,16414,16860,16414,16625,8494500
2022-01-27,16602,16602,16203,16368,6064400
2022-01-28,16368,16414,16133,16203,10258100
2022-02-07,16414,16485,16250,16274,4548000
2022-02-08,16274,16883,16274,16766,32461200
2022-02-09,16837,16860,16649,16696,10149700
2022-02-10,16696,16790,16579,16672,7632500
2022-02-11,16555,17048,16532,16743,9575200
2022-02-14,16602,16696,15945,15945,13153200
2022-02-15,15969,16180,15945,16180,6631900
2022-02-16,16274,16274,15945,16039,5099500
2022-02-17,16016,16157,15992,16086,3913100
2022-02-18,15992,16063,15805,15875,7318400
2022-02-21,15899,16133,15734,16133,7285100
2022-02-22,15945,16274,15758,16274,8094700
2022-02-23,16321,16461,16227,16227,5857600
2022-02-24,16110,16227,15688,16157,8892700
2022-02-25,16180,16297,16086,16110,5508400
2022-02-28,16086,16110,15899,15899,3857100
2022-03-01,15945,15945,15734,15875,5610900
2022-03-02,15805,15945,15430,15430,13881600
2022-03-03,15476,15688,15430,15688,8167100
2022-03-04,15664,16086,15476,16086,6925100
2022-03-07,15711,15852,15547,15594,4694500
2022-03-08,15476,15570,15265,15289,7221800
2022-03-09,15359,15453,15195,15336,4172000
2022-03-10,15476,15664,15430,15430,2199800
2022-03-11,15383,15453,15289,15336,2714900
2022-03-14,15242,15383,15219,15336,2724900
2022-03-15,15383,15547,15336,15383,2750200
2022-03-16,15430,15500,15312,15383,3294200
2022-03-17,15453,15476,15313,15383,2620300
2022-03-18,15476,15523,15383,15383,2597000
2022-03-21,15430,15476,15336,15453,3302500
2022-03-22,15476,15664,15476,15617,3324000
2022-03-23,15570,15664,15547,15570,2060000
2022-03-24,15500,15570,15406,15430,2873100
2022-03-25,15430,15547,15336,15336,3338200
2022-03-28,15336,15383,15148,15172,4875800
2022-03-29,15219,15312,15148,15172,3664900
2022-03-30,15195,15430,15148,15289,4154500
2022-03-31,15336,15570,15289,15500,5523400
2022-04-01,15500,15664,15476,15664,5865500
2022-04-04,15758,15805,15664,15711,4794400
2022-04-05,15664,15664,15453,15476,4508400
2022-04-06,15406,15617,15359,15570,4156600
2022-04-07,15664,16016,15594,15758,9648900
2022-04-08,15805,15945,15781,15875,8904400
2022-04-12,15875,15875,15641,15688,4923200
2022-04-13,15711,15875,15617,15781,5053900
2022-04-14,15781,16016,15758,15852,4900700
2022-04-15,15852,15945,15688,15734,5388100
2022-04-18,15711,15758,15383,15383,5946400
2022-04-19,15289,15383,14820,14843,5244400
2022-04-20,14867,15101,14843,14961,4490500
2022-04-21,15007,15242,14773,14773,5899800
2022-04-22,14867,15289,14867,15148,5188800
2022-04-25,15148,15219,14304,14304,8242600
2022-04-26,14304,14656,14070,14492,6106000
2022-04-27,14398,14632,14210,14492,2831800
2022-04-28,14351,14632,14351,14539,1503700
2022-04-29,14539,15336,14421,15336,4640900
2022-05-04,15125,15242,14890,14890,2060200
2022-05-05,15148,15148,14679,14867,3209000
2022-05-06,14632,14914,14468,14539,1920300
2022-05-09,14539,14539,13929,14351,5176200
2022-05-10,14210,14539,14023,14445,3850100
2022-05-11,14445,14820,14351,14820,2319300
2022-05-12,14398,14656,13835,13835,3128000
2022-05-13,14023,14210,12897,12897,6142600
2022-05-16,12967,13460,12897,12944,5137600
2022-05-17,12944,13765,12897,13718,2617900
2022-05-18,13929,13952,13507,13577,3521100
2022-05-19,13319,13601,13178,13413,1856400
2022-05-20,13413,13741,13413,13624,1936000
2022-05-23,13647,13741,13272,13343,1187500
2022-05-24,13507,13507,13202,13507,1574100
2022-05-25,13507,14070,13507,14070,3815600
2022-05-26,14257,14304,14070,14234,2690700
2022-05-27,14445,14914,14351,14914,4910800
2022-05-30,15007,15007,14773,14984,2244200
2022-05-31,14867,14914,14773,14796,2348500
2022-06-01,14914,14914,14585,14585,3523400
2022-06-02,15007,15213,14861,14861,3745600
2022-06-03,14949,15007,14597,14832,1409500
2022-06-06,14832,14978,14773,14832,1698800
2022-06-07,14832,14832,14245,14626,2255000
2022-06-08,14597,15066,14451,15066,4494800
2022-06-09,15125,15183,14685,15095,3388400
2022-06-10,14773,15125,14744,14773,2278300
2022-06-13,14656,14656,13952,14011,3830300
2022-06-14,14011,14333,13776,14128,2049600
2022-06-15,14333,14363,13542,13835,3633100
2022-06-16,13835,14128,13835,14128,1925600
2022-06-17,13776,13982,13395,13542,3160900
2022-06-20,13542,13776,13366,13425,3956000
2022-06-21,13190,13601,13190,13483,2676500
2022-06-22,13601,14011,13601,13923,2532000
2022-06-23,13718,13982,13513,13923,2140900
2022-06-24,13894,14070,13776,13952,1588100
2022-06-27,13952,14157,13864,14040,2447600
2022-06-28,13952,14539,13894,14363,2995800
2022-06-29,14187,14363,14070,14187,1960600
2022-06-30,14363,14363,14040,14070,2088400
2022-07-01,13982,14099,13776,14099,1851900
2022-07-04,14304,14363,14070,14216,1823900
2022-07-05,14333,14421,14216,14333,2991000
2022-07-06,14304,14363,13835,14187,2017800
2022-07-07,14245,14363,14128,14157,2496700
2022-07-08,14187,14304,14070,14070,2016000
2022-07-11,13982,14070,13776,13776,1634700
2022-07-12,13835,14070,13776,14070,728100
2022-07-13,14070,14304,13952,14070,2126200
2022-07-14,13952,14157,13952,14099,1429400
2022-07-15,14216,14333,14070,14070,2642300
2022-07-18,14128,14187,14011,14011,2425000
2022-07-19,14011,14040,13952,14011,1507000
2022-07-20,14128,14275,14011,14245,3039300
2022-07-21,14245,14597,14187,14451,4313000
2022-07-22,14451,14539,14275,14275,2039400
2022-07-25,14187,14304,14011,14099,1850700
2022-07-26,14070,14216,14070,14099,1484900
2022-07-27,14070,14187,14040,14187,890000
2022-07-28,14480,14480,14304,14333,3347500
2022-07-29,14392,14480,14333,14421,3817300
2022-08-01,14451,14656,14363,14656,4455500
2022-08-02,14656,14685,14480,14597,3391300
2022-08-03,14656,14685,14480,14626,6081900
2022-08-04,14656,14802,14597,14656,4390100
2022-08-05,14656,14656,14363,14568,3272800
2022-08-08,14539,14656,14451,14509,3202100
2022-08-09,14597,14656,14480,14626,3553300
2022-08-10,14626,14685,14509,14568,1987700
2022-08-11,14656,14714,14480,14509,3442200
2022-08-12,14480,14568,14421,14539,1460000
2022-08-15,14597,14744,14539,14626,3154600
2022-08-16,14597,14626,14451,14568,3234500
2022-08-17,14626,14656,14568,14626,3350600
2022-08-18,14626,14802,14539,14744,5981500
2022-08-19,14744,14744,14539,14568,1909000
2022-08-22,14539,14539,14421,14451,2239300
2022-08-23,14275,14539,14187,14539,2385000
2022-08-24,14480,14597,14451,14568,2704900
2022-08-25,14568,14656,14509,14656,3631800
2022-08-26,14714,14832,14509,14539,3878700
2022-08-29,14333,14480,14245,14392,3218300
2022-08-30,14421,14568,14392,14392,2016400
2022-08-31,14392,14509,14392,14451,1967000
2022-09-05,14392,14509,14333,14363,2307700
2022-09-06,14363,14480,14333,14451,2405200
2022-09-07,14363,14421,14245,14245,3214400
2022-09-08,14304,14333,14070,14070,2080700
2022-09-09,14187,14187,13923,14070,2227900
2022-09-12,14070,14187,13923,13923,1416163
2022-09-13,14011,14070,13835,13952,1486664
2022-09-14,13776,13835,13688,13776,2113996
2022-09-15,13835,13835,13747,13806,1595118
2022-09-16,13776,13835,13542,13571,2125534
2022-09-19,13571,13601,13307,13395,2564500
2022-09-20,13425,13454,13249,13425,1912949
2022-09-21,13395,13395,13249,13249,1295851
2022-09-22,13190,13366,13190,13366,1831367
2022-09-23,13278,13454,13249,13249,1469851
2022-09-26,13132,13190,12780,13014,4550765
2022-09-27,13014,13161,12956,13132,1472619
2022-09-28,12926,13044,12868,12897,2515887
2022-09-29,12985,12985,12838,12897,3857767
2022-09-30,12897,13161,12809,13014,4224536
2022-10-03,12926,13073,12487,12663,3661299
2022-10-04,12721,12868,12311,12311,3474571
2022-10-05,12369,12575,12194,12194,3258561
2022-10-06,12223,12428,11725,11725,2851382
2022-10-07,11461,11666,10904,10933,8488826
2022-10-10,10669,11197,10669,10963,6476351
2022-10-11,10963,10963,10230,10259,6437148
2022-10-12,10494,10963,10435,10963,3369758
2022-10-13,10963,11695,10845,11695,3904225
2022-10-14,12018,12252,11842,12223,3141938
2022-10-17,11900,12311,11871,12282,3758133
2022-10-18,12487,12604,12369,12545,2769943
2022-10-19,12663,12663,12311,12369,1447729
2022-10-20,12369,12604,12135,12516,4025173
2022-10-21,12516,12516,11871,11959,3387430
2022-10-24,11988,12018,11256,11431,2800249
2022-10-25,11549,12223,11226,11959,4929285
2022-10-26,12076,12252,11842,12106,2170486
2022-10-27,12135,12926,12018,12926,4850442
2022-10-28,13132,13219,12926,13073,3555046
2022-10-31,13102,13190,12692,13132,3749851
2022-11-01,13190,13483,13102,13161,3357810
2022-11-02,13132,13161,12780,12780,3540680
2022-11-03,12604,12897,12516,12516,3281353
2022-11-04,12516,12545,11695,11813,12618670
2022-11-07,12252,12311,11842,12106,4911998
2022-11-08,12076,12751,11813,12487,4069171
2022-11-09,12545,12721,12135,12164,3280774
2022-11-10,12106,12252,11431,11725,5466448
2022-11-11,12135,12428,11988,12194,4327549
2022-11-14,12018,12135,11695,11900,5259075
2022-11-15,11871,11988,11197,11197,6566069
2022-11-16,11080,11959,10494,11959,7401581
2022-11-17,12194,12516,12194,12340,4307090
2022-11-18,12194,12575,12076,12399,3539064
2022-11-21,12428,12428,12076,12076,2280525
2022-11-22,11959,12516,11930,11930,4429308
2022-11-23,11959,12282,11930,12106,2553956
2022-11-24,12076,12428,11959,12311,2308018
2022-11-25,12604,12604,12340,12604,2832003
2022-11-28,12663,13044,12633,13044,5245203
2022-11-29,13044,13044,12721,12985,3945669
2022-11-30,13044,13161,12780,12956,4121813
2022-12-01,13073,13395,12897,13190,6816917
2022-12-02,13190,13776,12985,13776,4796603
2022-12-05,13806,14070,13601,13835,4719103
2022-12-06,13835,13923,13073,13073,5161772
2022-12-07,13190,13190,12751,13073,3297157
2022-12-08,13161,13952,12956,13278,4799496
2022-12-09,13337,13601,13161,13513,3322163
2022-12-12,13513,13659,13190,13190,3184172
2022-12-13,13132,13513,13044,13513,2695070
2022-12-14,13542,13747,13337,13571,3294738
2022-12-15,13483,13776,13483,13601,4116001
2022-12-16,13483,13718,13395,13483,2221946
2022-12-19,13425,13630,13337,13337,3384971
2022-12-20,13337,13425,13014,13219,2569365
2022-12-21,13249,13483,13073,13366,1888423
2022-12-22,13483,13483,13337,13425,1959813
2022-12-23,13425,13425,13073,13425,1736555
2022-12-26,13425,13425,12956,12956,1779728
2022-12-27,12956,13249,12897,12956,2041994
2022-12-28,12956,13161,12868,12897,1827577
2022-12-29,12897,13132,12780,12897,1810363
2022-12-30,12897,13014,12780,12838,1340931
2023-01-03,12897,13307,12868,13307,1550148
2023-01-04,13395,13395,13219,13278,1643309
2023-01-05,13337,13483,13278,13395,2107285
2023-01-06,13366,13688,13249,13571,3407310
2023-01-09,13688,13688,13454,13542,1748795
2023-01-10,13630,13747,13454,13747,3062873
2023-01-11,13835,14333,13747,14187,5342324
2023-01-12,14187,14451,14187,14363,2883106
2023-01-13,14421,14539,14157,14157,2156614
2023-01-16,14157,14656,14157,14656,3541375
2023-01-17,14685,14920,14626,14832,3988618
2023-01-18,14832,15066,14714,14949,5439101
2023-01-19,14949,15242,14920,15242,5525817
2023-01-27,15447,15535,15183,15447,3758988
2023-01-30,15418,15447,14890,14890,5403319
2023-01-31,14890,15271,14656,15271,3485014
2023-02-01,15301,15389,14714,14773,3485902
2023-02-02,14744,15007,14539,14656,2886290
2023-02-03,14656,14802,14304,14363,9534382
2023-02-06,14304,14744,14157,14597,2397652
2023-02-07,14656,14714,14304,14421,2471469
2023-02-08,14539,14685,14392,14451,1924125
2023-02-09,14451,14714,14363,14363,3227424
2023-02-10,14421,14509,14187,14187,2009129
2023-02-13,14157,14157,13952,14011,2593039
2023-02-14,14128,14128,13952,13982,1439656
2023-02-15,14011,14451,13923,14392,3332041
2023-02-16,14539,14539,14304,14539,1625191
2023-02-17,14568,14626,14392,14539,1717468
2023-02-20,14480,15125,14451,15125,4907140
2023-02-21,15125,15242,14949,14949,1720729
2023-02-22,14773,14978,14568,14568,2654851
2023-02-23,14509,14949,14216,14890,3862411
2023-02-24,14656,14832,14392,14421,2228733
2023-02-27,14363,14421,14128,14216,3109431
2023-02-28,14363,14509,14216,14304,6149990
2023-03-01,14304,14773,14187,14744,2538293
2023-03-02,14656,14920,14656,14685,3339027
2023-03-03,14685,14832,14363,14363,2397060
2023-03-06,14568,14714,14245,14245,5225765
2023-03-07,14509,14656,14245,14363,4642941
2023-03-08,14216,14656,14216,14656,2786167
2023-03-09,14656,14920,14597,14861,3739916
2023-03-10,14685,14773,14509,14597,2423166
2023-03-13,14509,14626,14275,14363,4018921
2023-03-14,14392,14480,14040,14099,6767237
2023-03-15,14421,14539,14333,14539,1961634
2023-03-16,14363,14509,14157,14304,2499671
2023-03-17,14392,14451,14275,14275,1249647
2023-03-20,14187,14275,14070,14070,2457593
2023-03-21,14304,14304,13982,14187,1489101
2023-03-22,14275,14275,14099,14157,1862058
2023-03-23,14128,14421,14040,14363,7080550
2023-03-24,14421,14568,14363,14392,1683172
2023-03-27,14421,14509,14275,14333,2460164
2023-03-28,14451,14539,14333,14333,8288106
2023-03-29,14363,14421,14275,14304,15181219
2023-03-30,14421,14480,14392,14421,2122444
2023-03-31,14480,14802,14451,14656,5883708
2023-04-03,14802,14890,14656,14802,9968747
2023-04-04,14802,14861,14685,14744,7190534
2023-04-05,14714,14832,14685,14832,3320551
2023-04-06,14890,14920,14597,14597,4333371
2023-04-07,14626,14714,14597,14685,3144826
2023-04-10,14714,14744,14568,14656,3638803
2023-04-11,14597,14685,14480,14626,1598533
2023-04-12,14656,14685,14539,14568,3221563
2023-04-13,14626,14685,14568,14626,2520241
2023-04-14,14685,14714,14568,14626,5022906
2023-04-17,14626,14656,14539,14656,1649827
2023-04-18,14656,14656,14509,14509,2104707
2023-04-19,14539,14539,14304,14304,4596866
2023-04-20,14363,14392,14187,14216,2471896
2023-04-21,14245,14304,14216,14216,2473711
2023-04-24,14245,14333,14128,14187,2274897
2023-04-25,14245,14333,14128,14157,6174679
2023-04-26,14157,14187,14040,14157,3857901
2023-04-27,14187,14333,14128,14157,2182535
2023-04-28,14187,14304,14157,14187,9771508
2023-05-04,14245,14509,14245,14480,4305729
2023-05-05,14363,14509,14363,14451,2625328
2023-05-08,14451,14656,14421,14626,2305309
2023-05-09,14656,14685,14539,14597,3108187
2023-05-10,14597,14626,14539,14597,1961379
2023-05-11,14656,14714,14539,14597,2556201
2023-05-12,14656,14685,14539,14656,2348036
2023-05-15,14773,14832,14626,14656,6385662
2023-05-16,14656,14685,14597,14656,1463588
2023-05-17,14656,14744,14568,14597,3449491
2023-05-18,14597,14714,14568,14656,3353042
2023-05-19,14685,14685,14509,14626,4008117
2023-05-22,14656,14685,14597,14685,4585906
2023-05-23,14773,15007,14656,14861,21726379
2023-05-24,14949,14949,14626,14744,11051426
2023-05-25,14773,14773,14597,14714,8792333
2023-05-26,14773,14773,14626,14656,8563241
2023-05-29,14714,14832,14656,14744,16577082
2023-05-30,14832,14832,14656,14773,22599203
2023-05-31,14773,14890,14656,14890,29156480
2023-06-01,15089,15265,14914,15019,12769486
2023-06-02,15089,15510,15054,15300,15034657
2023-06-05,15440,15545,15194,15265,13849317
2023-06-06,15300,15335,15229,15300,9945382
2023-06-07,15300,15440,15300,15335,9182063
2023-06-08,15300,15370,15159,15159,9682980
2023-06-09,15194,15194,14949,15124,7469378
2023-06-12,15194,15194,14984,15054,4291860
2023-06-13,15089,15159,15019,15159,7973577
2023-06-14,15194,15370,15159,15194,8033115
2023-06-15,15194,15229,15124,15229,5407844
2023-06-16,15229,15510,15159,15300,14414202
2023-06-19,15300,15335,15159,15194,4660937
2023-06-20,15194,15229,15089,15194,5639608
2023-06-21,15159,15229,15124,15229,5484088
2023-06-22,15265,15370,15194,15194,7976555
2023-06-23,15229,15370,15159,15370,11435894
2023-06-26,15580,15791,15440,15615,11788268
2023-06-27,15826,15826,15580,15580,5623455
2023-06-28,15580,15721,15510,15651,8233359
2023-06-29,15651,15721,15370,15370,8154546
2023-06-30,15370,15475,15300,15475,5120663
2023-07-03,15475,15510,15405,15475,4031764
2023-07-04,15405,15475,15370,15440,4348820
2023-07-05,15440,15510,15405,15405,8126958
2023-07-06,15405,15440,15194,15229,6426967
2023-07-07,15229,15265,15089,15229,7145078
2023-07-10,15265,15510,15229,15405,9036932
2023-07-11,15651,15651,15405,15440,8851484
2023-07-12,15580,15580,15300,15335,5187652
2023-07-13,15440,15440,15300,15440,6743968
2023-07-14,15475,15510,15300,15440,6901344
2023-07-17,15475,15475,15370,15440,6536400
2023-07-18,15370,15440,15335,15440,6804309
2023-07-19,15440,15545,15405,15440,9572664
2023-07-20,15440,15475,15370,15440,6295568
2023-07-21,15440,15510,15370,15510,6693129
2023-07-24,15510,15580,15405,15475,6773899
2023-07-25,15440,15791,15440,15651,13720647
2023-07-26,15651,15756,15580,15651,5979075
2023-07-27,15651,15686,15475,15545,7216455
2023-07-28,15580,15721,15475,15580,8620038
2023-07-31,15791,16107,15756,16107,19225216
2023-08-01,16317,16317,15966,16037,13724041
2023-08-02,16001,16247,16001,16212,12414957
2023-08-03,16177,16493,16142,16458,17019126
2023-08-04,16563,17124,16317,17124,18679690
2023-08-07,16809,16879,16563,16668,28102625
2023-08-08,16703,16773,16352,16423,15277376
2023-08-09,16423,16563,16247,16282,15564910
2023-08-10,16317,16387,16072,16072,12699456
2023-08-11,16107,16142,15861,16072,9164105
2023-08-14,16072,16177,16001,16177,10446424
2023-08-15,16247,16317,16037,16037,6464684
2023-08-16,16037,16177,16001,16072,8402525
2023-08-17,16107,16142,15931,15931,10125955
2023-08-18,15931,15931,15370,15370,20459276
2023-08-21,15335,15580,15335,15440,7981455
2023-08-22,15510,15545,15159,15475,9072597
2023-08-23,15580,15651,15335,15335,5548662
2023-08-24,15335,15615,15335,15475,5315411
2023-08-25,15440,15475,15335,15405,5381608
2023-08-28,15440,15510,15405,15475,5160556
2023-08-29,15475,15580,15405,15475,5778718
2023-08-30,15475,15791,15475,15756,7229547
2023-08-31,15756,15861,15756,15861,7212305
2023-09-05,15931,16177,15896,15966,7634395
2023-09-06,15966,16107,15861,16107,4783873
2023-09-07,16142,16247,15966,16072,9860968
2023-09-08,16072,16107,15931,15966,5530112
2023-09-11,16001,16072,15615,15686,10542303
2023-09-12,15686,15966,15580,15966,6685987
2023-09-13,15966,16001,15756,15826,6942929
2023-09-14,15791,16001,15721,15756,6195761
2023-09-15,15861,15966,15756,15896,5253147
2023-09-18,15861,15896,15651,15756,4366920
2023-09-19,15756,15861,15615,15651,8083377
2023-09-20,15651,15826,15615,15756,5299737
2023-09-21,15721,15826,15686,15721,5430115
2023-09-22,15580,15791,15510,15651,9796600
2023-09-25,15651,15686,15440,15440,7626780
2023-09-26,15475,15615,15335,15370,9407620
2023-09-27,15370,15440,15265,15440,5688210
2023-09-28,15335,15440,15229,15265,4993734
2023-09-29,15300,15475,15300,15335,2341209
2023-10-02,15300,15405,15229,15370,3811689
2023-10-03,15300,15370,15159,15159,5510811
2023-10-04,15124,15229,15089,15159,3180528
2023-10-05,15265,15405,15159,15159,3353149
2023-10-06,15159,15370,15124,15300,2443603
2023-10-09,15229,15826,15229,15791,8982117
2023-10-10,15791,16037,15791,16001,6539860
2023-10-11,16001,16001,15826,15931,2847661
2023-10-12,15931,16072,15791,15931,5637015
2023-10-13,15861,15931,15791,15896,4694272
2023-10-16,15826,15931,15721,15861,4222196
2023-10-17,15861,15896,15756,15756,3659834
2023-10-18,15756,15756,15475,15475,6211436
2023-10-19,15475,15545,15300,15300,6211641
2023-10-20,15300,15510,15300,15370,3672592
2023-10-23,15510,15510,15229,15300,2400212
2023-10-24,15405,15510,15300,15370,2553217
2023-10-25,15580,15615,15370,15370,2489008
2023-10-26,15265,15265,14703,14808,12596859
2023-10-27,15054,15229,14879,15124,3182928
2023-10-30,15159,15194,14949,14949,3858926
2023-10-31,14984,15124,14914,15019,3491977
2023-11-01,15019,15194,14984,15159,4835157
2023-11-02,15265,15651,15159,15651,5152098
2023-11-03,15651,15721,15475,15475,4888965
2023-11-06,15580,15686,15510,15580,3792021
2023-11-07,15510,15615,15510,15510,2328126
2023-11-08,15510,16072,15475,16001,7915923
2023-11-09,16072,16072,15826,15826,4768580
2023-11-10,15721,15861,15615,15721,5051311
2023-11-13,15756,15861,15580,15756,3418479
2023-11-14,15756,16072,15756,15931,10306368
2023-11-15,16142,16493,16107,16317,32344213
2023-11-16,16317,16423,16212,16352,8085873
2023-11-17,16423,16423,15826,15931,12355370
2023-11-20,15721,16107,15545,15791,10211612
2023-11-21,15896,16001,15791,15861,3715213
2023-11-22,15791,15966,15686,15931,4395703
2023-11-23,15931,15966,15580,15580,5185123
2023-11-24,15651,15651,15300,15475,7901317
2023-11-27,15475,15510,15335,15335,3262375
2023-11-28,15370,15510,15229,15370,4189072
2023-11-29,15440,15686,15440,15475,4831388
2023-11-30,15475,15651,15405,15405,5245608
2023-12-01,15545,15545,15265,15405,5736667
2023-12-04,15475,15756,15440,15651,9044705
2023-12-05,15651,15756,15475,15545,3560224
2023-12-06,15545,15651,15440,15651,2794830
2023-12-07,15651,15791,15580,15721,7241320
2023-12-08,15721,15826,15651,15721,3815334
2023-12-11,15756,15791,15615,15721,2277359
2023-12-12,15756,15791,15651,15791,3230408
2023-12-13,15791,15826,15651,15651,3933379
2023-12-14,15721,15966,15651,15791,6949441
2023-12-15,15861,16037,15826,15966,6195129
2023-12-18,15931,16001,15896,16001,6390775
2023-12-19,16001,16212,16001,16177,11476459
2023-12-20,16177,16317,16177,16282,8865596
2023-12-21,16282,16317,16177,16317,7087055
2023-12-22,16282,16352,16282,16282,4512456
2023-12-25,16317,16458,16282,16387,7586810
2023-12-26,16423,16423,16317,16317,5731233
2023-12-27,16282,16423,16282,16352,4869398
2023-12-28,16352,16809,16352,16668,10526964
2023-12-29,16773,16914,16703,16773,9202991
2024-01-02,16809,17370,16809,17159,13896933
2024-01-03,17195,17546,17019,17546,9817807
2024-01-04,17686,18002,17616,17756,23605373
2024-01-05,17756,17861,17581,17861,9282598
2024-01-08,18037,18072,17686,17791,12398885
2024-01-09,17721,17791,17510,17546,15455964
2024-01-10,17686,17896,17546,17721,17610661
2024-01-11,17826,18072,17651,17721,9941849
2024-01-12,17651,18388,17581,18107,25574880
2024-01-15,18247,18247,17756,17756,11725544
2024-01-16,17826,17932,17581,17826,12385822
2024-01-17,17861,18107,17791,17826,9720759
2024-01-18,17861,18072,17791,17967,9616784
2024-01-19,18107,18212,18002,18212,12778025
2024-01-22,18388,18458,18107,18458,12010820
2024-01-23,18423,18563,18282,18282,11738886
2024-01-24,18282,18318,18037,18107,11347376
2024-01-25,18142,18177,17967,18107,5090360
2024-01-26,18142,18528,18142,18458,6861782
2024-01-29,18598,18598,18212,18212,9281301
2024-01-30,18282,18388,18177,18212,6383741
2024-01-31,18318,18318,17932,18072,12162755
2024-02-01,18037,18318,18037,18247,6284328
2024-02-02,18212,18458,18142,18423,14534871
2024-02-05,18423,19651,18353,19511,28138723
2024-02-06,19546,19581,19405,19546,5454327
2024-02-07,19546,19791,19546,19651,11903453
2024-02-15,19686,19932,19090,19090,14255094
2024-02-16,19300,19370,19160,19370,9502568
2024-02-19,19440,19440,19090,19440,11864502
2024-02-20,19300,19476,19195,19335,7321603
2024-02-21,19300,19581,19230,19440,10257725
2024-02-22,19440,19476,19300,19405,7407861
2024-02-23,19440,19932,19160,19160,25987605
2024-02-26,19160,19440,19019,19300,9791428
2024-02-27,19440,19440,19195,19370,12061563
2024-02-28,19405,19651,19335,19651,10465608
2024-02-29,19721,19826,19440,19651,9960379
2024-03-01,19651,19651,19335,19511,10201609
2024-03-04,19511,19791,19230,19511,13224034
2024-03-05,19511,19651,19335,19616,6339771
2024-03-06,19651,19756,19335,19370,9799350
2024-03-07,19370,19440,19230,19300,10171157
2024-03-08,19300,19405,18949,18984,23024715
2024-03-11,18984,19019,18704,18774,12023089
2024-03-12,18704,18844,18668,18774,8318885
2024-03-13,18774,19405,18774,19405,8940425
2024-03-14,19370,19370,18984,19125,8232737
2024-03-15,19125,19230,18949,19195,7828640
2024-03-18,19090,19195,18739,18879,14127772
2024-03-19,18809,18984,18774,18844,7125247
2024-03-20,18844,19440,18809,19300,14010312
2024-03-21,19440,19651,19335,19651,12824070
2024-03-22,19826,20318,19581,19756,22688584
2024-03-25,19686,19686,19300,19300,10196791
2024-03-26,19370,19616,19195,19616,6287467
2024-03-27,19616,19686,19370,19651,5962845
2024-03-28,19862,20072,19791,19897,12429800
2024-03-29,19932,20107,19756,20002,13496333
2024-04-01,19791,20002,19721,19967,6180472
2024-04-02,19862,19932,19581,19932,10414778
2024-04-03,19791,19932,19581,19651,10205483
2024-04-04,19686,19686,19335,19335,11161719
2024-04-05,19160,19230,19019,19054,12293515
2024-04-08,19054,19125,18914,19054,6874403
2024-04-09,19054,19160,18984,19160,5374934
2024-04-10,19265,19370,19019,19019,5127160
2024-04-11,18949,19054,18879,19054,11290085
2024-04-12,19090,19651,18949,19651,9772642
2024-04-15,19511,19651,18844,18844,16263243
2024-04-16,18844,19054,18774,19054,17356891
2024-04-17,19090,19125,18774,18774,10485319
2024-04-19,18668,18809,18563,18668,10866833
2024-04-22,18879,18914,18739,18809,6317643
2024-04-23,18809,18914,18633,18704,8544832
2024-04-24,18809,19019,18739,18984,6684776
2024-04-25,18949,18984,18774,18809,5144590
2024-04-26,18809,18949,18668,18844,5446804
2024-05-02,18844,19054,18809,18949,4801959
2024-05-03,19019,19300,19019,19300,8722742
2024-05-06,19300,19440,19195,19370,7449978
2024-05-07,19476,19511,19300,19405,4305048
2024-05-08,19300,19405,19160,19335,4040821
2024-05-09,19370,19511,19300,19370,4105414
2024-05-10,19370,19440,19265,19440,4913057
2024-05-13,19651,19651,19405,19440,5555670
2024-05-14,19440,19581,19405,19476,4474265
2024-05-15,19546,19546,19440,19440,7807457
2024-05-16,19651,19932,19511,19826,30211993
2024-05-17,19826,19932,19791,19826,8509864
2024-05-20,20002,20037,19791,19826,9339952
2024-05-21,19826,19862,19546,19791,10828854
2024-05-22,19791,19826,19581,19616,9288338
2024-05-23,19651,20002,19651,19967,10454272
2024-05-24,19967,21195,19826,20528,33867112
2024-05-27,20704,20949,20528,20669,7541858
2024-05-28,20844,20844,20563,20809,10694176
2024-05-29,20844,20879,20528,20528,13456310
2024-05-30,20458,20634,20248,20634,13118384
2024-05-31,20888,21138,20595,20595,11139289
2024-06-03,20762,20846,20553,20720,16257238
2024-06-04,20720,20720,20428,20470,9735560
2024-06-05,20679,20679,20303,20344,10801981
2024-06-06,20386,20470,20303,20344,8033240
2024-06-07,20512,20595,20303,20553,5892570
2024-06-10,20553,20637,20303,20386,7679882
2024-06-11,20386,20428,20136,20177,9213280
2024-06-12,20177,20512,19968,20512,10400953
2024-06-13,20512,20804,20386,20720,11727801
2024-06-14,20637,20804,20553,20553,11049165
2024-06-17,20553,20553,20261,20512,6375848
2024-06-18,20637,20637,20386,20512,5729760
2024-06-19,20512,20637,20261,20595,7618993
2024-06-20,20512,20762,20386,20720,10178313
2024-06-21,20762,20762,20470,20512,5126289
2024-06-24,20553,20553,19968,20136,14225312
2024-06-25,20052,20219,19968,20094,6708386
2024-06-26,20052,20136,19718,20136,10145262
2024-06-27,20052,20136,19885,20010,4904878
2024-06-28,19885,20052,19843,19885,5755042
2024-07-01,19885,19927,19718,19885,3938961
2024-07-02,19885,20136,19801,20094,5701649
2024-07-03,20177,20386,20010,20261,5854818
2024-07-04,20303,20344,20010,20177,6394551
2024-07-05,20177,20303,20052,20303,6357111
2024-07-08,20303,20344,20136,20261,4959392
2024-07-09,20177,20386,20094,20303,8004908
2024-07-10,20470,20470,20261,20261,6484698
2024-07-11,20344,20344,20177,20177,5001133
2024-07-12,20136,20177,19885,20052,7160694
2024-07-15,20052,20094,19968,20010,4490958
2024-07-16,20052,20303,20010,20136,7002765
2024-07-17,20303,21055,20219,20470,28924392
2024-07-18,20470,20971,20470,20720,10670220
2024-07-19,20720,21138,20595,20971,17087130
2024-07-22,20971,21055,20595,20679,15163392
2024-07-23,20720,20804,20052,20052,15116634
2024-07-24,20052,20386,19885,20219,12261810
2024-07-25,20177,20177,19885,20094,7164193
2024-07-26,20136,20177,20052,20136,3453662
2024-07-29,20303,20303,20094,20177,4109383
2024-07-30,20052,20177,20010,20177,5494866
2024-07-31,20219,20512,20136,20512,8556266
2024-08-01,20470,20553,20010,20010,9183311
2024-08-02,19968,20052,19760,20010,13718492
2024-08-05,19718,19927,19342,19384,20100624
2024-08-06,19634,19760,19425,19634,8029731
2024-08-07,19718,19718,19467,19551,4407675
2024-08-08,19425,19634,19425,19425,3655058
2024-08-09,19551,19718,19467,19718,3012436
2024-08-12,19718,19885,19467,19885,4203077
2024-08-13,19676,19885,19634,19718,2854856
2024-08-14,19801,19885,19676,19676,3321023
2024-08-15,19676,19718,19592,19634,2660430
2024-08-16,19634,20052,19634,20052,6524010
2024-08-19,20052,20177,20010,20094,3843540
2024-08-20,20094,20303,20052,20136,5422431
2024-08-21,20094,20386,20094,20386,6563393
2024-08-22,20470,20512,20303,20386,6795952
2024-08-23,20386,20470,20261,20428,3899558
2024-08-26,20512,20512,20386,20428,4928433
2024-08-27,20428,20470,20386,20428,4159515
2024-08-28,20470,20512,20386,20470,5228038
2024-08-29,20512,20804,20512,20595,8594985
2024-08-30,20595,20720,20595,20720,4489249
2024-09-04,20470,20637,20428,20595,5639763
2024-09-05,20595,20637,20428,20470,3540918
2024-09-06,20470,20553,20428,20553,5008937
2024-09-09,20512,20553,20303,20428,4691162
2024-09-10,20428,20512,20136,20261,6138609
2024-09-11,20177,20261,20136,20177,3589050
2024-09-12,20261,20470,20219,20428,2621199
2024-09-13,20386,20428,20261,20386,2374108
2024-09-16,20386,20512,20177,20177,3717063
2024-09-17,20177,20470,20136,20470,4081633
2024-09-18,20470,20679,20344,20595,8725286
2024-09-19,20679,20762,20553,20720,5224618
2024-09-20,20804,21556,20804,21431,34336295
2024-09-23,21472,21723,21389,21431,8585132
2024-09-24,21431,21556,21222,21556,12786286
2024-09-25,21723,21890,21556,21890,23028936
2024-09-26,21974,22015,21723,21723,18186603
2024-09-27,21723,22057,21639,21639,10816416
2024-09-30,21472,21681,21472,21514,8463727
2024-10-01,21514,21848,21514,21514,10417047
2024-10-02,21472,21807,21389,21556,10118989
2024-10-03,21681,21974,21472,21472,14808112
2024-10-04,21472,21514,21222,21222,8670214
2024-10-07,21305,21472,21180,21263,6775964
2024-10-08,21305,21431,21180,21305,6528035
2024-10-09,21389,21932,21347,21932,20014266
2024-10-10,22057,22141,21765,21890,9087762
2024-10-11,21807,21848,21639,21807,6565661
2024-10-14,21848,21932,21681,21681,9033561
2024-10-15,21681,21890,21556,21598,7115715
2024-10-16,21514,21598,21389,21514,5401467
2024-10-17,21639,21848,21514,21848,9200056
2024-10-18,21932,22141,21681,21807,11497656
2024-10-21,21723,21807,21556,21556,5537752
2024-10-22,21556,21598,21222,21222,12123912
2024-10-23,21222,21347,21013,21222,7707474
2024-10-24,21222,21263,20888,20888,8933983
2024-10-25,20888,20971,20762,20804,9226582
2024-10-28,20804,21013,20679,21013,5000754
2024-10-29,21138,21138,20971,21055,4181333
2024-10-30,21055,21096,20846,20971,3876354
2024-10-31,20971,21263,20929,21222,5077809
2024-11-01,21138,21222,20804,20804,7860339
2024-11-04,20888,20929,20595,20679,9123996
2024-11-05,20720,20804,20679,20679,3068254
2024-11-06,20804,21055,20720,20971,6246056
2024-11-07,21055,21138,20804,20971,4846687
2024-11-08,20971,21055,20679,20804,8226830
2024-11-11,20804,20888,20595,20762,6748424
2024-11-12,20720,20846,20595,20762,4147541
2024-11-13,20720,20804,20553,20804,6394310
2024-11-14,20595,20762,20512,20512,5798457
2024-11-15,20512,20553,20303,20386,9284110
2024-11-18,20386,20553,20136,20470,8112732
2024-11-19,20470,20512,20303,20303,5787839
2024-11-20,20219,20512,20177,20470,6242481
2024-11-21,20470,20762,20261,20762,7585401
2024-11-22,20762,20846,20595,20846,5698260
2024-11-25,20846,20888,20720,20804,4112332
2024-11-26,20804,20971,20762,20888,3562709
2024-11-27,20846,21055,20846,20929,2748008
2024-11-28,21013,21055,20846,21013,4596147
2024-11-29,21013,21055,20888,21055,3883425
2024-12-02,21096,21180,20929,21013,2490927
2024-12-03,21055,21055,20846,20888,6131057
2024-12-04,20846,20929,20762,20929,4619546
2024-12-05,20888,21472,20846,21472,8272544
2024-12-06,21305,21514,21305,21431,6054365
2024-12-09,21389,21431,21180,21305,5418974
2024-12-10,21305,21305,21180,21180,3403008
2024-12-11,21180,21305,21055,21222,8832805
2024-12-12,21222,21305,21096,21138,5867353
2024-12-13,21138,21138,20971,21013,6044475
2024-12-16,21013,21096,20929,21013,5165719
2024-12-17,21096,21096,20929,21055,3331723
2024-12-18,21096,21096,20971,21013,3385137
2024-12-19,20929,20929,20637,20720,9720556
2024-12-20,20762,20804,20679,20720,4729595
2024-12-23,20762,20846,20720,20804,3469073
2024-12-24,20804,20888,20720,20888,3233697
2024-12-25,20888,21389,20846,21263,9518178
2024-12-26,21263,21347,21222,21347,5583577
2024-12-27,21389,21472,21305,21347,7694895
2024-12-30,21180,21431,21180,21222,5004572
2024-12-31,21222,21556,21180,21556,8844727
2025-01-02,21389,21472,21222,21389,4571487
2025-01-03,21305,21347,20971,20971,5022490
2025-01-06,20888,20929,20679,20720,12058848
2025-01-07,20720,20929,20720,20888,5028704
2025-01-08,20888,20888,20720,20888,4091798
2025-01-09,20846,20888,20762,20846,3842684
2025-01-10,20804,20846,20637,20637,4714444
2025-01-13,20470,20762,20470,20679,4628922
2025-01-14,20679,20720,20470,20595,5066348
2025-01-15,20762,20846,20595,20804,7428403
2025-01-16,20762,20929,20637,20762,5009160
2025-01-17,20762,20888,20720,20846,2381475
2025-01-20,20846,20929,20720,20888,4008919
2025-01-21,20929,20971,20762,20846,4346037
2025-01-22,20888,20888,20720,20762,2791121
2025-01-23,20804,21222,20804,21138,8900937
2025-01-24,21055,21305,21055,21180,4902907
2025-02-03,20929,21138,20804,20971,4775193
2025-02-04,21096,21180,20929,21096,4908445
2025-02-05,21096,21222,21055,21222,7496156
2025-02-06,21305,21431,21222,21305,5599437
2025-02-07,21305,21556,21222,21472,9881521
2025-02-10,21431,21848,21305,21556,14041424
2025-02-11,21598,21681,21472,21598,5425579
2025-02-12,21639,21723,21431,21431,6795165
2025-02-13,21431,21514,21347,21472,5754059
2025-02-14,21681,21681,21472,21514,8144062
2025-02-17,21681,21681,21514,21556,5739729
2025-02-18,21556,21723,21514,21514,5161936
2025-02-19,21514,21639,21472,21556,5032732
2025-02-20,21598,21681,21514,21681,5714509
2025-02-21,21723,22015,21681,21890,12727607
2025-02-24,21765,21932,21765,21848,6403121
2025-02-25,21848,21932,21723,21723,6482543
2025-02-26,21765,21807,21681,21681,5061653
2025-02-27,21723,21807,21598,21807,5661613
2025-02-28,21723,21890,21556,21723,5475462
2025-03-03,21723,21765,21556,21723,5603548
2025-03-04,21639,21890,21556,21848,9964154
2025-03-05,21974,22266,21848,21848,11678487
2025-03-06,21932,22057,21848,22057,5076489
2025-03-07,22141,22391,22015,22266,10713039
2025-03-10,22308,22350,22057,22099,8502331
2025-03-11,21974,22099,21807,22099,9147708
2025-03-12,22141,22308,21890,21974,7803709
2025-03-13,22015,22099,21807,21807,8893622
2025-03-14,21890,21890,21639,21723,11556328
2025-03-17,21807,21932,21723,21890,5668733
2025-03-18,21974,22183,21932,21974,6013116
2025-03-19,21974,21974,21765,21890,7918115
2025-03-20,22057,22099,21848,21932,4867372
2025-03-21,21932,21974,21807,21807,4134448
2025-03-24,21932,22015,21765,22015,7892882
2025-03-25,22057,22099,21848,21974,5602227
2025-03-26,21974,22099,21807,21848,7438634
2025-03-27,21723,21890,21681,21723,6652466
2025-03-28,21723,21765,21598,21681,9733296
2025-03-31,21598,21723,21556,21723,9131468
2025-04-01,21723,21765,21639,21765,3053865
2025-04-02,21807,21890,21639,21681,7486376
2025-04-03,21013,21180,20177,20177,39712531
2025-04-04,18966,19885,18799,19885,72266023
2025-04-08,19300,19467,18506,18506,43698654
2025-04-09,17337,19091,17337,18214,36870654
2025-04-10,19467,19467,19467,19467,998409
2025-04-11,20720,20804,20010,20762,36003333
2025-04-14,20762,21180,20553,20720,19376382
2025-04-15,20553,20637,20136,20136,14735620
2025-04-16,20428,20637,20177,20303,11039955
2025-04-17,20470,20512,20136,20303,10144966
2025-04-18,20470,20679,20428,20470,11002228
2025-04-21,20344,20470,20136,20136,7252345
2025-04-22,20303,20386,18924,20136,13618261
2025-04-23,20553,20553,20177,20553,6836486
2025-04-24,20386,20512,20177,20177,6482453
2025-04-25,20386,20386,19968,19968,13363678
2025-04-28,20094,20094,19927,20010,4010687
2025-04-29,20010,20219,20010,20094,3585900
2025-05-05,20261,20261,20052,20094,4634617
2025-05-06,20094,20219,20052,20052,8439743
2025-05-07,20219,20219,20010,20052,7763237
2025-05-08,20136,20177,20010,20177,7289142
2025-05-09,20428,20428,20136,20177,5623805
2025-05-12,20261,20428,20177,20386,9196976
2025-05-13,20512,20637,20428,20553,9657205
2025-05-14,20595,20846,20595,20720,10926698
2025-05-15,21305,21431,20971,21347,24662474
2025-05-16,21472,21472,21263,21263,10707692
2025-05-19,21263,21472,21138,21222,13928516
2025-05-20,21305,21431,21222,21389,11033544
2025-05-21,21514,21639,21389,21431,12374545
2025-05-22,21472,21514,21305,21347,18047416
2025-05-23,21550,21600,21450,21600,11984361
2025-05-26,21600,21650,21100,21500,9963400
2025-05-27,21600,21600,21400,21450,9336007
2025-05-28,21500,21550,21350,21400,7876823
2025-05-29,21450,21500,21300,21300,9082800
2025-05-30,21300,21350,21100,21100,7933184
2025-06-02,21100,21200,21000,21100,8200572
2025-06-03,21150,21300,21150,21250,7288890
2025-06-04,21300,21350,21100,21100,5699110
2025-06-05,21150,21200,21000,21000,5332029
2025-06-06,21050,21200,21000,21000,6801445
2025-06-09,21000,21050,20900,20950,5723393
2025-06-10,21050,21050,20900,20950,5728023
2025-06-11,21000,21050,20900,20950,3589298
2025-06-12,21050,21150,20950,21050,6553441
2025-06-13,21000,21350,20900,21050,10066277
2025-06-16,21000,21300,20950,21300,8998043
2025-06-17,21400,21450,21150,21200,7039853
2025-06-18,21200,21350,21150,21300,7436898
2025-06-19,21300,21350,21150,21300,7286706
2025-06-20,21300,21750,21300,21450,15766671
2025-06-23,21400,21450,21250,21350,8994332
2025-06-24,21450,21600,21300,21300,8582693
2025-06-25,21350,21450,21250,21250,7782378
2025-06-26,21300,21350,21150,21200,9905786
2025-06-27,21300,21300,21150,21200,6321843
2025-06-30,21250,21300,21150,21300,5868454
2025-07-01,21300,21400,21250,21300,7539134
2025-07-02,21300,21450,21250,21300,7639796
2025-07-03,21350,21600,21300,21400,15138870
2025-07-04,21450,22200,21450,21850,26970669
2025-07-07,22050,22350,21900,22250,17384438
2025-07-08,22400,22400,22100,22250,14709246
2025-07-09,22250,22500,22250,22450,18749781
2025-07-10,22650,22700,22400,22550,9160722
2025-07-11,22550,22750,22500,22700,16019514
2025-07-14,22750,22850,22350,22700,12333287
2025-07-15,22700,22800,22450,22450,12711333
2025-07-16,22450,22550,22300,22450,10956208
2025-07-17,22450,22550,22400,22450,15133270
2025-07-18,22500,22750,22400,22650,17870291
2025-07-21,22700,23100,22650,22850,17165356
2025-07-22,22850,22900,22600,22900,12055524
2025-07-23,23050,23150,22900,23000,15223260
2025-07-24,23150,23500,23100,23200,15188090
2025-07-25,23450,23700,23450,23600,17577779
2025-07-28,23700,23850,23500,23850,16899258
2025-07-29,23900,23950,22750,22750,34057406
2025-07-30,22750,23100,22700,23000,15022479
2025-07-31,23200,23250,22700,23000,10618445
2025-08-01,23000,23050,22800,23000,7330826
2025-08-04,23000,23300,22800,23300,11154749
2025-08-05,23500,24500,23300,23450,42372840
2025-08-06,23700,24400,23700,24200,16273086
2025-08-07,24400,24650,24100,24400,19117139
2025-08-08,24500,24800,24000,24250,15806665
2025-08-11,24300,24700,24250,24400,16076962
2025-08-12,24500,24550,24100,24250,14645340
2025-08-13,24400,24650,24150,24500,19307849
2025-08-14,24750,26200,24700,26200,34951134
2025-08-15,27300,27600,26350,26550,29353803
2025-08-18,26800,27500,26350,27050,28502251
2025-08-19,27050,28700,27000,28450,41213850
2025-08-20,28500,28500,26900,28000,33304272
2025-08-21,28300,29500,28000,29450,45828312
2025-08-22,29000,29400,27650,27850,43047475
2025-08-25,28200,28400,25950,26200,37437560
2025-08-26,26250,27400,26100,27350,20828678
2025-08-27,27800,28600,27550,27650,18847267
2025-08-28,27800,28150,27100,27550,13939715
2025-08-29,27750,28400,27500,27800,21650767
2025-09-03,27700,27750,27200,27500,18739010
2025-09-04,27600,27750,27400,27650,11295727
2025-09-05,27950,28050,27150,27150,23556009
2025-09-08,27000,27600,26550,26550,26179984
2025-09-09,26950,26950,26450,26550,15233054
2025-09-10,26700,26850,26450,26550,14111979
2025-09-11,26500,26550,25800,26200,20469051
2025-09-12,26550,26650,26200,26300,12233046
2025-09-15,26300,26650,26100,26400,27934600
2025-09-16,26600,26600,26200,26400,40131026
2025-09-17,26400,26450,26050,26150,13070614
2025-09-18,26200,26200,25550,25550,21872721
2025-09-19,25800,25800,25300,25350,13447416
2025-09-22,25450,25450,25050,25150,19425366
2025-09-23,25150,25700,25150,25350,9405930
2025-09-24,25500,26000,25250,26000,10862227
2025-09-25,26150,26150,25650,25650,8170966
2025-09-26,25650,25750,25450,25650,8983361
2025-09-29,25550,25800,25350,25600,8274811
2025-09-30,25750,25800,25450,25500,9286555
2025-10-01,25700,25950,25550,25800,10490510
2025-10-02,25900,26200,25700,25750,10950409
2025-10-03,25750,25850,25500,25650,9825189
2025-10-06,26150,26800,25900,26800,20307466
2025-10-07,26900,26900,26450,26450,12409646
2025-10-08,26650,26850,26600,26750,18241992
2025-10-09,26800,26950,26600,26950,16402847
2025-10-10,27050,27200,26800,26950,16356212
2025-10-13,26550,26800,26400,26750,18393101
2025-10-14,26750,26950,26250,26300,18552934
2025-10-15,26400,26650,26150,26300,14442329
2025-10-16,26400,26550,26150,26300,13474766
2025-10-17,26300,26400,25750,25750,16312948
2025-10-20,25600,25650,24600,24800,32258331
2025-10-21,24850,25300,24850,25000,19394085
2025-10-22,25200,25300,24650,25100,15635919
2025-10-23,25100,25200,24950,24950,8759225
2025-10-24,24950,25300,24800,25000,11733495
2025-10-27,25300,25550,24950,25000,10218948
2025-10-28,25100,25400,25050,25400,10313390
2025-10-29,25400,25550,25300,25400,6358233
2025-10-30,25500,25700,25000,25100,9320544
2025-10-31,25300,25500,25050,25500,12754190
2025-11-03,25400,25900,25300,25450,13878741
2025-11-04,25450,26100,25400,26000,17988658
2025-11-05,25800,25900,25550,25600,6234065
2025-11-06,25550,25700,25300,25300,6532302
2025-11-07,25250,25300,24850,24900,12120670
2025-11-10,24900,25200,24700,24800,7235732
2025-11-11,24850,25050,24800,24850,6968104
2025-11-12,25000,25200,24800,25200,6325256
2025-11-13,25200,25200,25000,25100,5644780
2025-11-14,25100,25100,24900,24950,6770417
2025-11-17,25000,25150,24950,25150,3951472
2025-11-18,25200,25400,25050,25100,6397885
2025-11-19,25150,25150,24850,24900,6002717
2025-11-20,25000,25000,24800,24800,6159454
2025-11-21,24750,24850,24600,24700,7305892
2025-11-24,24700,24850,24600,24600,7090518
2025-11-25,24650,24700,24100,24200,15874324
2025-11-26,24200,24400,24150,24200,9009389
2025-11-27,24450,24500,24300,24350,7797255
2025-11-28,24350,24450,24250,24250,5364461
