date,open,high,low,close,volume
2015-01-05,7267,7298,7207,7237,273550
2015-01-06,7192,7282,7161,7282,364050
2015-01-07,7282,7434,7282,7328,405560
2015-01-08,7313,7328,7237,7252,227300
2015-01-09,7252,7343,7252,7313,320210
2015-01-12,7313,7449,7313,7358,679050
2015-01-13,7328,7388,7328,7373,242060
2015-01-14,7373,7404,7298,7358,421120
2015-01-15,7388,7388,7328,7373,281910
2015-01-16,7388,7388,7328,7343,174340
2015-01-19,7343,7343,7267,7267,367020
2015-01-20,7267,7298,7252,7267,344010
2015-01-21,7298,7388,7298,7328,607260
2015-01-22,7358,7358,7298,7298,299200
2015-01-23,7328,7373,7298,7328,386280
2015-01-26,7328,7373,7328,7328,384170
2015-01-27,7313,7358,7267,7267,424160
2015-01-28,7252,7313,7237,7252,260670
2015-01-29,7252,7267,7237,7252,224460
2015-01-30,7267,7282,7192,7192,587470
2015-02-02,7207,7237,7161,7176,219410
2015-02-03,7176,7192,7116,7116,207170
2015-02-04,7176,7176,7070,7101,307040
2015-02-05,7116,7192,7101,7146,182990
2015-02-06,7192,7192,7146,7161,114380
2015-02-09,7222,7222,7146,7146,145540
2015-02-10,7146,7161,7116,7131,143310
2015-02-11,7161,7192,7146,7192,139400
2015-02-12,7252,7298,7237,7237,435120
2015-02-13,7267,7298,7237,7267,198830
2015-02-24,7298,7388,7298,7358,351850
2015-02-25,7388,7419,7328,7343,520900
2015-02-26,7328,7419,7328,7419,276700
2015-02-27,7434,7464,7373,7388,314940
2015-03-02,7419,7419,7328,7343,471270
2015-03-03,7388,7404,7358,7404,214540
2015-03-04,7449,7646,7449,7570,993500
2015-03-05,7646,7722,7570,7570,393540
2015-03-06,7570,7646,7555,7570,335140
2015-03-09,7555,7570,7449,7449,414700
2015-03-10,7494,7525,7464,7525,328390
2015-03-11,7525,7525,7479,7494,293150
2015-03-12,7494,7494,7434,7449,368140
2015-03-13,7494,7525,7434,7449,284450
2015-03-16,7449,7479,7449,7479,214490
2015-03-17,7494,7646,7494,7570,717570
2015-03-18,7570,7570,7510,7510,228430
2015-03-19,7555,7570,7494,7494,252430
2015-03-20,7494,7555,7479,7540,284340
2015-03-23,7540,7555,7479,7479,274890
2015-03-24,7494,7494,7388,7434,349040
2015-03-25,7494,7494,7419,7449,221110
2015-03-26,7479,7479,7449,7464,276070
2015-03-27,7510,7510,7449,7449,226880
2015-03-30,7479,7479,7328,7328,413070
2015-03-31,7328,7373,7328,7328,233260
2015-04-01,7373,7373,7222,7222,270910
2015-04-02,7237,7343,7222,7282,168030
2015-04-03,7343,7388,7282,7388,116640
2015-04-06,7388,7434,7343,7343,168170
2015-04-07,7328,7419,7328,7404,150220
2015-04-08,7419,7434,7388,7404,162560
2015-04-09,7404,7419,7343,7404,258950
2015-04-10,7404,7479,7388,7449,345170
2015-04-13,7449,7479,7434,7449,164060
2015-04-14,7449,7449,7373,7373,224290
2015-04-15,7404,7419,7343,7404,223010
2015-04-16,7404,7449,7373,7388,152830
2015-04-17,7404,7797,7404,7722,1497670
2015-04-20,7722,7722,7555,7646,358680
2015-04-21,7646,7722,7570,7570,263970
2015-04-22,7570,7722,7570,7570,539100
2015-04-23,7646,7722,7540,7646,641410
2015-04-24,7646,7722,7570,7646,268410
2015-04-27,7797,7949,7722,7797,636760
2015-05-04,7797,7873,7419,7479,818280
2015-05-05,7479,7646,7449,7570,444430
2015-05-06,7570,7646,7510,7510,406590
2015-05-07,7540,7646,7510,7555,263570
2015-05-08,7555,7646,7555,7555,241080
2015-05-11,7570,7570,7510,7525,229310
2015-05-12,7525,7525,7449,7449,253240
2015-05-13,7449,7464,7373,7449,471350
2015-05-14,7419,7510,7419,7464,284980
2015-05-15,7479,7510,7434,7434,222770
2015-05-18,7419,7449,7388,7388,493240
2015-05-19,7373,7449,7373,7449,261290
2015-05-20,7510,7722,7494,7722,1067870
2015-05-21,7722,8024,7646,7949,1966840
2015-05-22,7949,8024,7873,7873,639970
2015-05-25,7873,8176,7873,8176,1194140
2015-05-26,8100,8176,8024,8024,953640
2015-05-27,8024,8100,7873,7949,1216710
2015-05-28,8076,8147,8005,8058,1158400
2015-05-29,8076,8076,7969,7987,357830
2015-06-01,7969,7969,7863,7863,747720
2015-06-02,7863,7863,7756,7756,790020
2015-06-03,7756,7952,7739,7845,638440
2015-06-04,7845,7898,7845,7881,224510
2015-06-05,7898,7969,7845,7952,578380
2015-06-08,7987,8005,7863,7863,698960
2015-06-09,7845,8023,7845,7863,618760
2015-06-10,7863,7934,7827,7916,249790
2015-06-11,7916,7969,7916,7952,420000
2015-06-12,7969,8040,7969,8005,753350
2015-06-15,8058,8058,7952,7987,341650
2015-06-16,7987,8023,7898,7898,479370
2015-06-17,7881,7916,7863,7881,483360
2015-06-18,7881,7987,7881,7898,324300
2015-06-19,7898,8005,7898,7952,524770
2015-06-22,7987,8129,7969,8094,1273750
2015-06-23,8094,8111,8058,8076,623750
2015-06-24,8094,8094,8023,8023,356850
2015-06-25,8005,8023,7987,7987,585020
2015-06-26,8005,8502,8005,8218,4210260
2015-06-29,8307,8466,8253,8307,935540
2015-06-30,8218,8289,8218,8236,1048220
2015-07-01,8236,8360,8182,8307,737610
2015-07-02,8289,8413,8271,8378,1090220
2015-07-03,8413,8413,8324,8342,758500
2015-07-06,8360,8431,8342,8431,979490
2015-07-07,8413,8591,8378,8449,1132850
2015-07-08,8449,8484,8271,8289,1420160
2015-07-09,8253,8324,8200,8289,999820
2015-07-10,8289,8342,8236,8271,835670
2015-07-13,8271,8431,8253,8324,489440
2015-07-14,8324,8378,8271,8324,395670
2015-07-15,8342,8342,8236,8236,654910
2015-07-16,8200,8236,8129,8236,611060
2015-07-17,8218,8324,8200,8236,315540
2015-07-20,8236,8236,8147,8200,419830
2015-07-21,8165,8182,8058,8094,876450
2015-07-22,8094,8253,8076,8253,455030
2015-07-23,8236,8502,8236,8342,2140450
2015-07-24,8378,8484,8378,8449,1217830
2015-07-27,8502,8786,8484,8697,1865720
2015-07-28,8697,8697,8555,8555,634450
2015-07-29,8555,8644,8466,8502,1119080
2015-07-30,8502,8520,8395,8395,938320
2015-07-31,8466,8484,8395,8395,541330
2015-08-03,8342,8342,8236,8253,1136670
2015-08-04,8324,8413,8271,8342,526180
2015-08-05,8378,8413,8324,8413,312920
2015-08-06,8413,8449,8307,8307,561120
2015-08-07,8342,8431,8289,8395,546600
2015-08-10,8431,8608,8431,8608,1180730
2015-08-11,8608,8697,8520,8573,861370
2015-08-12,8520,8520,8395,8449,1257050
2015-08-13,8449,8449,8307,8342,1573130
2015-08-14,8324,8395,8253,8307,702440
2015-08-17,8307,8360,8165,8200,816140
2015-08-18,8200,8289,8165,8271,751710
2015-08-19,8326,8435,8253,8362,860750
2015-08-20,8380,8380,8235,8253,384210
2015-08-21,8181,8199,7981,8199,1184950
2015-08-24,8054,8090,7673,7691,2107920
2015-08-25,7619,7891,7619,7782,1302560
2015-08-26,7800,8072,7800,7999,960660
2015-08-27,7999,8090,7981,8036,701980
2015-08-28,8090,8126,8036,8108,883560
2015-08-31,8072,8126,7999,8018,383640
2015-09-01,8054,8054,7963,7999,319590
2015-09-03,7963,7999,7927,7927,361300
2015-09-04,7927,7999,7909,7945,200160
2015-09-07,7981,7981,7872,7909,143530
2015-09-08,7891,7999,7891,7963,195100
2015-09-09,8036,8054,7999,7999,351700
2015-09-10,7999,8018,7963,8018,228830
2015-09-11,8054,8054,7981,7981,178370
2015-09-14,7981,7981,7927,7927,213260
2015-09-15,7909,7963,7891,7927,91140
2015-09-16,7927,7963,7909,7927,123720
2015-09-17,7927,7981,7927,7945,121980
2015-09-18,8090,8145,7999,8090,743610
2015-09-21,8072,8253,8072,8253,548700
2015-09-22,8253,8272,8181,8199,289410
2015-09-23,8181,8235,8145,8145,447860
2015-09-24,8126,8217,8126,8181,287470
2015-09-25,8199,8199,8126,8145,259280
2015-09-28,8145,8163,8072,8072,267580
2015-09-29,8072,8072,8036,8072,260100
2015-09-30,8126,8126,8036,8072,159670
2015-10-01,8072,8108,8054,8090,179470
2015-10-02,8090,8126,8072,8126,136870
2015-10-05,8108,8181,8090,8163,382440
2015-10-06,8272,8380,8235,8344,923920
2015-10-07,8380,8380,8163,8199,337650
2015-10-08,8199,8308,8199,8308,331030
2015-10-09,8344,8417,8308,8308,778950
2015-10-12,8290,8326,8290,8308,414610
2015-10-13,8308,8308,8235,8253,298120
2015-10-14,8526,8689,8453,8471,3076790
2015-10-15,8507,8507,8435,8453,426740
2015-10-16,8471,8507,8471,8471,548620
2015-10-19,8471,8671,8471,8544,1396480
2015-10-20,8544,8689,8526,8580,1968330
2015-10-21,8634,8634,8526,8526,703530
2015-10-22,8489,8544,8489,8507,473620
2015-10-23,8562,8598,8526,8544,719680
2015-10-26,8616,8798,8616,8634,2631100
2015-10-27,8598,8761,8598,8707,1345230
2015-10-28,8725,8870,8725,8852,2673100
2015-10-29,8943,9015,8906,8943,1846600
2015-10-30,8961,8979,8870,8943,982600
2015-11-02,8961,9251,8943,8979,2790190
2015-11-03,9070,9523,9052,9523,3798850
2015-11-04,9614,9705,9432,9432,1772170
2015-11-05,9342,9705,9342,9705,2727690
2015-11-06,9705,9886,9432,9523,3164790
2015-11-09,9432,9523,9342,9342,2035350
2015-11-10,9342,9432,9160,9251,2049910
2015-11-11,9160,9432,9160,9160,1790510
2015-11-12,9251,9705,9160,9614,3514400
2015-11-13,9614,9886,9523,9886,2759580
2015-11-16,9795,9977,9614,9795,2413900
2015-11-17,9705,9795,9432,9432,2136990
2015-11-18,9342,9614,9342,9432,1366870
2015-11-19,9432,9614,9342,9342,1096120
2015-11-20,9251,9432,9251,9251,1196900
2015-11-23,9251,9342,8979,8979,2054830
2015-11-24,9015,9015,8779,8906,2817650
2015-11-25,8943,9160,8798,9070,1309410
2015-11-26,9033,9070,8888,8888,746390
2015-11-27,8925,9052,8870,8870,1520660
2015-11-30,8888,8888,8761,8761,1116850
2015-12-01,8816,8852,8725,8743,623880
2015-12-02,8743,8834,8743,8779,675930
2015-12-03,8798,8834,8761,8798,343540
2015-12-04,8798,8798,8652,8689,861320
2015-12-07,8671,8707,8616,8616,892260
2015-12-08,8580,8906,8544,8888,1117670
2015-12-09,8888,8961,8743,8743,735460
2015-12-10,8743,8816,8671,8671,610110
2015-12-11,8652,8798,8652,8707,558390
2015-12-14,8689,8743,8671,8671,434710
2015-12-15,8671,8798,8671,8798,527780
2015-12-16,8834,8943,8834,8852,1252650
2015-12-17,8925,8979,8888,8925,916420
2015-12-18,8925,8943,8870,8870,825670
2015-12-21,8870,8870,8761,8798,540360
2015-12-22,8798,8834,8725,8725,537270
2015-12-23,8761,8779,8671,8689,606040
2015-12-24,8725,8743,8671,8671,474020
2015-12-25,8707,8707,8652,8671,339400
2015-12-28,8707,8834,8652,8725,767110
2015-12-29,8743,8798,8725,8761,433620
2015-12-30,8816,8870,8761,8761,913890
2015-12-31,8761,8852,8743,8761,570340
2016-01-04,8779,8798,8671,8671,602210
2016-01-05,8671,8707,8652,8671,734050
2016-01-06,8671,8725,8671,8689,446810
2016-01-07,8689,8689,8526,8526,1841620
2016-01-08,8489,8507,8344,8399,1773760
2016-01-11,8399,8399,8326,8326,805440
2016-01-12,8344,8507,8290,8507,582160
2016-01-13,8526,8580,8399,8417,542910
2016-01-14,8362,8417,8344,8380,509720
2016-01-15,8380,8435,8344,8362,593280
2016-01-18,8290,8290,8036,8145,2255130
2016-01-19,8145,8217,8108,8181,873480
2016-01-20,8181,8253,8145,8145,651980
2016-01-21,8126,8181,8090,8145,647810
2016-01-22,8163,8181,8036,8126,692750
2016-01-25,8253,8544,8163,8544,892040
2016-01-26,8435,8453,8326,8326,661130
2016-01-27,8435,8435,8380,8399,336620
2016-01-28,8399,8417,8308,8344,491030
2016-01-29,8399,8435,8326,8417,496970
2016-02-01,8435,8507,8344,8453,584110
2016-02-02,8399,8471,8380,8380,184210
2016-02-03,8417,8507,8380,8453,641500
2016-02-04,8507,8507,8435,8435,282030
2016-02-05,8471,8526,8435,8507,363780
2016-02-15,8471,8489,8399,8471,342070
2016-02-16,8526,8616,8471,8580,346480
2016-02-17,8616,8743,8616,8616,719440
2016-02-18,8652,8761,8634,8725,737190
2016-02-19,8707,8707,8634,8652,530400
2016-02-22,8652,8743,8652,8743,518820
2016-02-23,8798,8798,8671,8671,727180
2016-02-24,8652,8707,8634,8671,655980
2016-02-25,8707,8761,8634,8634,673070
2016-02-26,8671,8671,8598,8652,383230
2016-02-29,8689,8689,8634,8671,516250
2016-03-01,8671,8870,8634,8743,1215810
2016-03-02,8779,8852,8761,8834,811910
2016-03-03,8870,8943,8852,8852,831440
2016-03-04,8816,8943,8816,8888,855930
2016-03-07,8888,8961,8816,8816,731820
2016-03-08,8816,8834,8707,8707,1138510
2016-03-09,8671,8743,8671,8707,406000
2016-03-10,8707,8761,8689,8743,278390
2016-03-11,8779,8870,8779,8798,752610
2016-03-14,8888,8961,8834,8834,1011740
2016-03-15,8870,8906,8798,8798,545350
2016-03-16,8798,8834,8779,8798,492970
2016-03-17,8816,8870,8798,8798,630200
2016-03-18,8888,9052,8888,8943,2537440
2016-03-21,8943,8979,8888,8925,708370
2016-03-22,8888,8906,8834,8834,630690
2016-03-23,8834,8888,8798,8834,573490
2016-03-24,8852,8870,8779,8779,831940
2016-03-25,8743,8779,8634,8689,1134790
2016-03-28,8761,8761,8689,8707,402090
2016-03-29,8707,8707,8598,8616,731100
2016-03-30,8616,8689,8562,8616,595920
2016-03-31,8616,8707,8544,8544,623130
2016-04-01,8544,8562,8471,8489,530180
2016-04-04,8471,8526,8471,8489,370410
2016-04-05,8489,8562,8471,8526,286440
2016-04-06,8526,8598,8507,8598,288080
2016-04-07,8616,8689,8598,8671,485800
2016-04-08,8634,8707,8634,8634,312220
2016-04-11,8671,8743,8616,8689,814800
2016-04-12,8707,8707,8616,8652,393630
2016-04-13,8634,8671,8616,8634,568090
2016-04-14,8616,8671,8616,8616,572360
2016-04-15,8634,8652,8562,8562,712110
2016-04-19,8562,8616,8526,8526,545970
2016-04-20,8526,8562,8507,8544,878290
2016-04-21,8580,8616,8544,8580,496340
2016-04-22,8580,8671,8544,8671,829700
2016-04-25,8707,8761,8671,8689,562230
2016-04-26,8689,8707,8616,8689,333520
2016-04-27,8707,8725,8616,8652,593060
2016-04-28,8707,8943,8652,8779,3007080
2016-04-29,8779,8834,8761,8816,614320
2016-05-04,8743,8761,8652,8725,771190
2016-05-05,8689,8779,8671,8671,908780
2016-05-06,8671,8707,8616,8616,693360
2016-05-09,8634,8671,8562,8562,605810
2016-05-10,8544,8616,8526,8580,465650
2016-05-11,8652,8671,8580,8652,290200
2016-05-12,8689,8689,8598,8598,412430
2016-05-13,8616,8634,8562,8598,393240
2016-05-16,8598,8616,8562,8580,310390
2016-05-17,8598,8671,8580,8634,354380
2016-05-18,8707,8779,8652,8652,692880
2016-05-19,8707,8707,8634,8652,186020
2016-05-20,8652,8689,8652,8689,485060
2016-05-23,8761,8761,8671,8671,345150
2016-05-24,8689,8707,8652,8652,369180
2016-05-25,8671,8689,8634,8652,598370
2016-05-26,8671,8689,8616,8616,1328870
2016-05-27,8694,8758,8608,8736,543580
2016-05-30,8736,8821,8736,8758,447160
2016-05-31,8779,8779,8694,8694,589350
2016-06-01,8736,8736,8694,8694,519620
2016-06-02,8736,8736,8672,8694,318100
2016-06-03,8715,8715,8651,8672,400290
2016-06-06,8672,8672,8566,8608,754110
2016-06-07,8651,8651,8566,8630,559610
2016-06-08,8630,8672,8608,8672,516630
2016-06-09,8672,8672,8630,8630,325390
2016-06-10,8608,8651,8608,8630,475190
2016-06-13,8630,8630,8608,8608,237230
2016-06-14,8587,8630,8587,8630,242560
2016-06-15,8630,8630,8566,8587,414560
2016-06-16,8630,8651,8587,8608,359320
2016-06-17,8608,8630,8587,8608,206120
2016-06-20,8630,9141,8608,9098,1877120
2016-06-21,9141,9333,9077,9098,1442710
2016-06-22,9056,9141,9035,9035,300480
2016-06-23,9013,9035,8928,8928,826170
2016-06-24,8885,8885,8331,8715,2562810
2016-06-27,8715,8821,8566,8779,587560
2016-06-28,8779,8821,8736,8779,328400
2016-06-29,8758,9056,8758,8949,1250570
2016-06-30,9056,9077,8907,8907,669690
2016-07-01,8949,9013,8907,8928,579110
2016-07-04,8949,9098,8949,9056,863920
2016-07-05,9056,9098,8992,8992,791050
2016-07-06,8971,9056,8928,9013,602040
2016-07-07,9098,9354,9035,9226,1592870
2016-07-08,9248,9461,9248,9290,1594930
2016-07-11,9312,9375,9077,9077,1035540
2016-07-12,9077,9162,8949,9077,744580
2016-07-13,9077,9226,9077,9141,751090
2016-07-14,9162,9354,9141,9162,1880280
2016-07-15,9141,9205,9077,9077,730200
2016-07-18,9056,9098,8992,9077,578400
2016-07-19,9098,9098,8885,8928,1148610
2016-07-20,8928,8971,8864,8864,575060
2016-07-21,8885,8949,8843,8864,448120
2016-07-22,8843,8843,8715,8800,958530
2016-07-25,8800,8821,8758,8758,375880
2016-07-26,8758,8779,8694,8715,469520
2016-07-27,8800,8885,8779,8800,554520
2016-07-28,8800,8885,8779,8800,512680
2016-07-29,8800,8821,8736,8736,241530
2016-08-01,8736,8800,8694,8758,419730
2016-08-02,8758,8758,8630,8651,806630
2016-08-03,8651,8694,8608,8630,467420
2016-08-04,8630,8694,8608,8608,340270
2016-08-05,8608,8672,8566,8630,461730
2016-08-08,8672,8736,8651,8651,274690
2016-08-09,8694,8715,8651,8715,271030
2016-08-10,8672,8758,8672,8758,236760
2016-08-11,8800,8907,8779,8907,585310
2016-08-12,8949,9035,8843,8864,527660
2016-08-15,8864,8885,8843,8864,281220
2016-08-16,8949,9162,8864,9098,1933670
2016-08-17,9098,9269,9056,9205,1354570
2016-08-18,9205,9375,9162,9184,1044090
2016-08-19,9226,9226,9035,9035,662470
2016-08-22,9166,9187,9056,9056,944470
2016-08-23,9122,9144,9035,9100,443570
2016-08-24,9122,9253,9122,9166,749230
2016-08-25,9187,9275,9144,9253,601280
2016-08-26,9253,9471,9253,9384,2217420
2016-08-29,9427,9493,9297,9297,996310
2016-08-30,9275,9362,9275,9297,529860
2016-08-31,9362,9689,9318,9580,3190540
2016-09-01,9668,9820,9602,9711,2145860
2016-09-05,9711,9777,9624,9711,964870
2016-09-06,9689,9777,9646,9646,1385380
2016-09-07,9624,9624,9493,9624,1332450
2016-09-08,9689,10082,9646,9951,3243480
2016-09-09,10039,10148,9929,9973,1833910
2016-09-12,9929,9951,9798,9820,1220220
2016-09-13,9820,9897,9711,9864,1151590
2016-09-14,9853,10028,9820,9929,1283090
2016-09-15,9929,9929,9711,9777,1111400
2016-09-16,9711,9820,9689,9820,855440
2016-09-19,9908,9929,9777,9886,944500
2016-09-20,9929,10017,9864,9962,1374570
2016-09-21,9973,10017,9908,9929,872200
2016-09-22,9929,10344,9929,10169,2821740
2016-09-23,10213,10388,10213,10344,2331180
2016-09-26,10388,10519,10388,10431,1938720
2016-09-27,10420,10431,10322,10431,2011410
2016-09-28,10399,10584,10388,10453,1675680
2016-09-29,10388,10475,10279,10333,1885090
2016-09-30,10344,10344,10180,10180,1725770
2016-10-03,10191,10300,10104,10180,1063670
2016-10-04,10235,10333,10039,10213,1945280
2016-10-05,10257,10257,10180,10213,482560
2016-10-06,10213,10246,10060,10060,808750
2016-10-07,10071,10104,9755,9831,2656510
2016-10-10,9831,9831,9515,9515,2105790
2016-10-11,9515,9711,9417,9711,1576130
2016-10-12,9689,9733,9537,9558,737050
2016-10-13,9537,9646,9471,9602,455610
2016-10-14,9580,9624,9558,9569,556120
2016-10-17,9580,9580,9471,9471,799570
2016-10-18,9471,9569,9384,9515,461070
2016-10-19,9493,9635,9493,9569,484690
2016-10-20,9624,9646,9482,9493,452160
2016-10-21,9493,9548,9471,9471,368030
2016-10-24,9471,9515,9406,9427,683800
2016-10-25,9427,9580,9340,9427,798790
2016-10-26,9427,9515,9362,9384,498350
2016-10-27,9449,9449,9384,9427,320770
2016-10-28,9427,9515,9417,9515,623240
2016-10-31,9537,9580,9493,9493,366100
2016-11-01,9515,9515,9449,9449,287980
2016-11-02,9449,9471,9297,9297,607470
2016-11-03,9275,9275,9100,9166,819360
2016-11-04,9166,9253,9166,9198,216080
2016-11-07,9187,9362,9187,9340,270420
2016-11-08,9340,9438,9340,9351,357870
2016-11-09,9351,9351,8969,9209,1259800
2016-11-10,9297,9362,9275,9318,279210
2016-11-11,9362,9482,9340,9384,549240
2016-11-14,9318,9384,9297,9329,357500
2016-11-15,9340,9427,9318,9427,410010
2016-11-16,9449,9471,9340,9395,483700
2016-11-17,9395,9395,9297,9297,342390
2016-11-18,9275,9417,9275,9406,272520
2016-11-21,9427,9471,9340,9406,398940
2016-11-22,9384,9460,9384,9406,475660
2016-11-23,9449,9624,9406,9591,933400
2016-11-24,9558,9766,9558,9678,1109900
2016-11-25,9689,9689,9580,9591,523930
2016-11-28,9591,9591,9427,9493,401290
2016-11-29,9493,9493,9318,9417,488970
2016-11-30,9384,9460,9362,9460,284250
2016-12-01,9427,9558,9427,9427,247450
2016-12-02,9427,9460,9362,9373,265850
2016-12-05,9384,9427,9297,9297,320460
2016-12-06,9340,9351,9231,9231,407380
2016-12-07,9231,9275,9187,9187,283670
2016-12-08,9275,9275,9209,9220,145770
2016-12-09,9286,9493,9275,9362,355440
2016-12-12,9384,9384,9209,9209,372110
2016-12-13,9209,9242,9122,9122,359950
2016-12-14,9122,9209,9111,9166,394960
2016-12-15,9166,9187,9122,9133,282950
2016-12-16,9155,9187,9122,9187,298690
2016-12-19,9187,9318,9187,9318,218900
2016-12-20,9286,9362,9275,9286,293780
2016-12-21,9286,9329,9264,9275,377770
2016-12-22,9340,9427,9275,9286,659310
2016-12-23,9351,9351,9275,9307,325140
2016-12-26,9307,9362,9275,9318,243940
2016-12-27,9318,9493,9318,9417,789970
2016-12-28,9438,9558,9438,9515,864320
2016-12-29,9558,9558,9449,9482,376220
2016-12-30,9515,9657,9460,9602,1643340
2017-01-03,9668,9809,9668,9788,1013070
2017-01-04,9777,9973,9755,9875,1022560
2017-01-05,9864,9908,9842,9842,613870
2017-01-06,9864,9929,9809,9809,799750
2017-01-09,9831,9908,9798,9864,501610
2017-01-10,9875,10039,9853,10039,1045680
2017-01-11,10104,10169,10060,10060,740990
2017-01-12,10060,10082,10006,10028,540350
2017-01-13,10060,10126,9755,9798,1640150
2017-01-16,9798,9798,9602,9602,896110
2017-01-17,9602,9777,9602,9689,521250
2017-01-18,9755,9755,9558,9558,496120
2017-01-19,9558,9602,9482,9558,589210
2017-01-20,9558,9711,9548,9646,662850
2017-01-23,9689,9733,9646,9700,457700
2017-01-24,9755,9798,9668,9755,280500
2017-01-25,9798,9886,9744,9842,421770
2017-02-02,9864,9908,9733,9798,487480
2017-02-03,9755,9798,9689,9755,497380
2017-02-06,9711,9711,9646,9668,553780
2017-02-07,9657,9755,9657,9711,919390
2017-02-08,9733,9809,9700,9733,580940
2017-02-09,9733,9755,9711,9722,796670
2017-02-10,9711,9733,9657,9700,615430
2017-02-13,9733,9788,9689,9777,843490
2017-02-14,9820,10126,9798,10126,1942460
2017-02-15,10148,10148,9995,10039,1155260
2017-02-16,10039,10093,9886,9886,1114930
2017-02-17,9864,9929,9798,9886,816130
2017-02-20,9886,9908,9820,9831,739970
2017-02-21,9886,10017,9831,9908,1056640
2017-02-22,9973,10104,9908,9995,1230810
2017-02-23,10017,10115,9962,10039,1042580
2017-02-24,10039,10060,9929,10039,929360
2017-02-27,10039,10235,10039,10159,1791360
2017-02-28,10169,10213,9995,10006,787960
2017-03-01,10006,10017,9897,9973,814870
2017-03-02,9973,10017,9908,9918,625140
2017-03-03,9918,10017,9853,9962,400430
2017-03-06,9962,10060,9962,10028,519090
2017-03-07,10039,10039,9940,9995,474030
2017-03-08,9973,10039,9940,9995,486250
2017-03-09,9995,10017,9929,9929,517110
2017-03-10,9995,10126,9973,10039,1204950
2017-03-13,10060,10104,9973,9984,463260
2017-03-14,9995,10082,9973,9973,600400
2017-03-15,9973,10017,9918,9940,632570
2017-03-16,9951,10017,9929,9973,610500
2017-03-17,10017,10104,9984,10017,987600
2017-03-20,10017,10191,10017,10169,1573640
2017-03-21,10213,10311,10169,10169,1881270
2017-03-22,10191,10202,10060,10060,1208130
2017-03-23,10039,10475,10017,10475,2026020
2017-03-24,10562,10693,10355,10410,1937460
2017-03-27,10388,10475,10311,10388,1021940
2017-03-28,10388,10530,10322,10344,1161770
2017-03-29,10344,10431,10300,10366,605170
2017-03-30,10366,10442,10279,10279,752470
2017-03-31,10279,10410,10257,10322,1213360
2017-04-03,10322,10366,10126,10126,1994720
2017-04-04,10115,10257,10115,10257,981010
2017-04-05,10257,10257,10159,10159,598970
2017-04-07,10115,10268,10115,10257,900280
2017-04-10,10257,10311,10235,10257,421960
2017-04-11,10257,10322,10213,10246,405130
2017-04-12,10257,10420,10246,10377,1296510
2017-04-13,10333,10388,10300,10311,518960
2017-04-14,10279,10289,10017,10049,1444000
2017-04-17,10049,10148,9973,9973,1066820
2017-04-18,9973,10039,9897,10039,596530
2017-04-19,10039,10126,10017,10039,1132270
2017-04-20,10039,10115,9995,10006,526060
2017-04-21,10082,10126,10006,10006,407700
2017-04-24,10006,10049,9962,9984,465680
2017-04-25,9951,10039,9929,9962,602100
2017-04-26,10017,10049,9973,10039,483590
2017-04-27,10060,10191,10060,10148,1001040
2017-04-28,10126,10159,10039,10137,444560
2017-05-03,10191,10322,10137,10257,806650
2017-05-04,10257,10344,10235,10257,692490
2017-05-05,10257,10311,10235,10279,309370
2017-05-08,10235,10289,10213,10257,367850
2017-05-09,10300,10540,10300,10540,1168370
2017-05-10,10584,10682,10497,10497,1568980
2017-05-11,10497,10562,10399,10497,709020
2017-05-12,10497,10562,10475,10475,528780
2017-05-15,10475,10475,10420,10431,506520
2017-05-16,10431,10540,10355,10366,638370
2017-05-17,10366,10475,10311,10431,553800
2017-05-18,10464,10628,10399,10453,909220
2017-05-19,10453,10562,10431,10562,718260
2017-05-22,10584,10704,10584,10584,1719610
2017-05-23,10617,10781,10584,10660,2066240
2017-05-24,10737,10748,10660,10715,1304860
2017-05-25,11015,11015,10874,10913,1713400
2017-05-26,10913,10913,10759,10785,868540
2017-05-29,10785,10938,10785,10913,634230
2017-05-30,10836,11182,10836,11015,1868870
2017-05-31,11015,11156,11015,11015,1063000
2017-06-01,11041,11143,11041,11130,787160
2017-06-02,11169,11195,11041,11079,809190
2017-06-05,11169,11182,11054,11079,666610
2017-06-06,11092,11476,11092,11348,1481770
2017-06-07,11476,11476,11284,11284,842710
2017-06-08,11271,11361,11195,11323,630430
2017-06-09,11323,11656,11323,11566,1569640
2017-06-12,11528,11579,11425,11451,553000
2017-06-13,11528,11758,11528,11617,1573850
2017-06-14,11732,11732,11553,11579,780590
2017-06-15,11592,11630,11540,11630,615030
2017-06-16,11656,11720,11604,11707,603990
2017-06-19,11784,11886,11771,11861,1192040
2017-06-20,11912,11912,11784,11822,762030
2017-06-21,11861,12168,11796,12168,1942410
2017-06-22,12117,12373,12117,12194,1244630
2017-06-23,12194,12245,12091,12155,759780
2017-06-26,12258,12258,11912,11963,1375990
2017-06-27,11912,11937,11643,11707,2818290
2017-06-28,11758,11886,11694,11873,940300
2017-06-29,11861,11950,11861,11912,730260
2017-06-30,11912,12001,11732,12001,1117400
2017-07-03,12001,12001,11861,11886,662700
2017-07-04,11912,11963,11861,11937,922560
2017-07-05,11912,11963,11899,11963,508490
2017-07-06,11976,12270,11937,12270,1924630
2017-07-07,12322,12655,12296,12450,2447400
2017-07-10,12347,12475,12194,12347,1816570
2017-07-11,12270,12322,12040,12194,1027560
2017-07-12,12270,12322,12053,12283,758630
2017-07-13,12245,12514,12219,12514,972830
2017-07-14,12514,12539,12398,12475,541080
2017-07-17,12475,12475,12219,12296,905330
2017-07-18,12194,12296,12130,12245,866850
2017-07-19,12245,12373,11937,12014,984170
2017-07-20,11937,12014,11835,11989,896480
2017-07-21,12040,12117,11835,11835,663330
2017-07-24,11835,11937,11784,11912,596990
2017-07-25,11912,12014,11835,11963,592490
2017-07-26,11963,12245,11963,12245,702050
2017-07-27,12296,12463,12219,12347,1244010
2017-07-28,12347,12463,12270,12437,1611740
2017-07-31,12424,12450,12322,12386,663380
2017-08-01,12411,12667,12347,12552,1455870
2017-08-02,12591,12783,12475,12655,2150390
2017-08-03,12732,13090,12680,12834,1998770
2017-08-04,12885,12911,12693,12834,827080
2017-08-07,12834,12834,12732,12770,766980
2017-08-08,12770,12808,12539,12539,1460460
2017-08-09,12527,12527,12334,12398,1842380
2017-08-10,12296,12539,12296,12527,872820
2017-08-11,12552,12680,12450,12667,548460
2017-08-14,12808,12808,12603,12603,773240
2017-08-15,12603,12603,12424,12527,820690
2017-08-16,12527,12527,12411,12450,814430
2017-08-17,12555,12607,12398,12398,640030
2017-08-18,12398,12502,12267,12424,363920
2017-08-21,12555,12555,12424,12489,355750
2017-08-22,12476,12489,12319,12319,416720
2017-08-23,12293,12424,12293,12345,517300
2017-08-24,12398,12502,12345,12476,433820
2017-08-25,12502,12515,12424,12424,374570
2017-08-28,12372,12450,12358,12450,569140
2017-08-29,12424,12581,12411,12489,828090
2017-08-30,12463,12528,12437,12502,322140
2017-08-31,12502,12764,12502,12685,1115030
2017-09-01,12712,12725,12633,12712,268680
2017-09-05,12712,12712,12620,12685,447330
2017-09-06,12672,12672,12502,12607,510590
2017-09-07,12555,12633,12528,12528,479950
2017-09-08,12555,12555,12476,12476,478140
2017-09-11,12476,12607,12372,12385,843320
2017-09-12,12424,12581,12398,12581,853680
2017-09-13,12633,12921,12633,12751,1944610
2017-09-14,12816,12816,12646,12646,857090
2017-09-15,12633,12685,12555,12607,794420
2017-09-18,12646,12659,12555,12646,803430
2017-09-19,12685,12777,12659,12659,869330
2017-09-20,12725,12751,12646,12725,631410
2017-09-21,12790,12973,12751,12921,2667670
2017-09-22,12973,13065,12921,12934,1394280
2017-09-25,13012,13012,12777,12777,745050
2017-09-26,12777,12816,12685,12816,878850
2017-09-27,12816,12921,12738,12816,868830
2017-09-28,12816,12882,12659,12803,774370
2017-09-29,12790,12816,12712,12751,395560
2017-10-02,12751,12803,12568,12607,911190
2017-10-03,12607,12607,12463,12515,1087970
2017-10-04,12528,12607,12502,12568,518400
2017-10-05,12659,12803,12555,12633,658270
2017-10-06,12633,12764,12633,12751,569960
2017-10-09,12816,12816,12712,12764,585830
2017-10-10,12751,12895,12751,12895,1234640
2017-10-11,12921,13209,12895,13052,2540980
2017-10-12,13078,13444,13078,13339,2004500
2017-10-13,13392,13418,13235,13392,1078760
2017-10-16,13339,13601,13313,13444,1249640
2017-10-17,13470,13470,13313,13470,861260
2017-10-18,13444,13575,13209,13209,1237160
2017-10-19,13209,13392,13104,13235,977340
2017-10-20,13156,13261,13078,13156,767080
2017-10-23,13156,13156,12895,12895,1116150
2017-10-24,12895,13025,12855,12895,879390
2017-10-25,12947,13025,12895,12999,768500
2017-10-26,13025,13052,12816,12973,1089860
2017-10-27,12921,13130,12855,13130,734980
2017-10-30,13130,13287,13052,13078,1707190
2017-10-31,13078,13444,12973,13182,1618160
2017-11-01,13209,13339,13182,13287,907980
2017-11-02,13313,13444,13025,13209,1244900
2017-11-03,13078,13339,12921,13339,1200390
2017-11-06,13444,13549,13313,13444,1608490
2017-11-07,13470,13470,13313,13392,1141790
2017-11-08,13392,13862,13339,13862,3385930
2017-11-09,13967,13993,13705,13758,1720600
2017-11-10,13732,13941,13653,13653,1369700
2017-11-13,13653,14333,13575,14124,4769280
2017-11-14,14255,14516,13993,14098,4332100
2017-11-15,14150,14909,14124,14882,4665890
2017-11-16,15013,15353,14804,14909,3733760
2017-11-17,14987,14987,14621,14830,3930560
2017-11-20,14673,15170,14621,15144,3802520
2017-11-21,15223,15379,14961,14961,3385720
2017-11-22,14909,15170,14909,15170,2596350
2017-11-23,15170,15379,14961,15066,3536130
2017-11-24,15039,15170,14909,15144,2370820
2017-11-27,15170,15615,15170,15223,2653980
2017-11-28,15170,15223,14961,15039,2292500
2017-11-29,15170,15615,15013,15510,3845300
2017-11-30,15667,15693,15275,15275,3002720
2017-12-01,15223,15327,15092,15275,1829280
2017-12-04,15301,15458,15249,15379,2204370
2017-12-05,15379,15510,14987,14987,3558740
2017-12-06,14909,14987,14647,14856,3522030
2017-12-07,14856,15039,14595,14673,1655580
2017-12-08,14647,14778,14412,14516,1924190
2017-12-11,14255,14438,13993,13993,2736380
2017-12-12,14150,14307,13287,14046,3113980
2017-12-13,14202,14333,14046,14307,1625860
2017-12-14,14255,14621,14255,14621,1276430
2017-12-15,14647,14856,14516,14778,1611640
2017-12-18,14909,14961,14673,14726,1793760
2017-12-19,14726,14830,14359,14438,2483570
2017-12-20,14438,14909,14438,14726,1960650
2017-12-21,14856,15013,14673,14752,1845520
2017-12-22,14752,15013,14699,14935,1738070
2017-12-25,14987,15196,14987,15066,2393910
2017-12-26,15170,15170,14935,14935,1246050
2017-12-27,15039,15039,14804,14830,1703070
2017-12-28,14830,15066,14778,14961,1916250
2017-12-29,14961,15066,14909,14935,1559860
2018-01-02,14987,15641,14961,15641,5022160
2018-01-03,15824,15876,15563,15641,2829930
2018-01-04,15693,15955,15667,15955,2784800
2018-01-05,15955,15981,15667,15693,2851450
2018-01-08,15589,15929,15510,15929,2529030
2018-01-09,15955,16295,15772,16243,4010010
2018-01-10,16216,16478,15981,16086,2610670
2018-01-11,15981,16190,15876,16086,2420150
2018-01-12,16164,16216,15746,15746,2824950
2018-01-15,15719,16007,15615,15955,2296030
2018-01-16,15929,16086,15772,15955,1512380
2018-01-17,15955,15981,15432,15432,2259230
2018-01-18,15249,15432,15066,15432,3314290
2018-01-19,15432,15641,15406,15406,2002690
2018-01-22,15563,16086,15536,15929,2509650
2018-01-23,15929,15929,15929,15929,0
2018-01-24,15929,15929,15929,15929,0
2018-01-25,16086,16373,15929,15981,5368250
2018-01-26,16216,16216,15824,15903,1631780
2018-01-29,15929,16190,15667,15772,1335440
2018-01-30,15641,16740,15563,16740,4719350
2018-01-31,16949,17132,16452,16452,3988780
2018-02-01,16452,16609,16112,16112,2086500
2018-02-02,16112,16164,15824,15955,1671290
2018-02-05,15719,15903,14935,14935,3754890
2018-02-06,13915,14778,13915,14176,5312890
2018-02-07,14909,14987,14647,14804,1872960
2018-02-08,14647,14909,14386,14438,1709000
2018-02-09,13732,14386,13732,14386,2139970
2018-02-12,14726,14935,14255,14935,1166010
2018-02-13,15223,15510,15118,15432,1448350
2018-02-21,15719,15772,15432,15536,1574450
2018-02-22,15510,15563,15223,15275,1433060
2018-02-23,15301,15850,15301,15824,1607200
2018-02-26,15955,16164,15798,15798,2467750
2018-02-27,15876,15903,15563,15641,1415610
2018-02-28,15484,15798,15458,15641,1835710
2018-03-01,15536,16007,15458,15903,2114250
2018-03-02,15824,16033,15693,15981,1840930
2018-03-05,16033,16870,16033,16086,6025340
2018-03-06,16347,16556,16138,16556,2577540
2018-03-07,16609,16661,16086,16269,2000410
2018-03-08,16216,16347,16033,16269,1316600
2018-03-09,16400,16504,16086,16112,2068410
2018-03-12,16216,16373,16059,16059,1611250
2018-03-13,16007,16007,15536,15719,4159670
2018-03-14,15719,15903,15536,15903,2070230
2018-03-15,15955,15981,15772,15850,1189330
2018-03-16,15850,15903,15615,15719,1426890
2018-03-19,15746,15850,15667,15824,1337110
2018-03-20,15746,16295,15693,16033,2921440
2018-03-21,16033,16164,15955,15955,999470
2018-03-22,15955,16059,15719,15719,1264760
2018-03-23,15432,15589,15170,15327,2833670
2018-03-26,15327,15536,15327,15484,940840
2018-03-27,15667,15719,15432,15563,993260
2018-03-28,15458,15536,15379,15406,660440
2018-03-29,15536,15615,15432,15563,827280
2018-03-30,15589,16033,15536,15876,2434830
2018-04-02,16086,16138,15955,16086,2194820
2018-04-03,16007,16059,15929,16007,1140770
2018-04-04,16216,16426,16112,16138,2297950
2018-04-05,16216,16661,16086,16478,2874100
2018-04-06,16792,16818,16400,16400,3614250
2018-04-09,16373,16635,16373,16583,1502210
2018-04-10,16635,17053,16609,16844,4490010
2018-04-11,16949,17106,16478,16478,3296390
2018-04-12,16478,16635,16243,16635,1321110
2018-04-13,16713,16713,16216,16216,2146710
2018-04-16,16216,16321,15929,15981,1181050
2018-04-17,16086,16216,15929,16216,1105060
2018-04-18,16295,16452,16190,16216,1247240
2018-04-19,16216,16243,15876,15876,2377390
2018-04-20,15955,16086,15772,16033,972550
2018-04-23,16033,16138,14961,15170,1461440
2018-04-24,15013,15301,14673,14752,1850860
2018-04-26,14882,15092,14386,14386,2031810
2018-04-27,14386,15013,14359,14909,1597710
2018-05-02,15118,15170,14856,14909,1370180
2018-05-03,14856,15170,14569,15170,2162850
2018-05-04,15301,15432,15223,15379,1171180
2018-05-07,15379,15589,15327,15589,878040
2018-05-08,15484,15589,15379,15432,1114210
2018-05-09,15327,15458,15196,15275,1004740
2018-05-10,15275,15536,15170,15249,1546130
2018-05-11,15170,15563,15170,15563,1169610
2018-05-14,15719,16138,15589,16112,2012550
2018-05-15,16216,16216,15955,16059,910810
2018-05-16,15955,16059,15824,15824,672930
2018-05-17,15798,16059,15798,15850,719700
2018-05-18,15850,15955,15379,15903,979930
2018-05-21,16007,16321,15955,15955,1483830
2018-05-22,15955,16086,15563,15615,1101490
2018-05-23,15693,15955,15563,15850,1077080
2018-05-24,15929,16007,15563,15563,1035660
2018-05-25,15738,15738,15090,15090,788360
2018-05-28,14565,14874,14041,14041,2034970
2018-05-29,14041,14874,13840,14627,2350500
2018-05-30,14596,14596,14010,14025,1590980
2018-05-31,13902,14411,13886,14195,1105040
2018-06-01,14195,14411,14102,14334,1291490
2018-06-04,14349,14642,14303,14581,1150670
2018-06-05,14658,14843,14565,14750,1347750
2018-06-06,14812,14966,14596,14966,1017540
2018-06-07,15090,15090,14719,14750,1138280
2018-06-08,14781,14874,14658,14797,1050890
2018-06-11,14735,14797,14658,14658,721890
2018-06-12,14658,14658,14102,14287,1257200
2018-06-13,14195,14473,14195,14442,452120
2018-06-14,14503,14581,14380,14380,460360
2018-06-15,14287,14411,14272,14349,442100
2018-06-18,14473,14473,14010,14010,693660
2018-06-19,13917,13917,13177,13732,2015520
2018-06-20,13855,14010,13578,14010,650560
2018-06-21,14010,14010,13609,13701,349770
2018-06-22,13670,13886,13547,13886,375270
2018-06-25,14010,14010,13855,13917,511540
2018-06-26,13732,13825,13670,13732,240850
2018-06-27,13855,13855,13655,13670,256990
2018-06-28,13670,13670,13115,13115,1175250
2018-06-29,13115,13269,12806,12806,759780
2018-07-02,12806,12930,12343,12405,979030
2018-07-03,12405,12544,12035,12035,1351030
2018-07-04,12050,12343,11880,12343,980200
2018-07-05,12343,12374,11880,12189,711240
2018-07-06,12035,12868,12004,12590,913260
2018-07-09,12652,12760,12282,12390,583920
2018-07-10,12436,12559,12343,12467,249100
2018-07-11,12189,12343,11911,12096,801770
2018-07-12,11911,12235,11880,11973,684480
2018-07-13,12189,12590,12127,12528,1060620
2018-07-16,12683,12806,12544,12621,645230
2018-07-17,12559,12930,12513,12930,1297460
2018-07-18,12960,13238,12930,13238,1096080
2018-07-19,13022,13238,13022,13115,753150
2018-07-20,13053,13053,12729,12837,851350
2018-07-23,13022,13177,12914,12960,1111700
2018-07-24,12960,13099,12775,13022,1167460
2018-07-25,13053,13516,13022,13084,1326030
2018-07-26,13177,13269,12991,13130,717640
2018-07-27,13238,13547,13130,13362,1291840
2018-07-30,13393,13423,13331,13362,1197220
2018-07-31,13362,13423,13207,13207,1591210
2018-08-01,13177,13285,12930,12960,2431450
2018-08-02,12960,13177,12837,13177,726710
2018-08-03,13269,13300,13084,13146,719840
2018-08-06,13084,13177,13038,13038,350030
2018-08-07,13053,13053,12883,12945,645810
2018-08-08,12945,13146,12930,13115,764020
2018-08-09,13269,13331,13130,13207,1232720
2018-08-10,13207,13408,13177,13300,797270
2018-08-13,13300,13485,13300,13408,1038760
2018-08-14,13501,13686,13454,13670,1601310
2018-08-15,13670,13794,13485,13516,1658080
2018-08-16,13547,13579,13405,13579,1378580
2018-08-17,13642,13737,13579,13737,928050
2018-08-20,13737,13989,13626,13800,955270
2018-08-21,13768,13831,13705,13800,720470
2018-08-22,13816,13989,13800,13910,1152700
2018-08-23,13926,14052,13926,14021,1004880
2018-08-24,14021,14052,13863,14037,629740
2018-08-27,13989,14052,13958,14021,808140
2018-08-28,13989,14037,13910,13958,909720
2018-08-29,13942,14021,13879,13958,775370
2018-08-30,13958,13958,13879,13942,632170
2018-08-31,13942,14179,13926,13958,1027280
2018-09-04,13926,14116,13894,13926,634400
2018-09-05,13910,13958,13579,13673,843460
2018-09-06,13610,13673,13373,13373,1206190
2018-09-07,13421,13579,13373,13579,508770
2018-09-10,13642,13642,13437,13437,367280
2018-09-11,13437,13642,13437,13626,562280
2018-09-12,13737,13800,13594,13594,477500
2018-09-13,13800,13863,13642,13705,646170
2018-09-14,13768,14116,13768,14068,2772660
2018-09-17,14052,14052,13926,13926,564810
2018-09-18,13800,14147,13800,14147,799660
2018-09-19,14210,14416,14147,14352,1352060
2018-09-20,14226,14589,14226,14494,1126260
2018-09-21,14542,14542,14273,14494,1327270
2018-09-24,14494,14684,14463,14558,991190
2018-09-25,14526,14558,14463,14494,746530
2018-09-26,14526,14779,14479,14542,1028940
2018-09-27,14542,14684,14542,14589,750790
2018-09-28,14684,14684,14605,14621,559790
2018-10-01,14621,14668,14510,14526,519760
2018-10-02,14479,14526,14289,14305,854660
2018-10-03,14305,14431,14289,14368,373060
2018-10-04,14368,14526,14337,14479,471280
2018-10-05,14510,14526,14384,14400,508450
2018-10-08,14368,14368,14210,14210,511810
2018-10-09,14210,14258,14116,14116,399440
2018-10-10,14116,14337,14116,14305,695690
2018-10-11,13894,14021,13358,13484,2177930
2018-10-12,13421,13894,13168,13831,1377940
2018-10-15,13831,13894,13579,13579,495650
2018-10-16,13737,13737,13484,13658,603710
2018-10-17,13831,13894,13737,13768,474320
2018-10-18,13800,13894,13705,13768,710630
2018-10-19,13579,13737,13547,13579,925420
2018-10-22,13705,13800,13610,13626,429360
2018-10-23,13626,13626,13137,13326,1150850
2018-10-24,13279,13437,13200,13200,562380
2018-10-25,12631,13042,12631,12963,757730
2018-10-26,13105,13184,12884,12884,919770
2018-10-29,12789,13089,12789,12947,462380
2018-10-30,12979,13200,12900,12947,452630
2018-10-31,13184,13263,13042,13247,325140
2018-11-01,13279,13389,13231,13231,469760
2018-11-02,13373,13579,13279,13547,593810
2018-11-05,13452,13579,13326,13437,265620
2018-11-06,13484,13500,13294,13310,470930
2018-11-07,13310,13421,13152,13216,495560
2018-11-08,13342,13389,13247,13310,352130
2018-11-09,13200,13294,13010,13026,635120
2018-11-12,13010,13247,12994,13247,273110
2018-11-13,13010,13184,13010,13152,438030
2018-11-14,13231,13342,13137,13342,752440
2018-11-15,13263,13389,13168,13326,498790
2018-11-16,13421,13547,13342,13500,639910
2018-11-19,13579,13642,13516,13626,396020
2018-11-20,13642,13705,13531,13705,550140
2018-11-21,13516,13705,13484,13705,513360
2018-11-22,13705,13768,13658,13705,323300
2018-11-23,13610,13721,13579,13594,346060
2018-11-26,13594,13594,13405,13405,483470
2018-11-27,13547,13547,13421,13500,341670
2018-11-28,13500,13531,13437,13516,256240
2018-11-29,13673,13737,13547,13547,523610
2018-11-30,13547,13563,13468,13547,323780
2018-12-03,13642,14179,13642,14179,1136360
2018-12-04,14179,14368,14131,14194,1011170
2018-12-05,14037,14194,14021,14084,605880
2018-12-06,14052,14147,13910,14021,484120
2018-12-07,14084,14321,14084,14242,763170
2018-12-10,14147,14210,13958,13958,694990
2018-12-11,13989,14052,13863,13910,382700
2018-12-12,13910,14068,13910,14037,664120
2018-12-13,14194,14289,14052,14084,780570
2018-12-14,14084,14147,13926,13942,787920
2018-12-17,13926,13926,13579,13579,777640
2018-12-18,13373,13516,13216,13263,1125660
2018-12-19,13263,13452,13216,13294,471580
2018-12-20,13358,13389,13279,13279,461210
2018-12-21,13231,13421,13231,13421,453810
2018-12-24,13452,13516,13263,13263,212530
2018-12-25,13073,13105,12947,13105,732310
2018-12-26,13105,13216,13073,13073,333590
2018-12-27,13294,13342,13200,13200,454860
2018-12-28,13279,13326,13200,13326,387170
2019-01-02,13200,13310,12994,13010,459120
2019-01-03,13089,13089,12852,12884,716600
2019-01-04,12821,13089,12789,12979,318570
2019-01-07,13200,13294,13137,13200,408470
2019-01-08,13200,13263,13168,13263,295660
2019-01-09,13294,13452,13231,13389,309040
2019-01-10,13389,13437,13310,13310,207330
2019-01-11,13389,13437,13279,13326,596090
2019-01-14,13358,13452,13263,13421,398400
2019-01-15,13358,13516,13358,13516,339480
2019-01-16,13579,13579,13437,13437,186590
2019-01-17,13421,13500,13263,13263,379770
2019-01-18,13294,13421,13263,13263,227150
2019-01-21,13326,13516,13326,13421,247800
2019-01-22,13421,13500,13373,13373,141480
2019-01-23,13358,13389,13310,13373,193460
2019-01-24,13389,13452,13373,13405,234470
2019-01-25,13389,13452,13358,13389,213470
2019-01-28,13421,13421,13294,13294,216330
2019-01-29,13389,13421,13263,13421,430580
2019-01-30,13421,13705,13389,13642,689260
2019-01-31,13673,13705,13547,13642,517260
2019-02-01,13642,13642,13105,13452,599890
2019-02-11,13579,13989,13484,13942,1000430
2019-02-12,13894,14084,13863,13863,701570
2019-02-13,13894,14210,13894,14068,1125370
2019-02-14,14100,14179,13973,13973,616980
2019-02-15,13973,14037,13894,13958,647230
2019-02-18,14052,14084,13926,14021,306310
2019-02-19,14116,14258,13989,14021,1470880
2019-02-20,13989,14226,13989,14163,499430
2019-02-21,14116,14179,13989,14147,749950
2019-02-22,14147,14337,14021,14273,1243720
2019-02-25,14384,14589,14352,14368,1023660
2019-02-26,14400,14400,14210,14273,663220
2019-02-27,14273,14352,14179,14242,485650
2019-02-28,14242,14242,13958,13958,1372190
2019-03-01,14068,14084,13942,14084,590780
2019-03-04,14084,14273,14084,14210,806770
2019-03-05,14210,14273,14147,14179,824300
2019-03-06,14194,14242,14037,14084,695230
2019-03-07,14084,14210,14084,14131,374340
2019-03-08,14116,14147,14037,14100,693180
2019-03-11,14100,14163,14037,14052,364520
2019-03-12,14131,14684,14131,14684,1930870
2019-03-13,14684,14747,14589,14589,1001890
2019-03-14,14589,14684,14526,14637,510200
2019-03-15,14605,14621,14447,14526,1041840
2019-03-18,14621,14668,14510,14589,994080
2019-03-19,14589,14621,14431,14431,914720
2019-03-20,14400,14494,14289,14352,797270
2019-03-21,14463,14463,14242,14242,825740
2019-03-22,14242,14337,14226,14226,687690
2019-03-25,13958,14210,13958,14021,633520
2019-03-26,14210,14210,14052,14131,386120
2019-03-27,14147,14242,14147,14210,589040
2019-03-28,14131,14321,14131,14258,362360
2019-03-29,14400,14400,14305,14368,446750
2019-04-01,14494,14494,14368,14463,327500
2019-04-02,14463,14747,14463,14526,1354480
2019-04-03,14652,14905,14526,14905,1034100
2019-04-04,15000,15221,14921,15094,1716130
2019-04-05,15094,15126,14984,15094,615200
2019-04-08,15047,15158,14984,15094,452660
2019-04-09,15094,15315,14937,14937,1011680
2019-04-10,14842,14937,14763,14810,731100
2019-04-11,14810,15000,14794,14842,359910
2019-04-12,14794,15284,14794,15221,875090
2019-04-16,15000,15221,15000,15126,907000
2019-04-17,15252,15631,15221,15315,1959530
2019-04-18,15315,15552,15173,15315,975930
2019-04-19,15379,15442,15284,15300,453980
2019-04-22,15315,15315,15094,15126,826090
2019-04-23,15126,15300,15000,15126,549400
2019-04-24,15315,15363,15189,15331,855130
2019-04-25,15315,15521,15300,15410,970660
2019-04-26,15442,15710,15410,15647,864950
2019-05-02,15726,15852,15679,15742,885020
2019-05-03,15758,15789,15663,15789,1059570
2019-05-06,15473,15600,15300,15394,1455140
2019-05-07,15505,15694,15489,15694,1094880
2019-05-08,15568,15694,15473,15679,959020
2019-05-09,15663,15679,15347,15347,860940
2019-05-10,15473,15552,15394,15473,1027830
2019-05-13,15473,15726,15473,15631,850540
2019-05-14,15600,16042,15505,15852,1560830
2019-05-15,15947,15979,15821,15915,1539940
2019-05-16,15915,16010,15679,15679,1891290
2019-05-17,15952,15952,15704,15757,1487590
2019-05-20,15775,16059,15775,16041,1792130
2019-05-21,16129,16324,16076,16271,1016530
2019-05-22,16289,16360,16041,16041,1563650
2019-05-23,16041,16236,16023,16200,1267520
2019-05-24,16129,16289,16041,16165,1014750
2019-05-27,16059,16112,15828,16041,1261950
2019-05-28,15952,16094,15864,15899,518470
2019-05-29,15899,15899,15598,15633,1505300
2019-05-30,15633,15846,15562,15793,986450
2019-05-31,15810,15881,15633,15633,611860
2019-06-03,15598,15633,15420,15420,881810
2019-06-04,15420,15491,15332,15350,537160
2019-06-05,15420,15562,15420,15456,500100
2019-06-06,15527,15846,15456,15775,922740
2019-06-07,15881,16041,15846,16023,1304680
2019-06-10,16129,16200,15881,15988,1227340
2019-06-11,15988,16165,15917,16023,1296500
2019-06-12,16023,16165,15952,15970,1284520
2019-06-13,15970,15988,15775,15793,856270
2019-06-14,15810,15917,15740,15740,559800
2019-06-17,15633,15775,15562,15615,1013550
2019-06-18,15722,15757,15509,15615,763680
2019-06-19,15704,15846,15669,15828,530820
2019-06-20,15899,16094,15828,16094,1356030
2019-06-21,16129,16165,16041,16094,872460
2019-06-24,16094,16112,16005,16005,726160
2019-06-25,15952,16502,15881,16484,3269450
2019-06-26,16484,16484,16342,16360,1014470
2019-06-27,16324,16342,16059,16094,1221860
2019-06-28,16094,16307,15917,16129,2479220
2019-07-01,16307,16697,16271,16697,2551280
2019-07-02,16661,16838,16537,16626,1600280
2019-07-03,16555,16626,16502,16590,1275860
2019-07-04,16661,16732,16590,16643,1275800
2019-07-05,16590,16661,16449,16519,1137770
2019-07-08,16484,16626,16324,16413,1303050
2019-07-09,16413,16608,16342,16573,992570
2019-07-10,16643,16821,16590,16679,1281980
2019-07-11,16714,16750,16590,16661,854140
2019-07-12,16697,16821,16590,16661,1241970
2019-07-15,16643,16856,16608,16768,1176060
2019-07-16,16785,16945,16750,16768,1160000
2019-07-17,16768,16838,16661,16679,1292630
2019-07-18,16661,16697,16590,16590,1035440
2019-07-19,16643,17122,16626,17087,2811560
2019-07-22,17087,17246,16998,17140,1755780
2019-07-23,17193,17299,17051,17299,948550
2019-07-24,17494,17512,17228,17228,1952770
2019-07-25,17228,17352,17193,17246,1157100
2019-07-26,17193,17299,17140,17299,1043020
2019-07-29,17299,17299,17087,17228,1130450
2019-07-30,17228,17228,16909,16945,2092220
2019-07-31,16945,17158,16838,17158,1111880
2019-08-01,17158,17228,17087,17140,965060
2019-08-02,17033,17370,16963,17299,1451900
2019-08-05,17370,17654,17299,17370,2322100
2019-08-06,17087,17477,17087,17352,1304570
2019-08-07,17370,17636,17352,17636,1246410
2019-08-08,17672,17937,17672,17831,2085510
2019-08-09,17831,18221,17725,18115,1751680
2019-08-12,18115,18646,17973,18540,1817920
2019-08-13,18469,18859,18327,18611,2237980
2019-08-14,18788,19036,18717,18859,2205370
2019-08-15,18751,19148,18570,19148,2223880
2019-08-16,19148,19907,18787,18787,4531020
2019-08-19,18787,19040,18498,18931,2849780
2019-08-20,18931,19509,18931,19509,2277750
2019-08-21,19546,19690,19293,19365,1808020
2019-08-22,19365,19618,19112,19148,1892640
2019-08-23,19184,19654,19004,19654,1868200
2019-08-26,19329,19582,19329,19401,1756160
2019-08-27,19509,19618,19076,19076,1566370
2019-08-28,19148,19220,18823,18823,1537860
2019-08-29,18859,19076,18751,19040,972940
2019-08-30,19148,19293,19112,19184,708360
2019-09-03,19148,19509,19148,19401,1360230
2019-09-04,19401,19582,19148,19220,1655300
2019-09-05,19293,19329,19004,19004,1243680
2019-09-06,19112,19220,18895,19112,1142710
2019-09-09,19148,19654,18968,19437,2507800
2019-09-10,19582,19654,19365,19509,1731610
2019-09-11,19509,19582,19293,19546,1179670
2019-09-12,19654,20413,19654,20413,3799910
2019-09-13,20413,20738,20340,20521,2123900
2019-09-16,20557,20955,20485,20846,1339560
2019-09-17,20702,20991,20629,20810,1194690
2019-09-18,20918,20918,20340,20377,2592910
2019-09-19,20449,20882,20304,20882,1432730
2019-09-20,20846,21244,20810,21027,1396120
2019-09-23,20955,21063,20413,20413,2313090
2019-09-24,20377,20593,20160,20304,2537600
2019-09-25,20340,20738,20268,20738,1442410
2019-09-26,20846,20955,20666,20846,992640
2019-09-27,20810,21244,20738,21135,2510520
2019-09-30,21424,21497,20846,20846,2199170
2019-10-01,20846,21135,20810,21135,1644130
2019-10-02,21135,21171,20666,20666,2439020
2019-10-03,20449,20738,20377,20666,2804850
2019-10-04,20774,20774,20485,20521,1271210
2019-10-07,20521,20666,20051,20051,2371810
2019-10-08,20051,20304,19943,20268,1337220
2019-10-09,20340,20593,20160,20377,937530
2019-10-10,20449,20593,20377,20377,808000
2019-10-11,20485,20557,20377,20413,794420
2019-10-14,20593,21027,20521,20846,2231030
2019-10-15,20882,20882,20738,20738,663910
2019-10-16,20882,20955,20738,20774,829050
2019-10-17,20738,20774,20449,20485,1621590
2019-10-18,20521,20810,20449,20629,1447340
2019-10-21,20738,20738,20340,20413,1260490
2019-10-22,20413,20449,20124,20340,1534380
2019-10-23,20232,20593,20232,20377,747810
2019-10-24,20521,21027,20377,21027,2233890
2019-10-25,21063,21135,20846,20955,1355310
2019-10-28,20955,21244,20882,20991,1494820
2019-10-29,21027,21063,20882,20918,953020
2019-10-30,20918,20991,20810,20882,1102070
2019-10-31,20955,21207,20882,20918,1263390
2019-11-01,20955,21207,20810,21135,1732950
2019-11-04,21207,21858,21207,21641,5811560
2019-11-05,21713,21713,21460,21605,1239520
2019-11-06,21605,21822,21497,21497,1551610
2019-11-07,21497,21641,21388,21497,1438030
2019-11-08,21605,21605,21388,21533,1219540
2019-11-11,21569,21894,21497,21677,2180490
2019-11-12,21677,22147,21677,22038,2842650
2019-11-13,22111,22147,21858,21858,1333940
2019-11-14,21858,22038,20774,21063,4799390
2019-11-15,21063,21244,20846,21171,2568040
2019-11-18,21099,21244,20629,20774,2794920
2019-11-19,20774,21063,20774,21063,1059770
2019-11-20,21027,21027,20449,20521,2291760
2019-11-21,20521,20629,20196,20232,3303950
2019-11-22,20340,20629,20051,20232,1625820
2019-11-25,20268,20593,20160,20449,1087990
2019-11-26,20593,20666,20521,20629,968690
2019-11-27,20666,20738,20557,20593,812280
2019-11-28,20557,20557,20160,20232,1370820
2019-11-29,20232,20521,20160,20377,739370
2019-12-02,20413,20413,19726,19726,1992380
2019-12-03,19582,19943,19257,19690,1619120
2019-12-04,19690,20051,19509,20015,932130
2019-12-05,20051,20160,19798,19835,1144000
2019-12-06,19871,20015,19762,19871,556160
2019-12-09,19943,20160,19871,19979,700960
2019-12-10,19979,20160,19798,20051,797100
2019-12-11,20051,20449,19943,20413,877960
2019-12-12,20521,20666,20485,20593,942410
2019-12-13,20666,20774,20557,20629,1681700
2019-12-16,20629,20629,20377,20413,968130
2019-12-17,20304,20377,19907,20015,2211360
2019-12-18,20015,20232,19871,20051,1022490
2019-12-19,20051,20304,20015,20160,817820
2019-12-20,20232,20485,20160,20413,777100
2019-12-23,20557,20593,20232,20268,766000
2019-12-24,20377,20413,20268,20377,692100
2019-12-25,20377,20918,20377,20774,1604350
2019-12-26,20882,20991,20738,20738,1124500
2019-12-27,20738,20882,20521,20810,1004860
2019-12-30,20882,21280,20810,21171,2881060
2019-12-31,21171,21207,20955,21063,689030
2020-01-02,21063,21316,20955,21171,896720
2020-01-03,21280,21352,20738,20810,2047880
2020-01-06,20629,20810,20521,20593,1091660
2020-01-07,20702,20991,20593,20991,837240
2020-01-08,20774,20846,20521,20521,1814290
2020-01-09,20702,20846,20629,20810,967050
2020-01-10,20774,20882,20629,20774,1018650
2020-01-13,20738,20810,20593,20629,786760
2020-01-14,20629,20738,20593,20593,721680
2020-01-15,20593,20629,20521,20593,940870
2020-01-16,20593,21027,20593,20955,1942970
2020-01-17,20955,20991,20593,20810,1388810
2020-01-20,20774,20955,20666,20738,1227100
2020-01-21,20882,20955,20051,20051,4351820
2020-01-22,19871,20413,19762,20413,3165650
2020-01-30,19979,20160,19473,19762,2638460
2020-01-31,19509,19835,18787,18787,4118150
2020-02-03,17920,18968,17703,18606,3602970
2020-02-04,18931,18931,18426,18715,1651440
2020-02-05,18895,19076,18787,18787,1648620
2020-02-06,18968,19365,18715,19365,1708550
2020-02-07,19148,19329,19076,19257,1218660
2020-02-10,18931,19148,18823,19004,738090
2020-02-11,19112,19401,19040,19365,1085380
2020-02-12,19437,19762,19401,19546,1104870
2020-02-13,19546,19690,19401,19618,1030570
2020-02-14,19546,19690,19509,19690,884240
2020-02-17,19726,19726,19509,19582,726390
2020-02-18,19654,20232,19618,20232,1760940
2020-02-19,20196,20304,20051,20124,681250
2020-02-20,20268,20377,20051,20160,780810
2020-02-21,20196,20196,19762,19762,1458040
2020-02-24,19184,19473,18968,18968,2261990
2020-02-25,18823,19509,18787,19509,1407720
2020-02-26,19293,19943,19148,19871,3221270
2020-02-27,19871,20413,19726,20232,2927040
2020-02-28,19871,20124,19726,19907,2132200
2020-03-02,19907,20304,19798,20124,1787060
2020-03-03,20304,20593,20124,20196,1193800
2020-03-04,20051,20051,19835,20051,1660790
2020-03-05,20051,20196,19726,19726,1296450
2020-03-06,19582,19618,19329,19509,1305030
2020-03-09,18498,18787,18173,18173,4735140
2020-03-10,18426,18787,18173,18678,2030340
2020-03-11,18787,18968,17884,18353,2753310
2020-03-12,17559,17811,17089,17378,3981670
2020-03-13,16366,18064,16330,17396,2919140
2020-03-16,17396,17956,17161,17197,1898960
2020-03-17,16980,17522,16800,17522,2474650
2020-03-18,17703,17739,17468,17486,1642800
2020-03-19,17197,17378,17197,17233,1296590
2020-03-20,17414,17432,17107,17233,1291360
2020-03-23,16655,16944,16041,16041,2826690
2020-03-24,16258,16258,15716,16077,2191500
2020-03-25,16619,16764,16312,16619,2131790
2020-03-26,16439,16565,15969,15969,2358310
2020-03-27,16041,16041,15499,15571,2633750
2020-03-30,14632,14849,14488,14596,2157690
2020-03-31,15029,15319,14488,14849,1663050
2020-04-01,14740,15608,14740,15282,1453030
2020-04-03,15535,16131,15427,16113,2072000
2020-04-06,16619,17161,16439,17161,2718990
2020-04-07,17161,17233,16800,17089,2463810
2020-04-08,16655,16999,16529,16926,1576670
2020-04-09,16980,17197,16800,16926,2142370
2020-04-10,16836,16980,16583,16764,1882020
2020-04-13,16764,16980,16655,16800,1255360
2020-04-14,17197,17884,16980,17884,4072050
2020-04-15,18245,18353,18010,18100,2205200
2020-04-16,17956,18353,17811,18173,1508480
2020-04-17,18498,18534,18137,18498,2631630
2020-04-20,18751,18787,18317,18534,2239780
2020-04-21,18245,18389,17667,17811,3737050
2020-04-22,17631,18498,17595,18462,2445860
2020-04-23,18823,18859,18426,18426,1363410
2020-04-24,18389,18498,18100,18426,1411380
2020-04-27,18606,18606,18245,18317,1419750
2020-04-28,18317,18353,18137,18317,974310
2020-04-29,18353,18570,18245,18353,1349230
2020-05-04,18137,18389,17992,18245,895530
2020-05-05,18353,18426,18209,18389,677990
2020-05-06,18426,19184,18426,19112,3470150
2020-05-07,19148,19329,18931,19329,2030720
2020-05-08,19365,19907,19365,19401,3585320
2020-05-11,19509,19654,19257,19509,2119430
2020-05-12,19509,19654,19365,19654,2828190
2020-05-13,20104,20972,20062,20887,6853810
2020-05-14,20718,20782,20528,20612,2597400
2020-05-15,20443,20697,20210,20316,2430890
2020-05-18,20104,20464,20062,20464,2000950
2020-05-19,20824,21036,20570,20845,2879030
2020-05-20,20739,20739,20549,20697,1245380
2020-05-21,20697,20866,20676,20866,2007060
2020-05-22,20739,20739,20506,20506,1731720
2020-05-25,20506,20570,20231,20506,2033000
2020-05-26,20528,20655,20464,20655,1615680
2020-05-27,20697,20909,20316,20316,2098580
2020-05-28,20401,20570,20316,20316,1194380
2020-05-29,20316,20358,20104,20295,1346170
2020-06-01,20316,20464,20316,20443,1298150
2020-06-02,20443,20528,20316,20316,1456730
2020-06-03,20316,20718,20274,20591,1893060
2020-06-04,20697,20697,20485,20485,1260060
2020-06-05,20485,20612,20379,20612,1236200
2020-06-08,20739,21162,20739,20887,4113250
2020-06-09,20993,21014,20697,20718,1491540
2020-06-10,20739,20739,20485,20655,1307540
2020-06-11,20655,20655,19469,19469,4278060
2020-06-12,19046,19893,19046,19893,3145450
2020-06-15,20316,20316,19427,19469,1207500
2020-06-16,19723,19808,19596,19723,1100730
2020-06-17,19766,19787,19575,19618,788630
2020-06-18,19596,19766,19533,19723,822980
2020-06-19,19723,19893,19723,19893,745470
2020-06-22,19893,19893,19829,19893,787180
2020-06-23,19872,20485,19787,20126,1693730
2020-06-24,20274,20295,19914,19977,607000
2020-06-25,19745,19935,19723,19808,730810
2020-06-26,19808,19956,19766,19829,602880
2020-06-29,19723,19723,19406,19491,1281220
2020-06-30,19533,19639,19216,19321,1594210
2020-07-01,19469,19596,19385,19554,866660
2020-07-02,19596,19596,19448,19533,539160
2020-07-03,19681,19681,19512,19575,529760
2020-07-06,19681,19872,19596,19808,1089910
2020-07-07,19893,20274,19893,20083,2739150
2020-07-08,20020,20274,20020,20189,1472610
2020-07-09,20274,20485,20231,20464,2298900
2020-07-10,20358,20422,20104,20231,1164310
2020-07-13,20316,20718,20210,20591,2662490
2020-07-14,20443,20676,20443,20549,1549540
2020-07-15,20633,20718,20485,20570,1516540
2020-07-16,20549,20633,20485,20570,1060530
2020-07-17,20528,20528,20358,20358,1313100
2020-07-20,20358,20401,20041,20062,2049680
2020-07-21,20104,20295,19999,20231,940230
2020-07-22,20316,20316,20020,20062,817890
2020-07-23,20062,20210,19935,20210,918630
2020-07-24,20062,20126,19216,19427,3170540
2020-07-27,19046,19427,18454,18496,3274350
2020-07-28,18792,19385,18686,19343,1953510
2020-07-29,18792,19004,18538,18856,1554200
2020-07-30,18877,19110,18877,19110,612240
2020-07-31,18623,19131,18623,18835,1106250
2020-08-03,18877,19427,18835,19427,1392200
2020-08-04,19681,19808,19554,19702,1051310
2020-08-05,19681,19956,19575,19893,1328520
2020-08-06,19893,19999,19766,19808,1153660
2020-08-07,19808,20231,19808,19935,1283690
2020-08-10,20041,20231,19935,19977,1160370
2020-08-11,20083,20083,19893,19893,1209690
2020-08-12,19935,20104,19850,20104,1233230
2020-08-13,20295,20295,20104,20295,1709100
2020-08-14,20358,20401,20083,20231,1633770
2020-08-17,20274,20317,20101,20317,1048820
2020-08-18,20317,20382,20231,20253,625200
2020-08-19,20274,20339,20166,20253,877190
2020-08-20,20274,20512,20253,20339,1824430
2020-08-21,20425,20534,20404,20490,1260210
2020-08-24,20728,21009,20685,20944,3540210
2020-08-25,21009,21160,20987,21117,3304670
2020-08-26,21095,21117,20836,20923,1328990
2020-08-27,20858,21657,20858,21549,3724990
2020-08-28,21701,22090,21571,21571,4009380
2020-08-31,21571,21744,21333,21398,1940640
2020-09-01,21398,21830,21333,21571,1757410
2020-09-03,21787,21830,21571,21787,2281510
2020-09-04,21398,21614,21398,21614,1538510
2020-09-07,21593,21614,20966,20966,2270970
2020-09-08,21074,21398,20966,21398,1628870
2020-09-09,21031,21398,21009,21268,1490820
2020-09-10,21398,21528,21225,21268,1005950
2020-09-11,21182,21268,21117,21247,872160
2020-09-14,21290,21398,21225,21312,1127400
2020-09-15,21398,21614,21312,21614,1906730
2020-09-16,21614,21960,21614,21830,1918130
2020-09-17,21744,21830,21571,21614,1563010
2020-09-18,21657,22219,21614,22133,3306720
2020-09-21,22176,22349,22133,22133,1530250
2020-09-22,21960,22176,21874,22176,1630570
2020-09-23,22176,22263,21960,22090,1797680
2020-09-24,21917,22047,21701,21830,1728380
2020-09-25,21917,21960,21614,21960,1205550
2020-09-28,22003,22176,21874,22090,1312300
2020-09-29,22219,22219,21701,21701,1900490
2020-09-30,21701,21787,21506,21614,2500310
2020-10-01,21701,21960,21701,21960,905510
2020-10-02,21960,22090,21182,21744,1947940
2020-10-05,21787,21960,21571,21830,1498360
2020-10-06,21960,22003,21744,21830,1520290
2020-10-07,21701,21917,21701,21787,1493710
2020-10-08,21830,22263,21744,22090,3062690
2020-10-09,22047,22133,21960,21960,1173500
2020-10-12,22003,22219,21874,22003,1550680
2020-10-13,22003,22047,21830,21917,1222200
2020-10-14,21960,22219,21787,22047,2409760
2020-10-15,22133,22219,21917,22133,1925370
2020-10-16,22133,23300,22003,22998,5769540
2020-10-19,23170,23257,22911,23041,2333670
2020-10-20,22954,23041,22695,22998,1886160
2020-10-21,22998,23560,22825,22825,3305010
2020-10-22,22825,23343,22738,23343,2346540
2020-10-23,23430,23560,23127,23300,2646310
2020-10-26,23300,23560,22825,22825,3852510
2020-10-27,22868,22998,22522,22522,3188810
2020-10-28,22479,22652,21917,21917,3596230
2020-10-29,21787,22176,21701,22003,2719690
2020-10-30,22263,22263,21830,22263,1469970
2020-11-02,22263,22349,22133,22349,866110
2020-11-03,22436,22868,22349,22825,2562890
2020-11-04,22911,23041,22695,22911,1369690
2020-11-05,22781,23084,22479,22479,1305860
2020-11-06,22652,22825,22522,22652,987260
2020-11-09,22825,23084,22781,23084,2011650
2020-11-10,23343,23343,22911,22911,1739340
2020-11-11,23084,23084,22781,22911,1668230
2020-11-12,22911,23127,22868,23127,1234540
2020-11-13,23257,23257,23127,23257,1318170
2020-11-16,23343,23516,22911,23041,3713690
2020-11-17,23170,23387,22911,23343,2515530
2020-11-18,23473,23473,23214,23343,1757160
2020-11-19,23473,24208,23343,23819,4980430
2020-11-20,23819,24165,23776,23862,1837360
2020-11-23,23862,24294,23603,24165,2824640
2020-11-24,24165,24424,23776,24035,3003940
2020-11-25,24338,24338,23862,23862,1835630
2020-11-26,23992,24208,23689,24078,1635130
2020-11-27,24165,24294,24035,24294,1986420
2020-11-30,24511,24511,23949,23949,2761700
2020-12-01,23776,23949,23689,23862,3427370
2020-12-02,23776,24078,23776,24035,2108200
2020-12-03,24035,24078,23819,24035,1627980
2020-12-04,23949,24165,23949,24078,1380920
2020-12-07,24165,24208,23992,24078,1455180
2020-12-08,24078,24467,23992,24294,2297110
2020-12-09,24338,24986,24294,24856,3001820
2020-12-10,24640,24943,24424,24424,2112490
2020-12-11,24467,24640,24338,24640,1750270
2020-12-14,24640,25073,24597,24727,1443760
2020-12-15,24856,24900,24467,24511,2666900
2020-12-16,24727,24856,24640,24683,1995530
2020-12-17,24597,24683,24208,24424,3594500
2020-12-18,24424,24683,24424,24597,1532820
2020-12-21,24770,24986,24683,24856,2307390
2020-12-22,24813,25289,24683,25116,2576390
2020-12-23,25202,25332,24727,24856,1391420
2020-12-24,24856,24986,24381,24640,2386210
2020-12-25,24640,24900,24467,24900,1625110
2020-12-28,25029,25332,24856,25029,2197090
2020-12-29,25029,25418,24900,25332,2172950
2020-12-30,25462,25462,25116,25116,1204180
2020-12-31,25116,25591,25073,25548,2036370
2021-01-04,25764,26024,25634,26024,2151300
2021-01-05,25937,27450,25851,27104,2332200
2021-01-06,27277,27493,26931,26975,1796000
2021-01-07,27061,27191,26758,27018,2150200
2021-01-08,27234,27537,27061,27364,2720400
2021-01-11,27623,27969,27364,27969,1972800
2021-01-12,28098,28531,27666,28444,2435200
2021-01-13,28488,29136,28488,28747,2612000
2021-01-14,28747,28963,28401,28704,1777500
2021-01-15,28963,28963,28704,28790,1540400
2021-01-18,28963,28963,28617,28660,1209000
2021-01-19,28531,28574,26672,26802,3505600
2021-01-20,27104,27537,26024,27364,3663800
2021-01-21,27882,28444,27364,28358,2313100
2021-01-22,28401,29179,28271,28920,2090300
2021-01-25,28877,29482,28617,28963,3111900
2021-01-26,29179,29179,28315,28531,2597500
2021-01-27,28401,28574,27191,27234,2226800
2021-01-28,25937,26931,25332,25332,5092400
2021-01-29,25505,27104,25505,27104,3211900
2021-02-01,27839,28271,26931,27450,2017400
2021-02-02,27277,28531,27234,28531,3264600
2021-02-03,29179,30519,28574,30260,4173500
2021-02-04,30390,31643,30346,31341,4398700
2021-02-05,31557,31730,31038,31514,2084900
2021-02-08,31470,31514,30087,30822,4035600
2021-02-09,30865,32248,30260,32248,4224300
2021-02-17,32940,34150,32810,33675,3139100
2021-02-18,33675,33848,33113,33805,2243100
2021-02-19,33459,33718,32854,33113,3722700
2021-02-22,33113,33502,32897,33199,2319300
2021-02-23,32983,33286,32248,32637,3369500
2021-02-24,32854,33070,32378,32594,2225200
2021-02-25,32897,32983,32205,32940,1927500
2021-02-26,32421,33027,32378,32940,1936000
2021-03-01,33243,33718,33199,33675,2078100
2021-03-02,34107,34107,33243,33675,1821700
2021-03-03,33718,33761,33459,33589,1599400
2021-03-04,33589,33632,32465,32810,2901500
2021-03-05,32681,32854,32205,32810,2507500
2021-03-08,32854,33070,32594,32767,1656600
2021-03-09,32421,32724,32205,32421,2182400
2021-03-10,32810,33502,32421,32983,2602400
2021-03-11,33070,33329,32897,33156,1477800
2021-03-12,33286,33329,32983,33070,2062800
2021-03-15,33113,33502,32897,33070,1760900
2021-03-16,33286,35231,33113,35015,5111000
2021-03-17,35231,35231,34583,34929,1603200
2021-03-18,35015,35015,34583,35015,1807500
2021-03-19,34583,34799,34323,34496,2247800
2021-03-22,34367,34410,33848,34021,2084800
2021-03-23,33934,34583,33848,34064,2201700
2021-03-24,33675,34107,33070,33286,2480100
2021-03-25,33502,33502,33070,33113,2305400
2021-03-26,33027,33199,32205,32897,2672600
2021-03-29,33070,33761,32897,33545,1997700
2021-03-30,33632,33718,33286,33329,1512500
2021-03-31,33329,33761,33113,33589,1373400
2021-04-01,33675,34453,33675,34453,2500900
2021-04-02,34756,34799,34496,34496,1950200
2021-04-05,34756,34799,34107,34410,1487000
2021-04-06,34194,34583,34194,34323,1505800
2021-04-07,34237,34453,34194,34410,1503800
2021-04-08,34669,34842,34367,34410,1609800
2021-04-09,34540,35880,34540,35491,3970400
2021-04-12,35620,35620,35231,35491,2022500
2021-04-13,35447,35534,34799,34885,2038100
2021-04-14,34583,35015,34367,35015,2530600
2021-04-15,35015,35188,34496,34583,2096200
2021-04-16,34496,35102,34064,34453,2194600
2021-04-19,34583,35231,34367,35231,2380800
2021-04-20,35361,36701,35274,35836,4742800
2021-04-22,35491,36269,34583,34583,2271200
2021-04-23,34583,35880,34453,35880,3166400
2021-04-26,35663,35793,34799,35015,2551300
2021-04-27,34756,35188,34626,34885,1287100
2021-04-28,34626,35145,34626,34929,1366700
2021-04-29,34929,35361,34929,34972,2095500
2021-05-04,34583,36096,34583,35836,2362100
2021-05-05,36355,36528,35750,35836,2321300
2021-05-06,35880,36096,35534,35750,1969000
2021-05-07,35750,36312,35577,35880,2705900
2021-05-10,35923,37176,35880,37090,4504300
2021-05-11,37176,37436,36831,36831,2078700
2021-05-12,36744,36917,36442,36917,1844500
2021-05-13,36744,36917,36312,36312,2558300
2021-05-14,36442,37263,36355,36658,1858700
2021-05-17,37090,37436,36831,37047,1744500
2021-05-18,37349,37782,37263,37609,2133500
2021-05-19,37825,39381,37522,39251,2876300
2021-05-20,39251,41283,39079,41283,3523900
2021-05-21,40764,41759,40202,40548,3222700
2021-05-24,40548,40592,39813,40419,2669500
2021-05-25,40419,41153,40116,40548,2156300
2021-05-26,40721,41283,40505,41197,1992800
2021-05-27,41197,41240,40419,40548,1745800
2021-05-28,40764,41067,40505,40981,1874300
2021-05-31,41283,42364,40937,42321,3237700
2021-06-01,44148,44449,43696,43746,3495000
2021-06-02,43746,43947,42691,42942,3053900
2021-06-03,42691,42892,42339,42792,3190800
2021-06-04,42691,42741,42088,42540,3820600
2021-06-07,42490,42540,40682,41536,3711200
2021-06-08,41184,41687,40481,40582,3486000
2021-06-09,40481,41235,39678,41034,3576100
2021-06-10,41034,41435,40682,41134,2214900
2021-06-11,40933,42139,40833,41938,2359600
2021-06-14,41887,42490,41687,42088,2547600
2021-06-15,42088,42440,41787,41787,1778700
2021-06-16,41837,42490,41536,41737,2462000
2021-06-17,41235,41737,41235,41486,2236400
2021-06-18,41737,42289,41536,42088,1681700
2021-06-21,41988,43344,41787,42992,3878300
2021-06-22,43244,43495,42892,42892,1760300
2021-06-23,42842,42992,42239,42641,1599900
2021-06-24,42641,42641,42139,42540,1657800
2021-06-25,42540,42892,42289,42792,1503400
2021-06-28,43193,43244,42892,43043,1858800
2021-06-29,43495,44700,43344,44499,4897800
2021-06-30,44700,44750,44198,44198,1651100
2021-07-01,44248,44650,44198,44650,1700100
2021-07-02,44851,46458,44650,46157,3873500
2021-07-05,47362,47714,45705,46558,2934200
2021-07-06,46458,46709,43696,43696,2640500
2021-07-07,43696,45705,42691,45453,4910200
2021-07-08,45403,45453,44700,45102,2375400
2021-07-09,45001,46207,44600,45052,2947000
2021-07-12,44600,45052,41988,43244,6764400
2021-07-13,43645,43846,42691,43696,2207400
2021-07-14,43997,43997,42540,42792,2433500
2021-07-15,42540,43495,42540,42892,2714600
2021-07-16,43143,44198,42942,43595,2285700
2021-07-19,42792,43394,42440,42540,3288800
2021-07-20,42591,43595,42139,43595,2553700
2021-07-21,43595,44148,43244,43495,3369200
2021-07-22,43294,45001,43294,44901,4445600
2021-07-23,44901,46659,44549,45453,6755700
2021-07-26,45353,47161,45303,47061,5773100
2021-07-27,47412,47663,46458,46809,5007000
2021-07-28,46609,47061,46056,46207,3346700
2021-07-29,46207,47161,46056,46910,3712900
2021-07-30,46960,47613,46609,47211,4525900
2021-08-02,47211,48517,47211,48015,4275900
2021-08-03,48115,48216,47563,48115,3607200
2021-08-04,48166,48316,47663,48015,2818400
2021-08-05,47814,48718,47663,48517,2485600
2021-08-06,48618,48818,48115,48517,3413900
2021-08-09,48718,49070,48166,48969,2934500
2021-08-10,49371,49421,49019,49120,2680700
2021-08-11,49070,49120,48266,48266,4883200
2021-08-12,48115,48216,46910,47111,8399400
2021-08-13,46759,47714,46709,47714,3618700
2021-08-16,48220,48321,47915,48017,1906800
2021-08-17,47763,48017,47458,47611,2801700
2021-08-18,47611,48169,47611,47712,1951000
2021-08-19,48220,48220,47611,47966,2721600
2021-08-20,47966,48068,46240,47103,4349300
2021-08-23,46951,46951,46190,46190,3436600
2021-08-24,46443,46697,45631,46646,3081500
2021-08-25,46900,46900,46190,46646,1344000
2021-08-26,46697,47154,46291,46393,1758700
2021-08-27,46190,46697,45986,46697,1896200
2021-08-30,47205,47205,46748,46799,1494800
2021-08-31,46849,47306,46697,46900,1952500
2021-09-01,46748,47205,46748,46900,1353300
2021-09-06,46900,48169,46849,48169,3124600
2021-09-07,48372,48372,47458,47458,2290600
2021-09-08,47458,47814,47103,47255,1453800
2021-09-09,47255,47662,47103,47306,1393700
2021-09-10,47408,47915,47408,47458,1440100
2021-09-13,47509,47712,47154,47205,1600000
2021-09-14,47357,48068,47205,47611,2523200
2021-09-15,47611,47915,47357,47763,1690100
2021-09-16,47915,48220,47814,48068,1924700
2021-09-17,48474,49235,48423,48575,3325700
2021-09-20,48727,48829,47763,47915,2526100
2021-09-21,47408,47712,46951,47458,2697100
2021-09-22,47306,47408,47052,47306,2027200
2021-09-23,47306,47611,47205,47255,1394200
2021-09-24,47306,47306,47052,47052,1449000
2021-09-27,47154,47458,46748,46748,1546100
2021-09-28,46545,47205,46443,47205,1393500
2021-09-29,47205,47408,46849,47306,1177400
2021-09-30,47458,47662,47205,47205,996900
2021-10-01,47154,47255,46951,47154,1055400
2021-10-04,47205,48321,46900,48017,2277800
2021-10-05,48220,48727,47915,47915,1392800
2021-10-06,47966,48068,47560,47915,1571300
2021-10-07,48169,48220,47763,47865,1497000
2021-10-08,48220,50504,47915,50199,8305600
2021-10-11,50250,50402,49895,50352,2295500
2021-10-12,50352,50352,49996,50250,1125300
2021-10-13,50250,51519,49996,50453,3232500
2021-10-14,50453,50758,49946,50149,1824200
2021-10-15,50453,50808,49946,50199,1702500
2021-10-18,50250,50758,50047,50250,2264100
2021-10-19,50250,50504,50047,50047,1534300
2021-10-20,50098,50504,49032,49540,2248600
2021-10-21,49946,49996,49083,49083,2283600
2021-10-22,49235,49438,48778,48829,2023400
2021-10-25,48829,48829,48169,48169,2938500
2021-10-26,48220,49184,47865,49184,1855700
2021-10-27,49133,49844,48981,49844,2326700
2021-10-28,49844,49946,49337,49743,1644700
2021-10-29,49743,49743,49184,49184,2382700
2021-11-01,49438,49438,48524,48626,2855800
2021-11-02,48474,49235,48474,48778,2109100
2021-11-03,48829,49083,48321,48778,2680100
2021-11-04,48778,49133,48575,48727,1761300
2021-11-05,48829,49641,48727,49540,2169900
2021-11-08,49540,49996,49387,49438,1687900
2021-11-09,49489,49540,48727,48930,1845900
2021-11-10,48930,49235,48677,49235,1592400
2021-11-11,49235,49743,48626,48727,2122200
2021-11-12,48829,49844,48677,49743,2240300
2021-11-15,49996,49996,49387,49387,1908900
2021-11-16,49387,50504,49133,49895,3506200
2021-11-17,49895,49946,49743,49895,1186200
2021-11-18,49895,50098,48981,48981,2005000
2021-11-19,49489,49641,48271,48372,2481300
2021-11-22,48474,48727,48220,48220,1670100
2021-11-23,48220,49032,48169,49032,1150800
2021-11-24,49083,49946,48930,49692,2445600
2021-11-25,49996,51671,49895,50758,5487400
2021-11-26,50808,51164,50149,50199,1996200
2021-11-29,49489,50199,49489,49793,1993000
2021-11-30,49793,49996,49235,49286,2563100
2021-12-01,49489,50047,49083,49844,1254900
2021-12-02,49540,49895,49337,49337,952900
2021-12-03,49641,49641,48474,48474,2009700
2021-12-06,48474,48981,47814,47966,2393800
2021-12-07,48220,48727,47966,48727,1451000
2021-12-08,48981,48981,48220,48524,1064800
2021-12-09,48271,49235,48271,49235,993100
2021-12-10,48930,49235,48423,48626,1160000
2021-12-13,48981,48981,48524,48727,900200
2021-12-14,48727,48930,48423,48575,1144500
2021-12-15,48575,48880,48524,48677,808400
2021-12-16,49489,49489,48474,48474,1245000
2021-12-17,48524,49235,48474,48930,1152100
2021-12-20,48981,48981,48474,48626,1019800
2021-12-21,48575,48677,48271,48321,1112300
2021-12-22,48220,48423,48017,48220,1670500
2021-12-23,48220,48220,47205,47306,1930300
2021-12-24,47458,47966,47103,47611,1186700
2021-12-27,47814,48220,47357,47966,793700
2021-12-28,47966,48169,47763,47966,567300
2021-12-29,48118,48118,47509,47509,912200
2021-12-30,47560,47865,47458,47509,810800
2021-12-31,47611,47915,47205,47205,1607400
2022-01-04,47408,47814,47357,47458,1935000
2022-01-05,47560,47814,47458,47509,1193800
2022-01-06,47509,47712,47458,47458,1192400
2022-01-07,47255,47560,47255,47408,1016800
2022-01-10,47306,47458,46646,46697,1882400
2022-01-11,46697,46799,45225,45428,2509300
2022-01-12,45225,45986,44921,45479,1740700
2022-01-13,46139,47052,45580,46748,1811800
2022-01-14,46545,46748,46139,46342,686700
2022-01-17,45936,46342,45174,45174,1568400
2022-01-18,44819,45479,44667,44718,1209900
2022-01-19,44718,45276,44667,44819,744900
2022-01-20,44870,46190,44819,45073,1334600
2022-01-21,45174,45580,44768,44768,841200
2022-01-24,44768,44921,43144,43296,2024200
2022-01-25,43246,44413,42636,43905,1192600
2022-01-26,44159,44159,43398,43652,913600
2022-01-27,43652,44007,43347,43601,719600
2022-01-28,43652,45428,43601,45428,1552300
2022-02-07,45682,45733,45174,45428,518400
2022-02-08,45428,46596,45428,45986,845100
2022-02-09,46545,46545,45986,46037,1142700
2022-02-10,46393,46697,45783,46697,974900
2022-02-11,46596,46900,46393,46494,641600
2022-02-14,46190,46494,45885,46190,774100
2022-02-15,46190,46545,45936,46240,655400
2022-02-16,46545,46951,46342,46342,614200
2022-02-17,46646,47103,46190,47103,853700
2022-02-18,46849,46951,46545,46799,618800
2022-02-21,46799,47712,46697,47458,1386000
2022-02-22,47205,47357,46697,47154,1158200
2022-02-23,47002,47662,47002,47205,973800
2022-02-24,47205,47458,45682,46697,1349600
2022-02-25,46900,47408,46748,46849,1059900
2022-02-28,46849,47458,46849,47357,1504600
2022-03-01,47712,47712,46951,47408,1101900
2022-03-02,47205,47408,47052,47255,1088900
2022-03-03,47306,47712,47306,47408,957600
2022-03-04,47357,47611,47205,47458,1343800
2022-03-07,47255,47662,46799,47611,1698000
2022-03-08,47611,48423,47002,48118,2227500
2022-03-09,48017,48981,48017,48474,2204000
2022-03-10,48880,48880,48017,48017,778700
2022-03-11,47966,48017,47052,47306,1139000
2022-03-14,47205,47205,45936,46596,1943000
2022-03-15,46596,46596,45580,46190,1872000
2022-03-16,46240,46849,45936,46494,1139600
2022-03-17,46596,47052,46443,46697,1180600
2022-03-18,47205,49032,47205,48271,2815100
2022-03-21,48321,48727,48220,48372,1560700
2022-03-22,48727,49235,48423,48930,2079200
2022-03-23,48981,49489,48727,48981,1975800
2022-03-24,48727,49337,48372,48727,1823700
2022-03-25,48778,48981,48524,48575,1228100
2022-03-28,48474,50098,48321,49793,3501600
2022-03-29,50047,53245,50047,53245,8224300
2022-03-30,53702,54463,53042,53803,2830700
2022-03-31,53549,56138,53093,54311,3472300
2022-04-01,54260,56341,53854,56341,4317300
2022-04-04,57610,57610,55478,55478,2687800
2022-04-05,55377,56646,55326,55326,1863900
2022-04-06,55021,57864,55021,57356,4179000
2022-04-07,57712,59336,56899,57509,3915200
2022-04-08,57509,57813,55072,55072,4069700
2022-04-12,55326,56595,54108,55732,3162100
2022-04-13,55833,58422,55732,58422,3322800
2022-04-14,58473,60351,58473,59184,3529400
2022-04-15,58422,59843,57864,58371,3121400
2022-04-18,58371,60199,57864,58625,3356100
2022-04-19,59133,59387,56849,56849,4731000
2022-04-20,56849,57356,55630,56849,3295000
2022-04-21,56443,58828,56443,56849,4068500
2022-04-22,57102,57813,53803,56392,5708900
2022-04-25,55884,56290,52483,52483,4605900
2022-04-26,50859,53296,49235,52940,5431400
2022-04-27,52027,52788,51012,52280,2529700
2022-04-28,52230,54209,52027,53549,2530400
2022-04-29,53296,54362,52890,53296,3991500
2022-05-04,53245,53752,52839,53042,1598400
2022-05-05,53093,53549,51722,53143,2194900
2022-05-06,51925,52788,50859,50859,2430900
2022-05-09,49895,50250,47712,47712,4499100
2022-05-10,47712,50149,46697,49946,2816700
2022-05-11,49743,51722,49133,51722,1667700
2022-05-12,50402,51722,48220,48524,2591500
2022-05-13,48778,50250,47255,47509,4103700
2022-05-16,49489,49489,47306,47306,1740900
2022-05-17,47205,50605,46951,50605,2045800
2022-05-18,50605,50808,49489,49590,1934400
2022-05-19,48271,49590,48271,49235,1228600
2022-05-20,49590,50199,49235,49489,1410400
2022-05-23,49844,49844,48778,48981,1136900
2022-05-24,48981,49844,48727,49844,1384700
2022-05-25,50504,53296,50098,53296,3770800
2022-05-26,53397,54362,53093,53600,1426400
2022-05-27,53600,56849,53549,56747,3878400
2022-05-30,56392,57052,55427,56493,2496900
2022-05-31,56493,56493,54565,55783,2157000
2022-06-01,55783,57305,55732,56747,2036500
2022-06-02,57255,58270,56392,56595,2292800
2022-06-03,56595,57864,56290,57864,1755900
2022-06-06,57864,58879,56849,57356,2558200
2022-06-07,57204,58676,55123,58676,3908000
2022-06-08,59031,59691,58118,58371,2660400
2022-06-09,58625,58828,57509,58524,1706300
2022-06-10,57559,58219,55833,55833,2972500
2022-06-13,54089,55810,52860,52983,3393300
2022-06-14,52860,55257,52552,54765,2308300
2022-06-15,55687,55687,54089,55626,1762600
2022-06-16,55933,57654,55441,56548,2517500
2022-06-17,55503,56917,54704,56548,2321400
2022-06-20,57470,58084,56117,56548,2483900
2022-06-21,56794,57470,54704,54765,2460200
2022-06-22,55195,55564,51876,51938,2971400
2022-06-23,51631,53352,51446,52552,2022500
2022-06-24,52921,53966,52552,52552,902400
2022-06-27,53106,54028,52798,53167,1254800
2022-06-28,55011,55441,53597,55134,2296600
2022-06-29,54642,55318,54212,55318,1182600
2022-06-30,55011,55257,52983,52983,1506500
2022-07-01,53474,54581,52122,54089,1696500
2022-07-04,54396,54396,52860,53290,1005500
2022-07-05,53966,53966,52491,52491,1395600
2022-07-06,51692,52798,51323,51323,2232400
2022-07-07,51569,51999,51077,51077,1286300
2022-07-08,51569,51631,51077,51385,910400
2022-07-11,51999,51999,50893,50893,998100
2022-07-12,50893,51323,50831,51323,602800
2022-07-13,51631,51631,50709,50709,1140700
2022-07-14,50893,51323,50524,50893,891300
2022-07-15,51631,51631,50524,50524,1382300
2022-07-18,50893,51938,50586,51016,1264900
2022-07-19,50954,51016,50524,51016,1185400
2022-07-20,52245,52798,51631,52184,2848900
2022-07-21,52798,52798,51938,52245,1804200
2022-07-22,53106,53167,52307,52307,1307200
2022-07-25,53474,53474,52307,52491,2245900
2022-07-26,52860,52860,52122,52122,1128800
2022-07-27,51999,52368,51876,52368,771100
2022-07-28,52368,52737,51077,52184,1664800
2022-07-29,52307,52368,51323,51323,1941800
2022-08-01,51631,51753,51077,51631,1815100
2022-08-02,51631,52307,51323,52245,1879700
2022-08-03,52245,52368,51753,52122,2249500
2022-08-04,52307,53229,52184,52921,3046800
2022-08-05,52921,53597,52614,52737,1773100
2022-08-08,52798,53106,52430,52860,1586800
2022-08-09,52860,53782,52675,52983,2320800
2022-08-10,53044,53290,52860,52860,1121400
2022-08-11,52983,53352,52675,52860,1852800
2022-08-12,52675,53167,52675,53167,1243100
2022-08-15,53229,54765,53229,54642,3085000
2022-08-16,54642,54950,54151,54519,1382800
2022-08-17,54704,54765,54089,54274,1506200
2022-08-18,54028,55134,54028,54274,2552900
2022-08-19,54089,54396,52983,53413,1957600
2022-08-22,53229,53659,52798,53352,1634000
2022-08-23,52921,53474,52921,53474,1085700
2022-08-24,53786,53972,53537,53599,1008000
2022-08-25,53599,53910,53475,53661,1143900
2022-08-26,53724,54594,53661,54221,1936600
2022-08-29,54097,54097,52666,53786,2228000
2022-08-30,53786,54097,53475,53724,1153200
2022-08-31,53350,54097,53350,53848,1173700
2022-09-05,53786,53910,53413,53599,1020900
2022-09-06,53475,53724,53350,53350,1171600
2022-09-07,53164,53413,52231,52231,2236400
2022-09-08,52293,52853,52107,52418,1135600
2022-09-09,52604,52853,52418,52418,1145400
2022-09-12,52915,52977,52418,52604,741003
2022-09-13,52853,53040,52418,52604,1062534
2022-09-14,51920,52542,51920,52231,1319726
2022-09-15,52542,52542,52045,52045,787676
2022-09-16,52045,52169,51298,51298,1367082
2022-09-19,51298,51982,50925,51672,1791147
2022-09-20,51672,52107,51174,51858,579770
2022-09-21,51796,51796,51174,51174,778267
2022-09-22,50988,51609,50925,51547,1176159
2022-09-23,51672,51672,51050,51236,843288
2022-09-26,50677,50988,49931,50677,1869134
2022-09-27,50988,50988,50055,50055,935561
2022-09-28,49806,49993,48500,48500,2052319
2022-09-29,49620,49806,47879,47879,1306874
2022-09-30,47879,50241,47816,50055,2115328
2022-10-03,49495,49931,47506,47879,1250717
2022-10-04,48500,49122,48003,48189,2043505
2022-10-05,49122,49433,48749,48749,973961
2022-10-06,49060,49060,47568,47568,1269026
2022-10-07,47381,47381,46013,46013,2066184
2022-10-10,45702,46946,44832,46013,1629697
2022-10-11,46013,46013,44148,44148,1596971
2022-10-12,44148,45578,44148,45018,1466379
2022-10-13,44894,45391,44459,45391,830864
2022-10-14,46262,46324,45764,46013,846734
2022-10-17,45702,45951,45143,45889,709751
2022-10-18,46013,46822,46013,46573,880847
2022-10-19,46573,47381,46448,46946,1025903
2022-10-20,47132,48811,46822,48376,1733758
2022-10-21,48314,48314,45951,45951,1569208
2022-10-24,45951,46324,44148,44210,1429975
2022-10-25,44397,46324,44210,45516,1567991
2022-10-26,46324,46324,45205,45889,626989
2022-10-27,46075,47381,45827,47132,938494
2022-10-28,47443,47443,46448,46635,878087
2022-10-31,46635,47257,45827,47008,1087300
2022-11-01,47443,47754,46635,46946,563319
2022-11-02,46759,47257,46013,46013,980330
2022-11-03,46324,47070,45827,46075,624173
2022-11-04,46013,46013,44459,45329,1649525
2022-11-07,45143,46013,45143,45143,1574023
2022-11-08,44459,45951,44397,45578,947845
2022-11-09,45578,46200,45578,46013,699349
2022-11-10,45702,45827,42966,45391,1598605
2022-11-11,45454,45764,44770,45267,1004524
2022-11-14,44770,45018,43526,44023,1642109
2022-11-15,43526,43526,40977,40977,3123365
2022-11-16,38116,43526,38116,43091,3056552
2022-11-17,43091,44770,40106,44148,1548529
2022-11-18,43588,44770,43029,44459,1264028
2022-11-21,43215,44645,43215,43588,842416
2022-11-22,43526,44770,42966,43837,1178595
2022-11-23,43526,44148,43339,43837,467451
2022-11-24,43402,44148,43153,43837,789675
2022-11-25,43899,44770,43837,44770,1268624
2022-11-28,45018,46324,44956,46200,1151034
2022-11-29,46573,46573,45391,46200,1146480
2022-11-30,46324,46573,45702,46386,914889
2022-12-01,46697,47132,46075,46448,1779052
2022-12-02,46448,48314,46013,48127,2906008
2022-12-05,48500,49122,48127,48687,1221587
2022-12-06,48687,49060,47257,47257,1541582
2022-12-07,47195,47630,46511,47568,1031634
2022-12-08,47816,48998,47008,47879,1269574
2022-12-09,47443,48500,47381,48500,989370
2022-12-12,48252,48625,47506,47879,1215379
2022-12-13,47381,48065,46759,48003,901395
2022-12-14,48003,48189,47319,47443,1159669
2022-12-15,47506,48563,47506,48314,1172479
2022-12-16,47879,48500,47506,48438,912560
2022-12-19,48687,48687,47630,47630,1028326
2022-12-20,48003,48003,46884,47630,787843
2022-12-21,48003,48127,47070,48003,545497
2022-12-22,48003,48189,47257,48003,659431
2022-12-23,47506,48500,47381,48500,1222704
2022-12-26,48314,48563,47506,47506,833640
2022-12-27,47506,48189,47257,47568,806989
2022-12-28,47879,47879,47257,47692,590282
2022-12-29,47568,47879,47381,47381,656647
2022-12-30,47381,47816,47257,47816,629719
2023-01-03,47816,49744,47754,49744,1538861
2023-01-04,50241,50366,49309,49744,796544
2023-01-05,49868,50677,49868,50117,1014719
2023-01-06,49993,50428,49868,49931,721096
2023-01-09,50055,50304,49682,49931,520315
2023-01-10,50179,50552,49868,49993,754254
2023-01-11,49993,50739,49993,50304,1078639
2023-01-12,50366,50677,49868,50179,544065
2023-01-13,50055,50490,49744,49744,629501
2023-01-16,49806,50366,49557,50241,576876
2023-01-17,50490,50988,50366,50988,980634
2023-01-18,51050,51858,50863,51858,956810
2023-01-19,51609,52356,51547,52169,1329468
2023-01-27,52293,53164,52231,52231,1145253
2023-01-30,52356,52480,52045,52045,893299
2023-01-31,51920,52045,50801,51920,1531495
2023-02-01,52231,52231,50863,50988,1051061
2023-02-02,51050,51236,50552,50925,1327690
2023-02-03,50988,50988,49806,49806,1730152
2023-02-06,49744,50739,49557,50055,946115
2023-02-07,50055,50925,50055,50179,752838
2023-02-08,50241,50801,50117,50490,671553
2023-02-09,50366,50739,50179,50179,743939
2023-02-10,50428,50490,50055,50179,725810
2023-02-13,50179,50490,49744,50179,614692
2023-02-14,50179,50366,49868,50241,621417
2023-02-15,50055,50925,49931,50739,646219
2023-02-16,50739,50988,50179,50739,425495
2023-02-17,50490,50739,50366,50739,468845
2023-02-20,50739,51609,50615,51485,1277504
2023-02-21,51485,52045,51361,51485,841841
2023-02-22,51174,51298,50863,50863,748561
2023-02-23,50801,50801,50117,50615,1161953
2023-02-24,50428,50552,49993,50241,559986
2023-02-27,49744,50055,49682,49931,1016698
2023-02-28,49744,50179,49433,50055,525466
2023-03-01,49433,50055,48936,50055,1377551
2023-03-02,49744,50055,49620,49744,431732
2023-03-03,49309,49744,48811,48811,741791
2023-03-06,48563,49620,48563,48625,818674
2023-03-07,49184,49682,48998,48998,793553
2023-03-08,48811,49433,48811,49433,511968
2023-03-09,49433,50179,49247,50117,641624
2023-03-10,49868,49993,49122,49433,641543
2023-03-13,48563,49371,48563,49060,887883
2023-03-14,49122,49184,48811,48936,428257
2023-03-15,49184,50055,49184,50055,693264
2023-03-16,49744,49744,48749,49247,850831
2023-03-17,49495,49744,48873,49122,430362
2023-03-20,49184,49309,48252,48252,771192
2023-03-21,48873,48936,47941,48563,537316
2023-03-22,48625,48873,48252,48811,611402
2023-03-23,48749,48811,48252,48500,357327
2023-03-24,48687,48998,48500,48873,367884
2023-03-27,49060,49247,48811,49184,768784
2023-03-28,49247,49247,48189,49247,1001517
2023-03-29,49247,49309,48873,49122,405351
2023-03-30,49122,49309,48998,49184,409438
2023-03-31,49184,49433,49122,49184,672646
2023-04-03,49371,50304,49184,50304,1172390
2023-04-04,50304,50366,49744,50055,585746
2023-04-05,50055,50117,49557,50117,423371
2023-04-06,50179,50677,49931,49931,614350
2023-04-07,49868,50179,49744,50055,360755
2023-04-10,50366,50366,49806,49931,771039
2023-04-11,49868,50055,49806,49931,534886
2023-04-12,49931,50055,49682,49931,575815
2023-04-13,49931,49993,49309,49495,542069
2023-04-14,49682,49806,49309,49495,399536
2023-04-17,49495,49557,49122,49495,450882
2023-04-18,49495,49744,49247,49371,302472
2023-04-19,49620,49620,49309,49309,420463
2023-04-20,49620,49620,49247,49371,365619
2023-04-21,49744,49744,49309,49309,324840
2023-04-24,49433,50117,49122,49184,795812
2023-04-25,49184,49309,48687,48749,541028
2023-04-26,48563,48749,48252,48687,772857
2023-04-27,48563,48998,48563,48687,221966
2023-04-28,48998,48998,48189,48189,946202
2023-05-04,48376,48936,48252,48811,498526
2023-05-05,48873,48873,48625,48749,320239
2023-05-08,48811,49060,48749,48811,364297
2023-05-09,48873,49620,48873,49060,607003
2023-05-10,49122,49495,49122,49122,633179
2023-05-11,49184,49495,49122,49184,477378
2023-05-12,49309,50117,48998,50055,1085041
2023-05-15,50615,50863,50241,50366,936340
2023-05-16,50366,50801,50241,50677,768209
2023-05-17,50925,51423,50428,50677,977785
2023-05-18,50863,51609,50615,51547,1552354
2023-05-19,51609,51796,50863,51485,1075113
2023-05-22,51485,51485,50988,51298,562355
2023-05-23,51298,51298,50615,50988,657960
2023-05-24,50988,51050,50428,50552,465813
2023-05-25,50490,51858,50366,51734,1343692
2023-05-26,51672,51858,51174,51672,865789
2023-05-29,51920,52045,51547,51672,881263
2023-05-30,51609,52791,51547,52231,1662064
2023-05-31,52356,52356,51672,52293,840575
2023-06-01,52231,52231,51672,51920,538944
2023-06-02,51920,52418,51672,52107,738485
2023-06-05,52169,52977,52107,52853,1428499
2023-06-06,53040,53040,52666,53040,516234
2023-06-07,52853,53102,52418,52853,707049
2023-06-08,52666,52791,51920,51982,1246481
2023-06-09,52418,52666,52045,52604,681805
2023-06-12,52542,52791,51982,52791,521246
2023-06-13,52480,52791,52418,52480,468477
2023-06-14,52418,52729,52293,52356,659704
2023-06-15,52356,52480,51982,52293,800193
2023-06-16,52293,53599,51858,52542,2234265
2023-06-19,52666,53164,52542,52666,664779
2023-06-20,52853,53350,52666,53164,946100
2023-06-21,53164,53724,53102,53350,707032
2023-06-22,53537,53786,52666,53164,1021586
2023-06-23,53226,53226,52729,52915,823244
2023-06-26,52915,53350,52604,53350,861394
2023-06-27,53475,54283,53475,54283,1544056
2023-06-28,54345,54594,54097,54097,967842
2023-06-29,54097,54159,53786,53786,563802
2023-06-30,53786,53848,53475,53475,734840
2023-07-03,53786,53972,53475,53724,1041108
2023-07-04,53724,54097,53599,54097,1329492
2023-07-05,54324,55337,54107,54107,1791184
2023-07-06,54107,54397,53529,53963,1522489
2023-07-07,53673,54614,53673,54469,899592
2023-07-10,54469,54903,54180,54469,1156888
2023-07-11,54469,54541,54252,54252,1093461
2023-07-12,54252,54758,54180,54469,906936
2023-07-13,54831,54831,54541,54831,1255041
2023-07-14,55626,56639,55048,56639,2826852
2023-07-17,57145,57290,56784,57145,1156882
2023-07-18,57145,57145,56494,56928,719990
2023-07-19,56784,57073,56639,56784,710544
2023-07-20,56856,58809,56784,58086,2297840
2023-07-21,57652,58592,57579,58592,1275567
2023-07-24,58592,58809,58303,58592,1175667
2023-07-25,58592,59460,58592,58809,1060033
2023-07-26,58737,59822,58664,59822,1273543
2023-07-27,59894,61052,59894,60545,1421340
2023-07-28,60401,61052,60111,61052,900725
2023-07-31,61269,62064,61052,61920,1475315
2023-08-01,61920,62426,61124,61124,1290289
2023-08-02,61124,61341,60401,60401,999318
2023-08-03,60618,60907,59967,60545,910770
2023-08-04,60762,61124,60256,60256,1620226
2023-08-07,60473,61124,60256,61124,755463
2023-08-08,60762,61196,60618,60907,638510
2023-08-09,60762,61269,60039,60111,985253
2023-08-10,60111,60256,59460,59460,1345605
2023-08-11,59315,60039,58954,59315,1146772
2023-08-14,59388,60184,59315,59749,1016349
2023-08-15,59749,60979,58954,60762,1677357
2023-08-16,60184,61630,60184,61558,2613481
2023-08-17,61486,63077,61486,62209,3708846
2023-08-18,61920,63583,60979,61847,4252285
2023-08-21,62137,62715,61847,62137,2461231
2023-08-22,62426,62571,60039,62571,2337900
2023-08-23,62498,62788,61269,62571,1422837
2023-08-24,62573,65940,62280,65866,5269510
2023-08-25,65500,66598,65208,66306,2802665
2023-08-28,67330,69013,66598,68794,2969885
2023-08-29,68794,68794,67916,68501,1556447
2023-08-30,68208,71868,68135,70697,2376554
2023-08-31,70697,71355,70331,70770,1409398
2023-09-05,71063,72233,70843,70843,1448003
2023-09-06,71063,72453,70477,72453,2503495
2023-09-07,72453,73770,71428,71648,3257432
2023-09-08,71355,72087,70989,71428,2122234
2023-09-11,72233,72819,69745,71282,5159148
2023-09-12,71282,72380,71282,72380,2687116
2023-09-13,72380,72453,71282,71721,2895387
2023-09-14,71721,71721,69892,70184,2324353
2023-09-15,70257,71575,69745,71355,2140173
2023-09-18,70916,70916,70038,70916,2030801
2023-09-19,70843,72014,70184,72014,3588961
2023-09-20,72307,72965,72087,72087,2449993
2023-09-21,72087,72380,70477,70843,3422654
2023-09-22,69599,70989,67769,70770,6867488
2023-09-25,70989,71428,69013,69013,2102701
2023-09-26,68940,69892,68135,68428,2159726
2023-09-27,68721,69013,66159,69013,4516129
2023-09-28,68867,69013,66891,68794,1768685
2023-09-29,68794,69452,67916,67916,1637648
2023-10-02,68355,68647,67330,68208,1139848
2023-10-03,67476,68428,66964,67476,2010673
2023-10-04,66818,68355,66818,67696,1593917
2023-10-05,67916,68282,67037,67037,1370603
2023-10-06,66964,67916,66598,67842,1149293
2023-10-09,67623,69965,67476,69965,3660637
2023-10-10,70623,71136,69818,70477,3259197
2023-10-11,70184,71721,70184,70989,2361344
2023-10-12,70989,71575,70257,70550,1884002
2023-10-13,70257,70477,69745,70331,2364522
2023-10-16,70843,72380,70477,70843,4979916
2023-10-17,71575,71575,68135,68135,2422927
2023-10-18,69452,69452,66598,68062,6149090
2023-10-19,68794,69013,67330,67330,3033197
2023-10-20,67696,68062,65940,67989,2867958
2023-10-23,68647,68647,66452,66598,1975305
2023-10-24,67623,67623,66452,67330,1615528
2023-10-25,67184,67842,66525,66525,1840166
2023-10-26,64622,65793,62939,63524,5919549
2023-10-27,64037,64403,63159,63671,2039441
2023-10-30,63671,63744,62207,62207,1873591
2023-10-31,62280,62427,60743,60743,3095467
2023-11-01,61695,62500,60451,62500,2178980
2023-11-02,63232,65135,62866,65135,2207208
2023-11-03,65135,65281,63671,63671,4845587
2023-11-06,64549,65061,64256,64769,1212457
2023-11-07,64769,64988,64330,64622,1343408
2023-11-08,64549,67769,64403,67769,2947501
2023-11-09,67330,68282,67184,67696,2114138
2023-11-10,66964,67842,66818,66964,2409873
2023-11-13,67037,67330,66232,66891,1534993
2023-11-14,67330,68355,66818,67769,2000413
2023-11-15,68574,68647,67330,67623,2420392
2023-11-16,67476,68062,67037,68062,1908811
2023-11-17,68355,68428,66306,66598,3572003
2023-11-20,65940,67769,65208,66379,1659285
2023-11-21,67330,67330,66379,67257,1462987
2023-11-22,67257,68135,67257,68062,3274558
2023-11-23,68282,68574,66452,66452,2168399
2023-11-24,66452,67330,66013,66745,2251338
2023-11-27,66891,66891,65940,66379,1661825
2023-11-28,66452,67257,65793,66671,1092670
2023-11-29,67037,67330,66671,67111,804163
2023-11-30,66891,68574,66818,67257,1984701
2023-12-01,67476,67989,66818,67623,1192386
2023-12-04,67769,68794,67769,68501,3466947
2023-12-05,68647,70111,68574,69379,3596254
2023-12-06,69526,69818,68867,69526,1223469
2023-12-07,69599,69745,67916,69013,3765052
2023-12-08,69013,69599,68428,68940,1747729
2023-12-11,69892,70038,69233,69526,1567612
2023-12-12,69818,70843,69745,70843,4090519
2023-12-13,71282,71282,69672,69672,2152046
2023-12-14,70111,70550,69672,70404,1715423
2023-12-15,70404,70477,69526,70404,1477484
2023-12-18,70184,70404,68574,68794,2269177
2023-12-19,68721,69233,68501,69233,1253010
2023-12-20,69013,69526,68867,69306,1351472
2023-12-21,69233,69599,68794,69599,1758872
2023-12-22,69526,69599,69087,69233,1276887
2023-12-25,69452,70404,69379,70257,2019931
2023-12-26,70623,72160,70550,71136,3364283
2023-12-27,71282,71575,70916,70916,1359748
2023-12-28,70989,70989,70477,70697,1199164
2023-12-29,70697,70989,70331,70331,1869204
2024-01-02,70916,70916,70038,70184,1717109
2024-01-03,69965,70623,69818,70477,1439581
2024-01-04,70477,72014,70404,71136,2978466
2024-01-05,71209,71355,70623,71282,1140908
2024-01-08,71282,71941,71063,71209,1446808
2024-01-09,71209,71209,70697,70697,1213774
2024-01-10,70770,70916,69160,69306,3309732
2024-01-11,69306,69818,69306,69526,1373914
2024-01-12,69379,69965,68867,69306,2602405
2024-01-15,69526,70184,69452,69818,1315058
2024-01-16,69306,70038,69306,70038,811904
2024-01-17,69965,70257,69526,70038,1416305
2024-01-18,70038,70257,69672,69965,1139263
2024-01-19,70257,70916,70038,70477,1495663
2024-01-22,70843,70843,70111,70550,1110387
2024-01-23,70331,70550,69818,69965,1482899
2024-01-24,70111,70111,69452,69526,1725114
2024-01-25,69599,70038,69379,69599,847088
2024-01-26,69892,70404,69745,70184,927816
2024-01-29,70184,70331,69745,70184,1062382
2024-01-30,70184,70184,69818,69965,950876
2024-01-31,69965,70257,69892,70038,1383416
2024-02-01,70184,73112,70038,73112,7803177
2024-02-02,73331,74795,73258,74649,2885879
2024-02-05,74649,76185,74575,75746,2701349
2024-02-06,75820,76844,75307,76185,1890491
2024-02-07,76625,76844,76039,76771,2130668
2024-02-15,76991,77210,75966,76112,2254547
2024-02-16,76112,76917,75966,76917,2070089
2024-02-19,77210,78308,76844,76844,2037643
2024-02-20,76991,76991,76112,76332,1848111
2024-02-21,76112,78235,75746,77503,3141692
2024-02-22,77503,77576,76551,76551,1722092
2024-02-23,77210,78088,75600,76039,4108378
2024-02-26,76039,79040,75746,79040,4472548
2024-02-27,79406,80137,78601,78966,2807162
2024-02-28,79040,79406,77796,79406,3466729
2024-02-29,79186,80064,78820,79772,2829302
2024-03-01,79918,81528,79845,81089,4028406
2024-03-04,81235,81821,81089,81528,3092985
2024-03-05,81528,81528,80430,81016,3390992
2024-03-06,80503,80796,79332,79845,3710122
2024-03-07,79845,83358,79186,81455,4044840
2024-03-08,81455,82406,80137,80503,3122548
2024-03-11,80503,83065,80503,80503,3389872
2024-03-12,80503,83065,80503,81894,2912964
2024-03-13,82553,85626,81967,85626,5125138
2024-03-14,86724,86724,84675,85626,3472473
2024-03-15,85480,85480,83797,84894,3846741
2024-03-18,84748,84748,81308,82699,5898676
2024-03-19,82699,82699,81308,81967,3324749
2024-03-20,82187,84163,81308,83797,3483551
2024-03-21,84309,85041,83870,85041,3762372
2024-03-22,85114,85114,83797,84089,2420313
2024-03-25,83504,84236,83284,83431,2799669
2024-03-26,83431,84529,83138,84163,1696761
2024-03-27,83943,84382,83504,84309,1323812
2024-03-28,84821,85919,84382,85700,2808951
2024-03-29,85187,85773,84894,85260,1346605
2024-04-01,84894,86065,84309,85480,1980689
2024-04-02,84455,85626,84455,85626,2289100
2024-04-03,84968,85626,84236,84236,2555654
2024-04-04,84163,84748,83431,83431,2369065
2024-04-05,82772,83943,82406,83211,2764447
2024-04-08,83211,83211,82406,82406,1957677
2024-04-09,82406,82845,82333,82699,1437679
2024-04-10,83065,84602,82918,83284,1795600
2024-04-11,83065,84455,82918,84089,1553032
2024-04-12,84821,84821,83650,84529,1371708
2024-04-15,84529,84602,81601,81674,3709209
2024-04-16,81967,82845,81601,82699,3651849
2024-04-17,82772,82772,81674,81821,1949454
2024-04-19,80869,81382,79772,79772,5373515
2024-04-22,80503,81528,79698,80723,2403688
2024-04-23,81162,82918,80430,82187,4041971
2024-04-24,83138,87895,82845,87895,10179208
2024-04-25,89651,93677,89212,90164,5718864
2024-04-26,90017,91774,89432,90164,3402188
2024-05-02,90603,94409,90383,93164,3477702
2024-05-03,93750,93969,91920,92140,3199400
2024-05-06,92579,93384,91115,93384,2710850
2024-05-07,93677,96311,93091,96092,3130425
2024-05-08,95214,95872,94628,95872,3024432
2024-05-09,95579,97190,95140,95360,2208946
2024-05-10,96092,96750,94555,95872,3797696
2024-05-13,96092,96238,94262,94921,1857811
2024-05-14,95140,96385,94848,95506,2309312
2024-05-15,96238,98434,96092,98141,3659473
2024-05-16,99239,100483,98214,99092,3128143
2024-05-17,99092,99531,97848,98434,2314616
2024-05-20,98946,99605,97336,97336,2020789
2024-05-21,98068,99531,97702,99531,3478265
2024-05-22,100922,102239,99605,100995,4522916
2024-05-23,100629,100849,98800,100629,3630410
2024-05-24,100995,100995,95579,96531,13398023
2024-05-27,97336,97702,95579,97190,5172903
2024-05-28,98068,100263,97409,100263,4632228
2024-05-29,100336,101142,98653,99312,5844515
2024-05-30,97921,98800,96531,98800,7273584
2024-05-31,98800,100117,97921,98507,2639516
2024-06-03,98800,100702,98580,100190,7782256
2024-06-04,101727,101947,100849,101800,7019713
2024-06-05,102459,106045,102239,102532,6336780
2024-06-06,102678,103703,101581,102166,5222139
2024-06-07,103191,103923,102825,103923,3762372
2024-06-10,105020,106118,104654,105386,3785656
2024-06-11,105606,107216,104728,107216,6340276
2024-06-12,108388,112455,108303,111862,11246768
2024-06-13,113303,113387,110167,110167,8167546
2024-06-14,110252,112371,109320,111015,6425220
2024-06-17,111015,111354,108896,109150,4890848
2024-06-18,109150,109913,108472,108472,6694763
2024-06-19,108472,112540,107286,111438,9684926
2024-06-20,112709,114998,111693,112964,10482529
2024-06-21,113472,115337,112964,115337,7663338
2024-06-24,114404,114828,111862,111947,13202385
2024-06-25,111015,111099,108981,110167,13723703
2024-06-26,111015,111693,109659,111693,7158131
2024-06-27,111269,113642,110845,112540,6409612
2024-06-28,112540,112540,110506,110591,6641381
2024-07-01,110506,110506,108896,108981,6386361
2024-07-02,108981,111947,108049,108472,6735345
2024-07-03,110591,112540,110252,111015,7642345
2024-07-04,111947,115082,111947,115082,8129152
2024-07-05,115337,118387,115337,117540,7807749
2024-07-08,117370,118303,116523,118303,5876745
2024-07-09,117879,118048,115252,116523,9689262
2024-07-10,115252,116099,113557,113557,6309470
2024-07-11,113642,114743,112286,112709,6857179
2024-07-12,112032,115252,112032,113387,3562395
2024-07-15,113133,114235,112116,112455,3074934
2024-07-16,113218,113981,112116,113557,4007693
2024-07-17,113557,113642,110082,111777,6980219
2024-07-18,111354,111354,108303,108388,10828773
2024-07-19,108981,109574,106777,106777,6581002
2024-07-22,106777,106777,104405,105167,6242427
2024-07-23,105845,108049,105760,106354,5323805
2024-07-24,106354,107286,105083,106777,4160841
2024-07-25,105252,106354,105167,105930,2569074
2024-07-26,106693,108472,105421,108472,3959362
2024-07-29,110167,110676,109320,109320,4867859
2024-07-30,109320,109743,107625,108472,2383126
2024-07-31,107879,108981,107286,108981,2875191
2024-08-01,109828,109913,105167,105760,6904015
2024-08-02,103472,105760,102540,104405,9975015
2024-08-05,102625,104150,99489,100506,10450171
2024-08-06,101693,103303,101523,102371,6748144
2024-08-07,102540,103388,101862,103388,2832328
2024-08-08,103049,103727,102455,102879,2663832
2024-08-09,103727,107540,103388,107540,5511755
2024-08-12,107540,110337,106947,110167,6204408
2024-08-13,109913,110337,108472,109913,4110939
2024-08-14,110760,111438,109743,109743,2869469
2024-08-15,109404,109743,108642,109065,2266445
2024-08-16,109404,111015,109404,110676,5109223
2024-08-19,111099,111354,110167,110591,2508560
2024-08-20,110760,112286,110760,111438,3753490
2024-08-21,110676,113387,110676,113133,6137230
2024-08-22,113557,113981,113133,113387,3032995
2024-08-23,113303,113303,112201,112794,3064441
2024-08-26,112964,113133,111438,111438,2598875
2024-08-27,111438,112371,110506,112286,2346895
2024-08-28,112709,113981,112625,112964,2721387
2024-08-29,112540,113387,112032,113303,2098979
2024-08-30,113133,114320,112709,114235,3327420
2024-09-04,112709,112709,111438,112709,4547807
2024-09-05,112709,112709,109913,110676,8071651
2024-09-06,110591,112625,110421,111947,3829410
2024-09-09,110845,111777,110252,111269,2891093
2024-09-10,111015,111015,109828,110167,4203583
2024-09-11,110167,111269,109998,110676,3196732
2024-09-12,111015,112286,111015,112116,4124400
2024-09-13,112032,113048,111862,112709,3191984
2024-09-16,111693,112709,111099,111099,1921844
2024-09-17,111184,112625,111184,112625,2656869
2024-09-18,113048,114574,112625,114065,5390349
2024-09-19,114404,115082,113811,114574,5162767
2024-09-20,115506,116099,114404,114659,3728818
2024-09-23,115167,115167,113048,113557,2449563
2024-09-24,113557,114150,113303,113981,2017214
2024-09-25,113811,114235,113218,114235,4486319
2024-09-26,114404,114404,113472,113811,2821536
2024-09-27,113811,113896,113133,113726,3358474
2024-09-30,113726,113981,112709,113981,3037449
2024-10-01,114150,115421,114150,115167,4732079
2024-10-02,114065,115167,114065,114743,1725815
2024-10-03,114743,115337,113557,113557,2306560
2024-10-04,113811,114235,113133,113642,1473158
2024-10-07,113726,114320,113218,113642,1336595
2024-10-08,113642,114489,113218,113387,2114750
2024-10-09,113811,115082,113811,114743,2626409
2024-10-10,115082,120336,115082,120082,9980507
2024-10-11,120336,121014,118303,118303,3824418
2024-10-14,119574,119743,116184,116608,5616349
2024-10-15,116608,117455,115760,116099,2869640
2024-10-16,115591,116184,115252,115506,2762322
2024-10-17,115676,116184,114828,116099,2584896
2024-10-18,116438,116777,115760,116099,2175065
2024-10-21,116099,116692,114828,114828,2688428
2024-10-22,114998,114998,112709,112794,6022016
2024-10-23,112625,114235,112371,113726,3019672
2024-10-24,113726,113811,113387,113811,2281798
2024-10-25,113811,114065,113218,113557,1843711
2024-10-28,113642,114404,113218,114320,1509996
2024-10-29,114743,114828,114235,114743,2462885
2024-10-30,114743,115167,114574,115167,1713550
2024-10-31,115167,115252,114659,115167,1244928
2024-11-01,114404,114404,113218,114065,2676189
2024-11-04,114065,114065,112455,112540,3188263
2024-11-05,112709,113557,112116,112371,1663185
2024-11-06,112794,114065,112709,114065,1805646
2024-11-07,114659,116608,113726,114489,3579749
2024-11-08,115337,115930,114489,115082,2110766
2024-11-11,115676,118218,115252,117201,5301235
2024-11-12,117455,117709,115167,115930,2921656
2024-11-13,115845,117031,115337,116777,3460835
2024-11-14,116862,118557,115252,115252,4743684
2024-11-15,114659,114998,112371,113472,6574421
2024-11-18,113557,114065,112286,113557,3910975
2024-11-19,113133,113218,110082,110167,7652727
2024-11-20,110167,112201,107371,112201,8474055
2024-11-21,112201,112709,111015,112709,3183165
2024-11-22,112625,113896,112286,113472,2920914
2024-11-25,113557,113557,112879,113472,1855059
2024-11-26,113048,115167,112964,114574,4182343
2024-11-27,114574,118387,114574,117709,9826373
2024-11-28,118133,118642,117201,118133,4750858
2024-11-29,118133,123218,117794,122286,11617080
2024-12-02,123135,124586,120831,121343,6629554
2024-12-03,120917,124501,120917,123733,5115471
2024-12-04,123733,124842,121855,122453,5618586
2024-12-05,122879,126719,122538,126719,4862983
2024-12-06,129620,129620,126292,127572,4554818
2024-12-09,127316,127572,124671,125439,4551406
2024-12-10,125524,127572,125439,127572,3603755
2024-12-11,127999,129450,127743,128426,4828035
2024-12-12,129620,129620,127316,128170,4158310
2024-12-13,127572,128767,127487,127572,3387167
2024-12-16,127658,128511,127572,127914,3296592
2024-12-17,128084,128426,126036,126292,5958677
2024-12-18,126292,127828,126292,126890,2927454
2024-12-19,125695,127146,125610,126378,4811922
2024-12-20,126719,128511,126548,127572,3544255
2024-12-23,127572,127914,126890,127828,2520029
2024-12-24,127999,128682,127487,128340,2306686
2024-12-25,128511,129023,128340,128682,2517969
2024-12-26,128852,129194,127231,127828,2238343
2024-12-27,127572,127914,126890,127658,2567003
2024-12-30,127487,128682,126719,128426,1986819
2024-12-31,128596,131327,128255,130132,3612655
2025-01-02,130132,130303,128084,129706,3179535
2025-01-03,129108,129108,127146,127146,4342125
2025-01-06,127231,128170,126634,127402,3472044
2025-01-07,127572,129108,127572,128084,3458671
2025-01-08,127999,127999,126378,126548,3886957
2025-01-09,126548,127316,126292,126975,1724571
2025-01-10,126975,127231,125610,125695,2531304
2025-01-13,124671,126719,123477,125951,3495883
2025-01-14,125951,126292,123818,123818,2910614
2025-01-15,124586,125013,123562,124159,2849518
2025-01-16,124757,125439,123903,125013,3577267
2025-01-17,125098,128084,124586,127146,3543613
2025-01-20,127146,128340,126463,127999,2222776
2025-01-21,128426,129194,127146,127914,2487666
2025-01-22,127658,128511,127316,127743,2791445
2025-01-23,128084,133119,127999,131668,7071025
2025-01-24,131498,131839,130900,130900,3663137
2025-02-03,126292,127316,123989,124159,12782345
2025-02-04,124586,125439,123989,124757,5484258
2025-02-05,125354,125866,124415,124842,5215921
2025-02-06,125439,125695,124245,125013,3436430
2025-02-07,125013,125183,124415,124671,3871195
2025-02-10,124159,124159,121173,121173,7778331
2025-02-11,121343,124074,119551,124074,5374143
2025-02-12,124245,124330,123135,123733,1894041
2025-02-13,123733,123733,121770,122111,2864744
2025-02-14,122879,123733,122538,123647,3258612
2025-02-17,123733,123733,122367,122538,2476462
2025-02-18,122709,123221,122111,122794,1670138
2025-02-19,122794,123647,122111,122879,3035921
2025-02-20,123050,123391,122026,122026,3392942
2025-02-21,121855,121941,120746,121173,5328132
2025-02-24,121173,121173,119039,119893,7522473
2025-02-25,119807,119807,117930,118613,6832220
2025-02-26,118698,121002,118527,121002,3331505
2025-02-27,121173,121343,120063,120575,3433107
2025-02-28,119551,120405,118613,119722,4704828
2025-03-03,119893,120661,119722,119893,2546980
2025-03-04,119039,119978,118869,119466,3480042
2025-03-05,119466,119551,118698,118698,2862185
2025-03-06,119039,122453,119039,120831,6428376
2025-03-07,120917,121770,120405,120661,2966941
2025-03-10,120746,120746,118783,118869,5343134
2025-03-11,117759,118186,116906,117333,5801595
2025-03-12,117503,118357,115967,115967,6229823
2025-03-13,116138,117759,116138,116479,3630282
2025-03-14,115711,116309,111615,112127,16174178
2025-03-17,112298,112725,110591,110933,6750806
2025-03-18,111018,112810,110933,110933,5538119
2025-03-19,111018,111445,105386,106325,18229064
2025-03-20,106325,108202,106239,106666,8231543
2025-03-21,106666,110079,106666,109226,6450846
2025-03-24,109653,110335,108629,110079,5114180
2025-03-25,110762,110847,107946,107946,5662235
2025-03-26,107946,107946,104703,104959,9787345
2025-03-27,104106,107946,103338,107690,6486187
2025-03-28,107605,107861,105813,105813,2959445
2025-03-31,105301,105301,103253,103253,5435725
2025-04-01,104106,104277,101375,102826,7866837
2025-04-02,103423,104362,103082,104106,3932911
2025-04-03,97877,100351,96853,96853,11536434
2025-04-04,90111,97194,90111,96426,21606397
2025-04-08,90453,92159,89685,89685,16338312
2025-04-09,83455,92159,83455,89855,16920135
2025-04-10,96085,96085,96085,96085,1009422
2025-04-11,99839,101119,97535,101119,19273397
2025-04-14,102399,102399,97279,101119,9243738
2025-04-15,99071,99839,97023,98986,7787164
2025-04-16,97706,98901,92074,92074,18073930
2025-04-17,89599,94975,89514,93354,8598000
2025-04-18,94293,98133,94293,95231,7503525
2025-04-21,95573,95999,93866,95317,4346403
2025-04-22,94719,94890,88746,94207,9157581
2025-04-23,95317,95317,91903,94207,5722250
2025-04-24,95146,97023,94378,95573,7752762
2025-04-25,95573,95914,94037,95914,5395660
2025-04-28,95573,95914,93183,93439,3871885
2025-04-29,93525,94293,93098,93354,2963086
2025-05-05,93439,93610,91221,92671,7187087
2025-05-06,92671,94719,92671,93610,5700105
2025-05-07,93525,94890,92927,93610,3939067
2025-05-08,94207,97791,93013,97535,12669001
2025-05-09,97535,99327,96853,98986,8515499
2025-05-12,99839,101290,99583,100949,8737998
2025-05-13,102399,102655,101205,101973,8585153
2025-05-14,102399,107775,102399,107775,12115033
2025-05-15,107946,108287,105471,106666,7832064
2025-05-16,106239,106410,103167,103253,8039229
2025-05-19,101375,102826,99498,100863,9942512
2025-05-20,99669,101802,99669,101717,7929467
2025-05-21,102399,102399,99839,100949,6040245
2025-05-22,99925,100351,98645,99669,6376715
2025-05-23,99583,100522,98986,99925,4456672
2025-05-26,99583,100522,98133,100095,4039601
2025-05-27,100181,101887,100181,101546,5512819
2025-05-28,101717,101887,100266,101034,3948303
2025-05-29,101546,101546,99925,99925,2945136
2025-05-30,100693,100863,99413,99413,4051804
2025-06-02,99413,99925,98645,99071,2932470
2025-06-03,99583,100693,99242,100181,3410333
2025-06-04,100693,100863,99413,99925,2883362
2025-06-05,99925,100095,99413,99669,2311499
2025-06-06,99669,99669,98133,98133,5400395
2025-06-09,98559,99754,98133,99157,3064841
2025-06-10,99839,100181,98730,98730,3372461
2025-06-11,99071,100863,99071,100607,5756496
2025-06-12,101212,101298,100265,100695,4162497
2025-06-13,99835,100265,98888,99318,6182491
2025-06-16,99060,103105,98974,102417,8087673
2025-06-17,102417,102675,101728,102244,4613155
2025-06-18,102244,102847,100179,100695,6571082
2025-06-19,100695,100781,99576,99835,5416264
2025-06-20,99921,100609,99662,99921,4347313
2025-06-23,99404,100093,98544,99749,4602132
2025-06-24,100093,100695,100093,100265,4281302
2025-06-25,100695,102761,100695,100781,6014965
2025-06-26,101556,101814,100351,100695,4141284
2025-06-27,100695,101814,100609,100953,5273001
2025-06-30,101470,102847,101212,101728,6879228
2025-07-01,102417,102847,101728,102244,4621512
2025-07-02,101986,102158,101212,102072,3672455
2025-07-03,101986,103105,101384,101556,6321182
2025-07-04,101986,106203,101900,105429,12854266
2025-07-07,106117,107322,105859,106548,6403004
2025-07-08,106806,108183,106720,107150,8085628
2025-07-09,107408,107494,105257,105687,12226586
2025-07-10,106548,107839,106289,106634,5193049
2025-07-11,107580,110162,107236,108957,10762062
2025-07-14,109474,110076,107580,109388,6000215
2025-07-15,108957,109990,108441,108441,5621345
2025-07-16,109043,109302,107666,108699,5077050
2025-07-17,109043,111109,108441,109302,8355437
2025-07-18,110162,110162,108441,108441,6512306
2025-07-21,111242,111242,109164,109164,7612979
2025-07-22,109164,111044,107580,110945,6912737
2025-07-23,111143,111638,110154,110648,4825624
2025-07-24,110846,110945,109659,109956,6455334
2025-07-25,109956,110352,109362,109560,5163242
2025-07-28,109659,110451,109362,110154,7635424
2025-07-29,110154,110451,104908,104908,16133144
2025-07-30,105898,106888,104215,105007,7517104
2025-07-31,105007,105799,102731,102929,8989001
2025-08-01,102632,106294,100455,105898,10935794
2025-08-04,105403,105502,103721,105502,4637013
2025-08-05,105898,107580,103919,104710,11433392
2025-08-06,104908,105106,103424,103820,11864447
2025-08-07,104512,106294,103820,105106,9589089
2025-08-08,105403,106294,103721,104512,9207301
2025-08-11,104809,108372,104215,105304,10309903
2025-08-12,106294,107086,105502,106393,11035855
2025-08-13,106492,106690,103820,104017,21892517
2025-08-14,104710,104710,102632,102731,17948903
2025-08-15,102731,103721,100257,100356,18697086
2025-08-18,100356,101939,98970,99465,11450410
2025-08-19,99564,100455,98970,99267,9198729
2025-08-20,99069,99267,96496,96694,20040979
2025-08-21,96694,101840,96694,100652,12663739
2025-08-22,100554,100554,97782,97980,7246765
2025-08-25,100949,100949,97782,97782,6761832
2025-08-26,97782,98970,96892,98970,5833293
2025-08-27,100356,104017,100158,103919,19471753
2025-08-28,104017,104017,101741,103424,6299351
2025-08-29,103919,103919,100554,100554,11117268
2025-09-03,100949,102236,98970,102137,9772872
2025-09-04,102236,104413,102137,103919,11059038
2025-09-05,104116,104413,102335,102335,8835511
2025-09-08,101939,102830,100850,100850,10622551
2025-09-09,100949,101939,99960,101048,6478341
2025-09-10,101048,101840,100059,100158,5512255
2025-09-11,100158,101840,99465,100949,7433193
2025-09-12,100949,101840,100059,100554,7498375
2025-09-15,100850,102434,100455,100850,14167008
2025-09-16,101642,103721,100949,102434,17583475
2025-09-17,102929,106690,102929,104413,20083197
2025-09-18,104908,105205,101939,101939,8227572
2025-09-19,102731,102731,99465,101939,23557247
2025-09-22,101444,101642,98574,98673,16326968
2025-09-23,98970,98970,96496,96991,18365378
2025-09-24,97090,98475,96397,98475,7459032
2025-09-25,98475,98475,96892,96991,8659161
2025-09-26,97189,98277,96397,96496,8115898
2025-09-29,96793,96793,94516,94516,10488698
2025-09-30,94516,94813,91844,92042,12086512
2025-10-01,92240,93527,90459,92438,7440061
2025-10-02,91943,92438,91052,91151,7990319
2025-10-03,91250,93032,91151,92438,7702876
2025-10-06,93329,94912,92537,94516,6617245
2025-10-07,95011,95308,94219,94516,6023461
2025-10-08,94516,95902,93527,93527,5157890
2025-10-09,94022,94022,92537,93230,5741465
2025-10-10,93230,95506,92834,95110,8616495
2025-10-13,93923,93923,92735,93032,7953799
2025-10-14,93131,93527,91448,91448,12713796
2025-10-15,91646,92141,88578,88677,18824893
2025-10-16,88875,90558,88677,88875,7973952
2025-10-17,89172,90558,87193,87193,8423276
2025-10-20,87391,90854,86104,86104,14633215
2025-10-21,88083,92042,87588,92042,19571735
2025-10-22,94219,97980,94022,96001,18365820
2025-10-23,96199,96298,93032,94022,6673501
2025-10-24,94022,96694,93725,96694,13797916
2025-10-27,97980,98673,95308,96991,12946379
2025-10-28,97584,101147,97584,101147,20966367
2025-10-29,101345,102137,100059,100652,9344715
2025-10-30,101048,102434,100554,101642,9758541
2025-10-31,101543,102830,99960,102830,14854263
2025-11-03,102731,105205,102434,103919,21030571
2025-11-04,103028,103622,100652,102236,10662165
2025-11-05,100751,100949,98574,99861,11784047
2025-11-06,99861,100949,98376,99168,6781958
2025-11-07,98475,100751,98475,99960,5881390
2025-11-10,100158,100158,95209,95209,10115824
2025-11-11,95803,96892,95110,95110,6649987
2025-11-12,95506,99564,95506,99564,6649911
2025-11-13,99564,99663,97683,97881,4774081
2025-11-14,97881,99861,97189,98970,4713954
2025-11-17,99564,100751,99564,99960,5607991
2025-11-18,99960,100059,97782,98970,6522460
2025-11-19,98475,98475,96991,96991,5191305
2025-11-20,97584,98673,97090,97980,4608598
2025-11-21,96991,100158,96793,99762,7956420
2025-11-24,99663,100059,98574,99168,5079550
2025-11-25,98673,99267,97980,98673,4510630
2025-11-26,98772,99168,97881,97980,5843562
2025-11-27,98178,98772,97090,98475,4796150
2025-11-28,98079,98376,96100,96100,6239769
