date,open,high,low,close,volume
2015-01-05,3441,3506,3409,3441,207020
2015-01-06,3376,3474,3376,3474,260380
2015-01-07,3474,3506,3441,3441,232770
2015-01-08,3441,3474,3409,3441,107380
2015-01-09,3441,3506,3409,3506,409230
2015-01-12,3474,3571,3474,3506,695280
2015-01-13,3474,3506,3474,3506,77750
2015-01-14,3474,3506,3409,3506,229360
2015-01-15,3474,3539,3474,3506,199440
2015-01-16,3474,3474,3441,3441,220730
2015-01-19,3441,3474,3409,3409,293800
2015-01-20,3409,3441,3376,3441,146590
2015-01-21,3441,3474,3409,3474,628920
2015-01-22,3474,3474,3409,3441,258970
2015-01-23,3441,3441,3311,3344,1294880
2015-01-26,3344,3344,3234,3234,1167630
2015-01-27,3279,3311,3240,3279,1091760
2015-01-28,3311,3311,3234,3279,187910
2015-01-29,3279,3279,3188,3208,305240
2015-01-30,3208,3208,3104,3104,790190
2015-02-02,3104,3169,3084,3084,193890
2015-02-03,3084,3117,3032,3032,456170
2015-02-04,3006,3065,2928,2935,603690
2015-02-05,2922,2928,2857,2915,972680
2015-02-06,2980,3032,2967,2987,202240
2015-02-09,2987,3019,2909,2909,368440
2015-02-10,2922,3019,2863,3006,700570
2015-02-11,3006,3143,3006,3143,382460
2015-02-12,3149,3208,3117,3169,328920
2015-02-13,3169,3221,3149,3195,337680
2015-02-24,3201,3201,3149,3201,416880
2015-02-25,3162,3195,3143,3143,487940
2015-02-26,3143,3169,3084,3110,645750
2015-02-27,3097,3097,3032,3058,1111170
2015-03-02,3026,3058,2993,3000,635450
2015-03-03,3013,3071,3013,3058,670000
2015-03-04,3058,3084,3052,3058,324080
2015-03-05,3065,3104,3065,3071,752710
2015-03-06,3071,3071,3045,3065,296850
2015-03-09,3078,3182,3078,3156,1110350
2015-03-10,3156,3182,3110,3117,924780
2015-03-11,3104,3156,3084,3084,485870
2015-03-12,3058,3084,3032,3039,750130
2015-03-13,3039,3058,3013,3019,472400
2015-03-16,3019,3019,2915,2928,1037700
2015-03-17,2928,2980,2922,2922,640370
2015-03-18,2941,2948,2883,2896,1092640
2015-03-19,2889,2909,2824,2857,1270400
2015-03-20,2857,3006,2844,3006,2188020
2015-03-23,3006,3006,2922,2922,1140180
2015-03-24,2889,2909,2863,2876,804400
2015-03-25,2863,2889,2850,2857,765950
2015-03-26,2850,2889,2844,2850,498620
2015-03-27,2850,2876,2844,2850,253180
2015-03-30,2863,2883,2844,2857,685590
2015-03-31,2857,2876,2857,2863,668940
2015-04-01,2863,2896,2850,2857,573070
2015-04-02,2857,2870,2837,2863,450390
2015-04-03,2870,2928,2857,2915,1033520
2015-04-06,2909,2915,2876,2883,271760
2015-04-07,2870,2909,2870,2883,469470
2015-04-08,2896,2896,2870,2870,334680
2015-04-09,2870,2902,2870,2870,397900
2015-04-10,2876,2889,2870,2870,388880
2015-04-13,2896,2896,2870,2870,201090
2015-04-14,2870,2889,2870,2876,422120
2015-04-15,2883,2954,2883,2922,1231840
2015-04-16,2935,2961,2915,2915,725910
2015-04-17,2902,3019,2902,2961,982040
2015-04-20,2954,2961,2922,2928,375410
2015-04-21,2928,2928,2915,2928,424870
2015-04-22,2928,2993,2928,2928,639770
2015-04-23,2935,2954,2883,2889,485650
2015-04-24,2896,2902,2889,2889,371010
2015-04-27,2922,2954,2857,2857,394780
2015-05-04,2902,2902,2792,2811,1045680
2015-05-05,2811,2902,2805,2870,767180
2015-05-06,2876,2889,2824,2824,993740
2015-05-07,2824,2857,2824,2844,540380
2015-05-08,2871,2941,2811,2811,565420
2015-05-11,2801,2831,2751,2761,405070
2015-05-12,2801,2801,2681,2681,684210
2015-05-13,2661,2681,2592,2622,1291880
2015-05-14,2602,2671,2592,2671,734690
2015-05-15,2671,2671,2602,2602,554930
2015-05-18,2552,2592,2472,2472,1773500
2015-05-19,2452,2512,2452,2492,859380
2015-05-20,2492,2661,2492,2661,904140
2015-05-21,2661,2681,2622,2661,580790
2015-05-22,2641,2681,2632,2681,500280
2015-05-25,2681,2711,2632,2661,202540
2015-05-26,2681,2721,2651,2711,681280
2015-05-27,2701,2711,2661,2671,414100
2015-05-28,2641,2701,2641,2671,423170
2015-05-29,2671,2691,2641,2651,559300
2015-06-01,2651,2661,2632,2632,543570
2015-06-02,2612,2641,2612,2622,948500
2015-06-03,2602,2632,2552,2552,1464690
2015-06-04,2552,2582,2552,2562,1077090
2015-06-05,2572,2572,2502,2522,1935780
2015-06-08,2542,2602,2542,2592,917010
2015-06-09,2592,2771,2582,2691,2789760
2015-06-10,2741,2831,2741,2821,3194220
2015-06-11,2881,2911,2841,2871,1445080
2015-06-12,2871,2901,2831,2851,1333800
2015-06-15,2851,2871,2831,2861,1672040
2015-06-16,2871,2941,2851,2881,1806050
2015-06-17,2861,2871,2821,2831,1581070
2015-06-18,2861,2861,2801,2821,887580
2015-06-19,2811,2821,2741,2741,2592640
2015-06-22,2781,2781,2751,2771,524900
2015-06-23,2761,2841,2761,2811,801860
2015-06-24,2781,2811,2771,2781,1042290
2015-06-25,2761,2781,2731,2731,898180
2015-06-26,2731,2791,2711,2721,726400
2015-06-29,2721,2791,2721,2791,1060110
2015-06-30,2781,2881,2771,2881,3428620
2015-07-01,2881,2891,2791,2811,1078850
2015-07-02,2811,2861,2791,2851,925320
2015-07-03,2861,2891,2851,2861,1073110
2015-07-06,2861,2941,2861,2931,1864540
2015-07-07,2931,3060,2891,3000,2857450
2015-07-08,3000,3040,2950,2970,1753620
2015-07-09,2950,2960,2901,2911,1809260
2015-07-10,2941,2941,2881,2881,1348180
2015-07-13,2891,2931,2851,2861,1169610
2015-07-14,2861,2960,2811,2911,2295100
2015-07-15,2921,2931,2851,2851,931880
2015-07-16,2841,2960,2821,2950,1582160
2015-07-17,3020,3080,3000,3010,2675200
2015-07-20,3000,3040,2950,3040,1390780
2015-07-21,3040,3130,3040,3130,2696070
2015-07-22,3140,3339,3140,3339,5105670
2015-07-23,3369,3399,3289,3299,1600250
2015-07-24,3299,3479,3299,3449,3303290
2015-07-27,3489,3578,3489,3549,2415310
2015-07-28,3549,3578,3419,3419,2009060
2015-07-29,3389,3449,3329,3329,3073500
2015-07-30,3319,3399,3309,3349,1363300
2015-07-31,3339,3359,3240,3240,2290540
2015-08-03,3190,3279,3140,3240,2856040
2015-08-04,3240,3319,3220,3250,996510
2015-08-05,3289,3369,3279,3349,1060620
2015-08-06,3359,3359,3299,3309,998530
2015-08-07,3329,3419,3309,3399,2700970
2015-08-10,3429,3509,3429,3469,2228850
2015-08-11,3489,3489,3419,3439,1979760
2015-08-12,3419,3419,3299,3319,2887340
2015-08-13,3299,3319,3200,3259,2493440
2015-08-14,3250,3319,3190,3250,1829940
2015-08-17,3269,3269,3160,3160,1433820
2015-08-18,3160,3210,3130,3200,1422730
2015-08-19,3180,3190,3110,3170,1641650
2015-08-20,3170,3190,3080,3100,1210690
2015-08-21,3040,3040,2931,3010,2521210
2015-08-24,2950,2950,2801,2801,4405860
2015-08-25,2751,2990,2751,2990,2794310
2015-08-26,3030,3170,3030,3140,1892880
2015-08-27,3140,3180,3100,3120,2252900
2015-08-28,3120,3190,3110,3150,2353430
2015-08-31,3140,3140,3090,3100,1019870
2015-09-01,3100,3150,3090,3100,1450450
2015-09-03,3090,3090,2970,3000,1419780
2015-09-04,3000,3030,2941,2960,830070
2015-09-07,2931,2970,2901,2911,895920
2015-09-08,2921,3010,2911,3010,815360
2015-09-09,3050,3070,3020,3060,1426770
2015-09-10,3020,3060,2990,3030,697840
2015-09-11,3020,3030,2960,2960,880950
2015-09-14,2960,2980,2901,2921,594000
2015-09-15,2911,2931,2901,2911,480030
2015-09-16,2921,2960,2911,2960,356310
2015-09-17,2970,3030,2970,2990,608370
2015-09-18,3040,3080,3030,3070,1592720
2015-09-21,3060,3220,3030,3160,2153670
2015-09-22,3160,3190,3140,3170,786300
2015-09-23,3140,3170,3120,3150,1064130
2015-09-24,3160,3160,3120,3130,1011600
2015-09-25,3110,3130,3090,3100,506830
2015-09-28,3090,3110,3010,3010,1005260
2015-09-29,2990,3000,2960,3000,1006020
2015-09-30,3010,3060,3010,3030,554080
2015-10-01,3030,3060,3030,3060,304040
2015-10-02,3060,3120,3060,3090,795710
2015-10-05,3080,3130,3070,3130,1300420
2015-10-06,3160,3200,3140,3190,3208050
2015-10-07,3200,3200,3130,3140,1510940
2015-10-08,3150,3220,3130,3210,1920520
2015-10-09,3230,3269,3200,3230,1589230
2015-10-12,3240,3289,3230,3269,2015180
2015-10-13,3250,3259,3230,3230,903340
2015-10-14,3230,3250,3220,3220,1203260
2015-10-15,3230,3319,3220,3220,2543820
2015-10-16,3240,3269,3180,3190,2343410
2015-10-19,3210,3210,3170,3190,1717090
2015-10-20,3190,3190,3120,3130,1727880
2015-10-21,3130,3170,3100,3110,1133870
2015-10-22,3100,3140,3100,3130,881840
2015-10-23,3190,3190,3150,3170,1050300
2015-10-26,3180,3230,3180,3180,1371800
2015-10-27,3180,3190,3150,3160,837210
2015-10-28,3160,3170,3130,3130,986700
2015-10-29,3140,3170,3130,3140,1479150
2015-10-30,3140,3160,3130,3140,1046520
2015-11-02,3140,3140,3090,3110,1201140
2015-11-03,3110,3140,3080,3140,934900
2015-11-04,3150,3150,3080,3100,1137210
2015-11-05,3100,3120,3090,3090,651500
2015-11-06,3090,3120,3070,3090,925860
2015-11-09,3070,3100,3060,3060,555820
2015-11-10,3060,3070,3030,3040,674010
2015-11-11,3040,3050,3020,3020,730200
2015-11-12,3020,3030,2970,3000,1406120
2015-11-13,3000,3010,2980,3000,1306930
2015-11-16,3010,3010,2950,2950,1217400
2015-11-17,2950,3040,2950,3010,2014180
2015-11-18,3020,3030,2990,3000,596730
2015-11-19,3000,3000,2970,2970,436500
2015-11-20,2960,3000,2950,2980,812890
2015-11-23,2990,3020,2990,3010,966110
2015-11-24,3010,3030,3000,3000,1097160
2015-11-25,3000,3100,2980,3100,2194230
2015-11-26,3130,3190,3110,3160,2819750
2015-11-27,3170,3200,3120,3120,3387410
2015-11-30,3090,3090,3030,3040,1147460
2015-12-01,3050,3060,3020,3020,1041490
2015-12-02,3020,3060,3020,3050,1342220
2015-12-03,3050,3080,3040,3050,658700
2015-12-04,3050,3050,3000,3020,817290
2015-12-07,3000,3020,2970,2980,691540
2015-12-08,2960,3030,2950,3020,776960
2015-12-09,3020,3030,2970,2970,530540
2015-12-10,2960,2990,2931,2931,1068970
2015-12-11,2941,2980,2931,2970,849510
2015-12-14,3090,3090,3050,3050,1578990
2015-12-15,3040,3070,3040,3050,1399890
2015-12-16,3060,3060,3040,3040,754300
2015-12-17,3040,3050,3020,3030,644820
2015-12-18,3030,3060,3010,3030,9525010
2015-12-21,3010,3010,2970,2990,881460
2015-12-22,2980,2980,2950,2960,435510
2015-12-23,2970,2970,2931,2941,664920
2015-12-24,2941,2970,2941,2941,230640
2015-12-25,2941,2960,2931,2941,403760
2015-12-28,2941,2950,2881,2881,1002190
2015-12-29,2891,2901,2861,2881,466130
2015-12-30,2911,2941,2891,2921,652720
2015-12-31,2921,2921,2881,2911,390410
2016-01-04,2901,2921,2871,2871,404530
2016-01-05,2861,2881,2841,2841,628760
2016-01-06,2841,2891,2841,2891,658730
2016-01-07,2851,2861,2801,2811,1030130
2016-01-08,2761,2801,2741,2761,864290
2016-01-11,2781,2781,2751,2761,488320
2016-01-12,2751,2801,2751,2791,343540
2016-01-13,2801,2801,2741,2741,685150
2016-01-14,2731,2731,2632,2641,1479820
2016-01-15,2641,2651,2522,2542,2199370
2016-01-18,2402,2482,2382,2472,2898070
2016-01-19,2482,2542,2472,2512,2466700
2016-01-20,2502,2542,2462,2512,1989300
2016-01-21,2472,2542,2472,2542,2017340
2016-01-22,2552,2582,2522,2552,2755250
2016-01-25,2592,2721,2592,2711,1238860
2016-01-26,2641,2701,2622,2632,1299900
2016-01-27,2661,2691,2651,2671,1218350
2016-01-28,2681,2711,2641,2641,778140
2016-01-29,2661,2741,2641,2741,860030
2016-02-01,2741,2791,2661,2661,855840
2016-02-02,2641,2681,2632,2671,289590
2016-02-03,2632,2681,2622,2671,1232420
2016-02-04,2681,2701,2681,2691,177320
2016-02-05,2691,2711,2671,2691,155980
2016-02-15,2691,2691,2592,2632,1033620
2016-02-16,2632,2671,2632,2661,489920
2016-02-17,2641,2671,2641,2661,605330
2016-02-18,2671,2701,2671,2671,502930
2016-02-19,2671,2701,2671,2691,704540
2016-02-22,2681,2761,2681,2711,1091060
2016-02-23,2781,2781,2711,2711,807300
2016-02-24,2711,2721,2671,2711,669660
2016-02-25,2721,2781,2711,2721,941770
2016-02-26,2731,2831,2721,2831,1862030
2016-02-29,2871,2871,2781,2781,941320
2016-03-01,2781,2781,2721,2731,964040
2016-03-02,2741,2751,2671,2711,1616220
2016-03-03,2731,2741,2691,2691,737360
2016-03-04,2701,2761,2681,2741,758830
2016-03-07,2751,2801,2741,2771,2201530
2016-03-08,2811,2921,2811,2881,6767430
2016-03-09,2891,2941,2841,2841,2672170
2016-03-10,2851,2861,2831,2851,1245540
2016-03-11,2861,2901,2841,2871,2144310
2016-03-14,2891,3010,2891,2990,3870560
2016-03-15,3010,3040,2960,2990,2696450
2016-03-16,3010,3010,2970,2980,1634300
2016-03-17,3010,3030,2980,2990,2100490
2016-03-18,3000,3000,2960,2960,2584200
2016-03-21,2980,3020,2970,2970,1512420
2016-03-22,2980,2980,2941,2941,1602960
2016-03-23,2921,2960,2901,2921,1576220
2016-03-24,2911,2950,2871,2871,1758820
2016-03-25,2871,2911,2861,2891,1704310
2016-03-28,2901,2980,2901,2980,1174990
2016-03-29,2990,3030,2970,2970,2044410
2016-03-30,2960,2980,2941,2941,1579390
2016-03-31,2941,3010,2931,2941,2460570
2016-04-01,2941,2950,2871,2891,1523320
2016-04-04,2891,2941,2881,2911,986480
2016-04-05,2911,2931,2901,2921,536800
2016-04-06,2921,3010,2921,3010,1954970
2016-04-07,3030,3060,3000,3000,2701300
2016-04-08,3000,3100,2990,3070,7079970
2016-04-11,3100,3160,3100,3140,5057970
2016-04-12,3140,3170,3130,3160,2850420
2016-04-13,3160,3160,3080,3100,3106110
2016-04-14,3100,3170,3100,3130,2142460
2016-04-15,3150,3180,3120,3120,2734540
2016-04-19,3130,3130,3080,3080,3047720
2016-04-20,3110,3140,3070,3110,2813360
2016-04-21,3130,3190,3130,3140,3670790
2016-04-22,3150,3269,3140,3259,4327260
2016-04-25,3289,3339,3279,3289,3046090
2016-04-26,3269,3329,3240,3289,3019430
2016-04-27,3289,3289,3230,3259,2321780
2016-04-28,3250,3269,3210,3240,1669040
2016-04-29,3230,3339,3230,3339,3455190
2016-05-04,3379,3529,3369,3489,6404100
2016-05-05,3499,3668,3439,3489,7908200
2016-05-06,3449,3479,3379,3389,4098640
2016-05-09,3429,3459,3379,3379,3455700
2016-05-10,3339,3389,3319,3339,4939730
2016-05-11,3389,3439,3379,3439,2497620
2016-05-12,3449,3459,3389,3389,1742800
2016-05-13,3369,3379,3299,3319,3860220
2016-05-16,3309,3319,3279,3309,2259110
2016-05-17,3319,3369,3319,3349,1339920
2016-05-18,3359,3359,3299,3299,1773380
2016-05-19,3299,3349,3289,3309,1726020
2016-05-20,3309,3319,3289,3309,1426750
2016-05-23,3309,3379,3299,3359,1149830
2016-05-24,3349,3399,3339,3359,1526440
2016-05-25,3369,3409,3349,3359,1842560
2016-05-26,3349,3369,3309,3309,1851110
2016-05-27,3299,3339,3289,3319,1594940
2016-05-30,3329,3389,3329,3369,3173180
2016-05-31,3389,3409,3359,3369,3495250
2016-06-01,3369,3479,3349,3429,5684250
2016-06-02,3429,3519,3409,3509,5218950
2016-06-03,3549,3578,3519,3549,6462490
2016-06-06,3568,3658,3519,3529,7411920
2016-06-07,3539,3618,3539,3618,3047640
2016-06-08,3658,3728,3638,3678,3724890
2016-06-09,3708,3708,3638,3658,2965630
2016-06-10,3668,3738,3658,3688,2439340
2016-06-13,3678,3678,3618,3638,2928110
2016-06-14,3628,3778,3608,3778,3443200
2016-06-15,3778,3858,3748,3788,2129160
2016-06-16,3788,3858,3788,3798,2814140
2016-06-17,3778,3818,3728,3728,5659440
2016-06-20,3788,3828,3758,3828,1648120
2016-06-21,3868,3957,3868,3907,3610830
2016-06-22,3907,3977,3887,3947,2285990
2016-06-23,3937,4017,3937,3997,4020040
2016-06-24,3977,3987,3718,3868,12178690
2016-06-27,3818,3887,3758,3887,3206680
2016-06-28,3848,3917,3838,3858,1830580
2016-06-29,3868,3957,3858,3917,4457030
2016-06-30,3967,4017,3937,3947,3438530
2016-07-01,3967,4027,3957,3967,5658560
2016-07-04,3987,4007,3957,3977,4158970
2016-07-05,4017,4067,3997,4007,4927570
2016-07-06,3997,4087,3967,4087,4957280
2016-07-07,4177,4286,4137,4266,3680720
2016-07-08,4286,4306,4177,4256,5754320
2016-07-11,4256,4276,4037,4037,5163140
2016-07-12,4067,4127,4007,4097,5547040
2016-07-13,4137,4186,4137,4147,3746150
2016-07-14,4157,4167,4007,4007,5141750
2016-07-15,3997,4057,3917,4047,3726150
2016-07-18,4047,4266,4037,4216,5985260
2016-07-19,4286,4286,4087,4186,4442630
2016-07-20,4177,4206,4097,4097,2728420
2016-07-21,4107,4167,4087,4107,2884960
2016-07-22,4087,4087,3887,4007,5190610
2016-07-25,4047,4117,3997,4077,3766690
2016-07-26,4077,4216,4057,4216,4989480
2016-07-27,4286,4326,4226,4306,7309600
2016-07-28,4316,4466,4316,4446,5902350
2016-07-29,4456,4466,4386,4436,6189170
2016-08-01,4446,4446,4336,4396,4652710
2016-08-02,4346,4366,4256,4256,6370060
2016-08-03,4236,4306,4226,4306,3050500
2016-08-04,4346,4356,4246,4246,3081510
2016-08-05,4236,4296,4206,4296,4794470
2016-08-08,4306,4336,4256,4266,1978940
2016-08-09,4256,4316,4256,4316,2351520
2016-08-10,4336,4585,4336,4515,5703740
2016-08-11,4515,4605,4515,4585,3931110
2016-08-12,4685,4705,4555,4565,4563390
2016-08-15,4565,4615,4545,4615,4573000
2016-08-16,4655,4745,4635,4685,3597400
2016-08-17,4695,4884,4695,4844,4700970
2016-08-18,4894,4954,4844,4864,4116040
2016-08-19,4874,4904,4804,4804,3656710
2016-08-22,4795,4854,4785,4834,2748960
2016-08-23,4824,4914,4824,4914,3521490
2016-08-24,4954,5034,4874,4884,5811280
2016-08-25,5014,5085,4990,5085,5867250
2016-08-26,5085,5097,5026,5038,2303950
2016-08-29,5026,5050,4908,4908,4916380
2016-08-30,4872,4967,4837,4955,3069560
2016-08-31,5002,5073,4990,5061,3023220
2016-09-01,5061,5061,4990,5014,2283700
2016-09-05,5038,5050,4955,4967,3626000
2016-09-06,4990,5050,4979,5002,3353490
2016-09-07,5002,5203,4955,5203,4529030
2016-09-08,5203,5345,5156,5310,5541710
2016-09-09,5310,5322,5215,5239,2978500
2016-09-12,5186,5191,5079,5085,3209760
2016-09-13,5085,5215,5085,5168,3410530
2016-09-14,5126,5197,5126,5156,1433230
2016-09-15,5132,5262,5132,5227,3018930
2016-09-16,5227,5286,5209,5262,9026300
2016-09-19,5322,5434,5310,5392,4311630
2016-09-20,5357,5404,5316,5375,3028200
2016-09-21,5369,5463,5322,5392,2996420
2016-09-22,5452,5523,5404,5463,4309820
2016-09-23,5463,5487,5428,5428,3065270
2016-09-26,5416,5469,5339,5434,2874560
2016-09-27,5428,5481,5416,5469,3471140
2016-09-28,5499,5558,5469,5523,3327970
2016-09-29,5523,5558,5463,5487,3445480
2016-09-30,5446,5499,5392,5404,7055060
2016-10-03,5404,5440,5262,5262,6696480
2016-10-04,5227,5298,5097,5197,12594180
2016-10-05,5203,5227,5150,5156,4993350
2016-10-06,5144,5168,5032,5073,5642520
2016-10-07,5073,5121,4789,4860,12092340
2016-10-10,4849,4860,4636,4636,5932030
2016-10-11,4647,4955,4647,4955,8816090
2016-10-12,4990,5038,4801,4825,6287140
2016-10-13,4754,4914,4695,4884,4735200
2016-10-14,4849,4931,4778,4778,4372760
2016-10-17,4754,4825,4707,4707,2726800
2016-10-18,4683,4819,4683,4813,3936870
2016-10-19,4849,4955,4819,4878,3624200
2016-10-20,4896,4919,4837,4866,1596170
2016-10-21,4860,4896,4837,4849,2218550
2016-10-24,4849,4872,4754,4754,2876450
2016-10-25,4754,4766,4642,4683,3373480
2016-10-26,4683,4724,4618,4677,2550830
2016-10-27,4683,4701,4642,4677,1633800
2016-10-28,4677,4860,4677,4825,3415950
2016-10-31,4860,4860,4754,4819,2216260
2016-11-01,4789,4866,4778,4778,1519710
2016-11-02,4778,4778,4671,4671,2809280
2016-11-03,4671,4671,4594,4647,3416740
2016-11-04,4671,4707,4659,4683,1521270
2016-11-07,4724,4872,4695,4860,4122990
2016-11-08,4884,4943,4872,4908,4669020
2016-11-09,4908,4908,4671,4843,9411610
2016-11-10,4943,4949,4902,4908,3802720
2016-11-11,4872,4896,4825,4843,3408550
2016-11-14,4825,4896,4819,4872,3990070
2016-11-15,4872,5002,4872,4967,4588760
2016-11-16,4967,5044,4955,4979,4225640
2016-11-17,4967,5020,4931,4943,3054490
2016-11-18,4931,4973,4872,4884,3101710
2016-11-21,4896,4967,4860,4967,3303700
2016-11-22,5014,5020,4943,4955,3014150
2016-11-23,4955,5002,4919,4925,2206150
2016-11-24,4943,4996,4919,4931,2522970
2016-11-25,4967,4990,4919,4937,3239970
2016-11-28,4931,4937,4789,4813,3054300
2016-11-29,4813,4837,4754,4772,2916960
2016-11-30,4760,5026,4754,4979,6140310
2016-12-01,5002,5026,4937,4937,4391230
2016-12-02,4955,5008,4943,4990,4769370
2016-12-05,5002,5091,4990,5014,6102780
2016-12-06,5026,5038,4801,4837,4956320
2016-12-07,4837,4896,4825,4831,2987910
2016-12-08,4843,4896,4831,4837,1912140
2016-12-09,4837,4890,4825,4837,2565360
2016-12-12,4831,4837,4789,4813,2412750
2016-12-13,4813,4831,4766,4795,2687280
2016-12-14,4795,4943,4795,4925,2633270
2016-12-15,4919,4931,4860,4884,1830580
2016-12-16,4872,4979,4872,4943,3688380
2016-12-19,4943,4985,4890,4908,2430260
2016-12-20,4908,4937,4878,4884,1312730
2016-12-21,4908,4985,4896,4955,2405340
2016-12-22,4979,5109,4967,5026,6126040
2016-12-23,5026,5109,4979,5079,4268440
2016-12-26,5132,5186,5121,5180,3826190
2016-12-27,5180,5191,5103,5103,3831250
2016-12-28,5109,5174,5103,5156,3467160
2016-12-29,5144,5162,5109,5109,2021280
2016-12-30,5109,5138,5103,5103,1969290
2017-01-03,5121,5221,5109,5203,3044660
2017-01-04,5239,5262,5186,5203,2346300
2017-01-05,5209,5239,5203,5215,3018500
2017-01-06,5227,5257,5109,5132,4204960
2017-01-09,5144,5156,5079,5103,2617980
2017-01-10,5109,5215,5109,5186,2985620
2017-01-11,5186,5203,5144,5203,1669830
2017-01-12,5227,5227,5162,5162,1816920
2017-01-13,5144,5162,5109,5109,2579390
2017-01-16,5103,5121,4967,4967,4140650
2017-01-17,4967,5020,4937,4967,2562530
2017-01-18,4967,4996,4919,4919,2807280
2017-01-19,4884,4949,4878,4902,1908870
2017-01-20,4908,5008,4908,4990,1186610
2017-01-23,4979,5026,4967,4967,1195100
2017-01-24,4990,4990,4961,4967,1167800
2017-01-25,4967,5032,4967,5002,907340
2017-02-02,5026,5050,4990,5050,1714550
2017-02-03,5215,5262,5109,5109,5400770
2017-02-06,5144,5215,5109,5215,4596640
2017-02-07,5227,5327,5227,5274,8714000
2017-02-08,5298,5298,5239,5280,3232800
2017-02-09,5310,5339,5257,5268,5763710
2017-02-10,5257,5310,5245,5245,4005140
2017-02-13,5262,5310,5262,5292,2291640
2017-02-14,5322,5381,5298,5333,4524800
2017-02-15,5333,5369,5298,5339,3767830
2017-02-16,5363,5363,5286,5286,4491020
2017-02-17,5262,5274,5180,5239,5439270
2017-02-20,5061,5073,4919,4967,13251990
2017-02-21,4949,5014,4925,4996,4324840
2017-02-22,4990,5008,4730,4754,7920920
2017-02-23,4754,4837,4742,4801,4527400
2017-02-24,4789,4819,4742,4783,2402300
2017-02-27,4778,4783,4713,4760,3949350
2017-02-28,4789,4813,4730,4730,2358760
2017-03-01,4724,4849,4659,4837,3802640
2017-03-02,4860,4973,4837,4967,7913230
2017-03-03,4967,4967,4849,4849,1779190
2017-03-06,4849,4908,4825,4872,2560640
2017-03-07,4896,4908,4860,4872,1917450
2017-03-08,4872,4884,4860,4878,2014690
2017-03-09,4884,4985,4878,4967,4294340
2017-03-10,4967,5085,4961,4979,6007990
2017-03-13,4979,4990,4943,4979,1984280
2017-03-14,4990,4990,4967,4973,1597180
2017-03-15,4967,4973,4902,4914,2582180
2017-03-16,4943,4955,4931,4943,988750
2017-03-17,4955,4985,4884,4884,4447530
2017-03-20,4943,4961,4919,4949,958720
2017-03-21,5026,5073,5014,5067,3582260
2017-03-22,5085,5097,5002,5014,2598780
2017-03-23,5026,5073,5014,5055,2599800
2017-03-24,5085,5097,5055,5091,2938830
2017-03-27,5121,5126,5079,5091,3248280
2017-03-28,5085,5109,5038,5079,2948930
2017-03-29,5085,5156,5067,5132,5883840
2017-03-30,5286,5383,5233,5312,8091460
2017-03-31,5321,5463,5321,5419,3390840
2017-04-03,5445,5676,5437,5667,4490760
2017-04-04,5676,5907,5667,5729,7700040
2017-04-05,5676,5685,5570,5578,4587810
2017-04-07,5552,5685,5508,5649,4327880
2017-04-10,5676,5685,5605,5667,4318150
2017-04-11,5676,5685,5632,5658,3139100
2017-04-12,5641,5649,5570,5605,4231190
2017-04-13,5587,5632,5570,5587,3009260
2017-04-14,5543,5578,5410,5481,3510790
2017-04-17,5490,5508,5383,5410,4472670
2017-04-18,5437,5445,5330,5366,5291790
2017-04-19,5401,5499,5374,5490,4167070
2017-04-20,5490,5499,5401,5401,2167010
2017-04-21,5392,5437,5357,5401,1963090
2017-04-24,5410,5419,5304,5330,2528340
2017-04-25,5321,5357,5259,5286,3193390
2017-04-26,5268,5268,5091,5179,4574520
2017-04-27,5197,5268,5091,5233,6407120
2017-04-28,5179,5224,5171,5215,7712150
2017-05-03,5215,5233,5162,5162,2315880
2017-05-04,5171,5215,5162,5179,2558020
2017-05-05,5179,5197,5179,5179,2495480
2017-05-08,5179,5197,5162,5171,3316640
2017-05-09,5188,5286,5162,5268,4265190
2017-05-10,5321,5366,5304,5321,3910870
2017-05-11,5339,5392,5339,5348,3986120
2017-05-12,5348,5357,5233,5268,3027090
2017-05-15,5268,5277,5224,5233,3426170
2017-05-16,5233,5241,5144,5144,5684020
2017-05-17,5144,5215,5144,5153,2510930
2017-05-18,5144,5179,5055,5055,3916890
2017-05-19,5091,5108,5037,5091,2576500
2017-05-22,5091,5197,5091,5126,2366700
2017-05-23,5162,5162,5126,5153,3362870
2017-05-24,5144,5224,5135,5206,3289470
2017-05-25,5215,5259,5188,5206,2081150
2017-05-26,5197,5215,5162,5179,1846100
2017-05-29,5197,5304,5197,5286,4611820
2017-05-30,5295,5295,5206,5206,3388780
2017-05-31,5197,5481,5197,5392,8341190
2017-06-01,5445,5445,5348,5374,3916570
2017-06-02,5374,5383,5295,5321,3559100
2017-06-05,5321,5366,5295,5312,4605780
2017-06-06,5304,5410,5286,5410,7122100
2017-06-07,5437,5587,5437,5570,8211260
2017-06-08,5587,5623,5534,5587,5384820
2017-06-09,5578,5623,5552,5578,3949410
2017-06-12,5561,5570,5463,5481,4399880
2017-06-13,5463,5570,5454,5570,3739790
2017-06-14,5596,5632,5561,5614,4805780
2017-06-15,5614,5782,5614,5747,11733730
2017-06-16,5987,6006,5807,5845,9519180
2017-06-19,5873,5892,5760,5779,4579560
2017-06-20,5760,5854,5760,5854,3360510
2017-06-21,5835,5835,5750,5798,3868940
2017-06-22,5788,5845,5779,5826,2123300
2017-06-23,5835,5835,5779,5835,3030110
2017-06-26,5817,5864,5788,5845,2511280
2017-06-27,5845,5845,5798,5807,2673780
2017-06-28,5807,5826,5788,5817,1958450
2017-06-29,5807,5959,5807,5902,4514140
2017-06-30,5949,6063,5911,6063,7332030
2017-07-03,6063,6442,6063,6252,7979110
2017-07-04,6252,6357,6224,6252,4802760
2017-07-05,6300,6300,6195,6233,3003200
2017-07-06,6252,6347,6233,6309,5624250
2017-07-07,6347,6357,6243,6252,5284990
2017-07-10,6252,6309,6243,6271,5380960
2017-07-11,6290,6290,6101,6233,5710870
2017-07-12,6252,6290,6195,6252,3529680
2017-07-13,6262,6366,6233,6366,2996090
2017-07-14,6432,6527,6385,6385,3809400
2017-07-17,6394,6394,6158,6224,5055550
2017-07-18,6025,6091,5968,6072,7643890
2017-07-19,6072,6129,6025,6025,3961970
2017-07-20,5949,6015,5835,5997,5852240
2017-07-21,5978,6006,5930,5949,4577090
2017-07-24,5902,6025,5892,5987,3045580
2017-07-25,5959,6101,5959,6063,2302570
2017-07-26,6101,6233,6072,6214,2780360
2017-07-27,6224,6224,6139,6148,1492240
2017-07-28,6120,6205,6120,6148,1550080
2017-07-31,6082,6139,6034,6120,3079000
2017-08-01,6063,6233,6063,6195,3792470
2017-08-02,6158,6186,6110,6120,2158020
2017-08-03,6120,6158,6091,6120,1338210
2017-08-04,6101,6120,6053,6063,1588200
2017-08-07,6063,6129,6044,6110,1487440
2017-08-08,6129,6148,6101,6120,1428790
2017-08-09,6082,6120,6015,6034,2387220
2017-08-10,6025,6063,6015,6063,1892780
2017-08-11,6053,6205,6053,6195,2919330
2017-08-14,6195,6442,6186,6442,6421140
2017-08-15,6518,6518,6328,6347,4397780
2017-08-16,6347,6489,6309,6489,7328470
2017-08-17,6489,6489,6375,6375,3100480
2017-08-18,6347,6442,6319,6394,3031150
2017-08-21,6385,6394,6262,6271,3275910
2017-08-22,6233,6338,6214,6300,2976640
2017-08-23,6262,6347,6243,6347,2082950
2017-08-24,6309,6413,6309,6385,3342600
2017-08-25,6366,6432,6357,6423,5658750
2017-08-28,6442,6518,6423,6518,5261300
2017-08-29,6499,6593,6489,6527,5137980
2017-08-30,6527,6631,6527,6603,3576470
2017-08-31,6593,6698,6593,6641,3918570
2017-09-01,6641,6669,6603,6650,2819890
2017-09-05,6650,6716,6622,6707,3246220
2017-09-06,6707,6821,6707,6821,6081580
2017-09-07,6840,6840,6688,6726,5304750
2017-09-08,6726,6830,6679,6811,4192570
2017-09-11,6802,6821,6688,6688,2957540
2017-09-12,6688,6716,6612,6716,3157390
2017-09-13,6764,6991,6745,6991,5917410
2017-09-14,7010,7067,6915,6953,2979310
2017-09-15,6915,7020,6896,7010,4240470
2017-09-18,7067,7200,7058,7133,4636200
2017-09-19,7181,7323,7152,7200,5115160
2017-09-20,7209,7238,7143,7181,3067330
2017-09-21,7200,7219,7067,7105,4301050
2017-09-22,7095,7238,7076,7143,3308050
2017-09-25,7152,7152,7086,7105,2046460
2017-09-26,7086,7124,7020,7086,3665880
2017-09-27,7086,7171,7086,7143,2014480
2017-09-28,7152,7238,7143,7152,2949080
2017-09-29,7152,7380,7152,7370,6091150
2017-10-02,7380,7418,7323,7399,4329510
2017-10-03,7389,7436,7275,7351,3500210
2017-10-04,7370,7512,7332,7512,2571530
2017-10-05,7512,7560,7351,7351,5341280
2017-10-06,7351,7427,7294,7361,3118160
2017-10-09,7389,7474,7351,7474,2179760
2017-10-10,7474,7522,7455,7522,1986910
2017-10-11,7522,7531,7465,7493,2924450
2017-10-12,7503,7579,7446,7484,6506920
2017-10-13,7474,7493,7370,7380,3480150
2017-10-16,7389,7389,7162,7200,5477600
2017-10-17,7181,7389,7181,7389,4209020
2017-10-18,7389,7446,7238,7275,3257880
2017-10-19,7200,7285,7152,7162,3847220
2017-10-20,7162,7190,6991,7095,5134390
2017-10-23,7029,7105,6944,7029,3548920
2017-10-24,7095,7105,7020,7105,2536880
2017-10-25,7086,7143,7076,7076,1865230
2017-10-26,7076,7076,6953,7010,2990890
2017-10-27,7020,7143,6991,7143,2307070
2017-10-30,7162,7162,6972,6972,3182530
2017-10-31,6972,7086,6878,7010,3596630
2017-11-01,6972,6991,6754,6764,5695800
2017-11-02,6764,6859,6593,6593,4642790
2017-11-03,6631,6859,6593,6859,3961010
2017-11-06,6915,7020,6896,6991,2911740
2017-11-07,7010,7010,6934,6991,2598200
2017-11-08,6991,7067,6944,7020,4626280
2017-11-09,7048,7058,7001,7020,2984290
2017-11-10,7048,7058,6991,7058,2695850
2017-11-13,7058,7058,6878,6944,2541840
2017-11-14,6972,7162,6934,7086,3223090
2017-11-15,7105,7370,7095,7342,5923670
2017-11-16,7332,7427,7294,7323,3823530
2017-11-17,7313,7332,7190,7238,2824720
2017-11-20,7238,7238,7048,7086,5032060
2017-11-21,7105,7200,7095,7114,4116150
2017-11-22,7181,7313,7162,7256,4017630
2017-11-23,7313,7332,7162,7238,5048680
2017-11-24,7238,7427,7238,7408,6380830
2017-11-27,7427,7474,7380,7436,5252070
2017-11-28,7484,7512,7408,7465,3685180
2017-11-29,7446,7465,7389,7446,3701540
2017-11-30,7503,7844,7503,7806,11457580
2017-12-01,7796,7901,7768,7863,4367480
2017-12-04,7844,7976,7825,7957,4425610
2017-12-05,7957,8005,7882,7882,5651430
2017-12-06,7939,8005,7692,8005,7172100
2017-12-07,8005,8014,7882,7948,3948820
2017-12-08,7939,7939,7787,7806,3524840
2017-12-11,7692,7777,7616,7616,3778630
2017-12-12,7635,7749,7200,7522,6905750
2017-12-13,7654,7654,7522,7635,4180040
2017-12-14,7635,7730,7626,7702,2181370
2017-12-15,7759,7948,7759,7901,5530560
2017-12-18,7995,8147,7910,8147,5984320
2017-12-19,8223,8393,8175,8261,7414140
2017-12-20,8185,8431,8185,8336,4347600
2017-12-21,8280,8564,8280,8355,6161690
2017-12-22,8393,8507,8355,8403,5883750
2017-12-25,8403,8422,8299,8308,2345650
2017-12-26,8242,8412,8232,8317,3717280
2017-12-27,8317,8640,8317,8602,7613290
2017-12-28,8602,8715,8507,8677,3305010
2017-12-29,8706,8886,8687,8876,5114380
2018-01-02,8886,9047,8801,9037,4105100
2018-01-03,9094,9189,8962,9018,4828220
2018-01-04,9056,9170,9018,9132,4640280
2018-01-05,9113,9180,9028,9094,3660450
2018-01-08,9037,9378,9000,9378,3702750
2018-01-09,9435,10023,9416,10023,5702180
2018-01-10,10136,10231,9587,9795,6231980
2018-01-11,9757,9833,9549,9795,5284530
2018-01-12,9852,10023,9701,9871,5393440
2018-01-15,9833,10345,9776,10345,3408260
2018-01-16,10288,10610,10155,10610,4328790
2018-01-17,10496,10648,10155,10155,5028580
2018-01-18,10117,10610,10004,10610,5542350
2018-01-19,10610,11349,10534,11311,7233090
2018-01-22,11273,12088,11273,12050,6662390
2018-01-23,12050,12050,12050,12050,0
2018-01-24,12050,12050,12050,12050,0
2018-01-25,12296,12315,11557,11652,13773130
2018-01-26,11747,12220,11557,12107,4998360
2018-01-29,12220,12315,11652,11652,5100130
2018-01-30,11463,11652,11084,11614,10291630
2018-01-31,11614,12088,11557,11804,5541660
2018-02-01,11804,11936,11463,11557,2813090
2018-02-02,11557,11633,11311,11576,3673050
2018-02-05,11349,11444,10799,10799,7317220
2018-02-06,10061,11254,10061,10989,14973300
2018-02-07,11463,11652,11197,11273,5682060
2018-02-08,11273,11519,11140,11311,4633450
2018-02-09,10762,11254,10762,11046,9028840
2018-02-12,11046,11311,10970,11140,6576890
2018-02-13,11178,11576,11178,11481,5281840
2018-02-21,11652,11709,11311,11368,8779720
2018-02-22,11273,11292,11122,11159,4928900
2018-02-23,11178,11747,11140,11671,10695740
2018-02-26,11917,12239,11785,12201,8761510
2018-02-27,12296,12296,12012,12145,7780430
2018-02-28,12031,12505,11917,12505,11050630
2018-03-01,12486,12846,12315,12637,6516250
2018-03-02,12334,12637,12258,12561,7746200
2018-03-05,12542,12561,11690,11690,18962710
2018-03-06,11747,12145,11216,12107,8543250
2018-03-07,11652,12107,11463,11576,6712590
2018-03-08,11538,11860,11387,11709,4777230
2018-03-09,11747,11823,11595,11652,4792550
2018-03-12,11652,11823,11633,11747,2965770
2018-03-13,11728,11747,11595,11652,2925900
2018-03-14,11728,11804,11690,11709,2654570
2018-03-15,11652,11652,11444,11481,4149230
2018-03-16,11425,11538,11292,11406,9631780
2018-03-19,11557,12107,11557,11955,5218860
2018-03-20,11898,11917,11652,11652,3422270
2018-03-21,11671,12012,11671,11936,4866590
2018-03-22,11936,12183,11841,11898,6581870
2018-03-23,11463,11747,11463,11633,5420930
2018-03-26,11500,11614,11084,11159,11065710
2018-03-27,11103,11349,11103,11254,5798310
2018-03-28,11254,11406,11140,11349,2410560
2018-03-29,11368,11595,11330,11519,3683450
2018-03-30,11595,11614,11387,11444,2577560
2018-04-02,11463,11481,11178,11178,6093790
2018-04-03,11178,11273,10894,11084,6349810
2018-04-04,11178,11235,11084,11178,2908600
2018-04-05,11235,11254,11103,11140,2089950
2018-04-06,11122,11444,11084,11444,4899110
2018-04-09,11481,11595,11368,11519,4479210
2018-04-10,11519,11576,11387,11519,4651830
2018-04-11,11557,11747,11444,11463,7191440
2018-04-12,11406,11728,11349,11690,4513010
2018-04-13,11747,11766,11538,11595,3273780
2018-04-16,11463,11557,11387,11387,2178130
2018-04-17,11444,11444,11178,11311,3369400
2018-04-18,11349,11406,11178,11178,2757790
2018-04-19,11103,11197,10799,10799,5118490
2018-04-20,10799,11140,10648,11140,3297740
2018-04-23,11159,11159,10515,10534,2822400
2018-04-24,10515,10780,10421,10610,3808590
2018-04-26,10610,10762,10061,10136,4650560
2018-04-27,10136,10231,9814,10193,5135100
2018-05-02,10307,10496,10098,10307,4197690
2018-05-03,10288,10326,10117,10288,5325700
2018-05-04,10383,10477,10212,10231,2599490
2018-05-07,10307,10610,10212,10610,3773870
2018-05-08,10591,10970,10458,10799,4689060
2018-05-09,10762,10894,10629,10799,2016460
2018-05-10,10743,10780,10421,10458,2628190
2018-05-11,10345,10572,10326,10553,2728770
2018-05-14,10629,10667,10421,10572,2798580
2018-05-15,10591,10648,10458,10496,2482800
2018-05-16,10439,10648,10212,10231,3144190
2018-05-17,10231,10269,10004,10042,4117510
2018-05-18,10079,10212,9947,10212,3743020
2018-05-21,10326,10345,10079,10079,2366300
2018-05-22,10023,10042,9568,9568,6301030
2018-05-23,9530,9852,9530,9795,3291430
2018-05-24,9852,9928,9776,9928,3650040
2018-05-25,9928,10098,9814,9871,5347460
2018-05-28,9587,9852,9227,9227,5307490
2018-05-29,9227,9871,9227,9852,4982880
2018-05-30,9871,10117,9644,10004,6303310
2018-05-31,10023,10629,10004,10629,9232180
2018-06-01,10705,10875,10629,10799,6643770
2018-06-04,10970,11368,10856,11368,5646190
2018-06-05,11368,11406,11084,11178,6122250
2018-06-06,11216,11557,11084,11519,6063330
2018-06-07,11557,11823,11519,11728,5446810
2018-06-08,11747,11747,11595,11614,3600330
2018-06-11,11557,11690,11463,11481,8041000
2018-06-12,11750,11750,11061,11273,10591380
2018-06-13,11246,11565,11220,11512,3666430
2018-06-14,11618,11790,11286,11299,6574380
2018-06-15,11273,11405,11087,11405,4820810
2018-06-18,11326,11326,10663,10663,7388100
2018-06-19,10291,10477,9947,10172,13163240
2018-06-20,10345,10610,10026,10610,5767930
2018-06-21,10596,10596,10345,10411,3879280
2018-06-22,10345,10862,10291,10862,7178290
2018-06-25,11140,11180,10888,11008,3464240
2018-06-26,10769,10915,10610,10902,2672780
2018-06-27,10848,10915,10477,10477,3374170
2018-06-28,10291,10557,10238,10305,4260340
2018-06-29,10291,10398,10066,10185,5171070
2018-07-02,10079,10212,9814,10185,6223040
2018-07-03,10185,10291,9628,9628,5823250
2018-07-04,9761,9933,9602,9841,3769000
2018-07-05,9841,9947,9496,9575,4246120
2018-07-06,9562,10026,9337,9761,5279160
2018-07-09,9947,9947,9390,9469,3847250
2018-07-10,9416,9575,9416,9416,3023470
2018-07-11,9257,9390,8965,9124,7028880
2018-07-12,8833,9058,8806,8952,3327390
2018-07-13,9071,9456,9032,9443,4729750
2018-07-16,9575,9615,9376,9416,3329260
2018-07-17,9284,9589,9284,9575,3378710
2018-07-18,9628,9907,9575,9867,6330670
2018-07-19,9933,10013,9841,9867,3514150
2018-07-20,9761,9814,9615,9734,4976130
2018-07-23,9841,9973,9708,9801,5595420
2018-07-24,9787,9801,9310,9390,12245700
2018-07-25,9390,9496,9337,9416,5722050
2018-07-26,9416,9681,9390,9681,8216850
2018-07-27,9748,9907,9642,9894,4810640
2018-07-30,9973,10026,9787,9827,6039970
2018-07-31,9787,9986,9695,9907,5772660
2018-08-01,9920,10119,9894,9973,6858830
2018-08-02,9947,9947,9681,9880,6073010
2018-08-03,9947,9960,9628,9628,5949600
2018-08-06,9642,9642,9443,9589,4646830
2018-08-07,9589,9589,9496,9589,4866190
2018-08-08,9602,9774,9575,9734,3433350
2018-08-09,9787,9867,9681,9695,4586550
2018-08-10,9668,9841,9668,9814,4206330
2018-08-13,9787,10172,9734,10159,11400140
2018-08-14,10212,10318,10146,10212,5313160
2018-08-15,10212,10278,9894,9947,4685310
2018-08-16,9814,10000,9801,9947,6993170
2018-08-17,10053,10132,9933,10000,3745240
2018-08-20,10000,10000,9854,9880,3542590
2018-08-21,9841,9947,9827,9947,3423060
2018-08-22,9973,10185,9933,10079,6056930
2018-08-23,10053,10172,10053,10106,3848180
2018-08-24,10079,10185,10026,10172,5677060
2018-08-27,10238,10424,10212,10331,5469600
2018-08-28,10345,10663,10345,10583,11013110
2018-08-29,10610,10782,10504,10504,6878210
2018-08-30,10504,10557,10384,10517,6445830
2018-08-31,10557,10703,10504,10596,6134410
2018-09-04,10530,10583,10345,10345,4474530
2018-09-05,10291,10411,10212,10238,4632970
2018-09-06,10238,10398,10212,10252,4485480
2018-09-07,10238,10557,10238,10530,5407420
2018-09-10,10517,10557,10398,10398,2575640
2018-09-11,10358,10663,10358,10610,6918510
2018-09-12,10636,10676,10477,10477,5608340
2018-09-13,10530,10676,10477,10543,4751230
2018-09-14,10557,10623,10477,10477,4652530
2018-09-17,10424,10517,10384,10464,2372700
2018-09-18,10398,10464,10291,10464,7281960
2018-09-19,10557,10583,10504,10517,4490210
2018-09-20,10583,10848,10530,10848,9974190
2018-09-21,10875,10981,10782,10955,14273500
2018-09-24,11061,11061,10902,10955,4430010
2018-09-25,10875,10981,10835,10941,4476220
2018-09-26,10941,10994,10875,10875,5014340
2018-09-27,10928,11034,10902,11021,5592570
2018-09-28,11034,11233,11008,11220,9618060
2018-10-01,11220,11392,11154,11246,6816120
2018-10-02,11074,11154,10915,10955,10602070
2018-10-03,10875,11034,10875,10955,4992960
2018-10-04,10928,10981,10848,10981,11906470
2018-10-05,10981,11114,10928,10994,6048270
2018-10-08,10928,10994,10888,10928,3740940
2018-10-09,11008,11008,10875,10875,3708340
2018-10-10,10902,11074,10862,10981,6742900
2018-10-11,10636,10769,10424,10583,15991110
2018-10-12,10451,10822,10451,10822,6596990
2018-10-15,10795,10795,10663,10703,4218380
2018-10-16,10703,10809,10703,10809,2908510
2018-10-17,10928,10941,10835,10875,5125430
2018-10-18,10875,10915,10795,10875,4084530
2018-10-19,10795,10888,10716,10809,4992750
2018-10-22,10822,10862,10636,10636,2565350
2018-10-23,10596,10596,10318,10477,10012340
2018-10-24,10398,10583,10398,10398,5213790
2018-10-25,10079,10384,10039,10345,7241940
2018-10-26,10424,10504,10318,10318,5147210
2018-10-29,10252,10318,10238,10305,4460930
2018-10-30,10238,10437,10238,10265,2685010
2018-10-31,10371,10676,10358,10676,4239400
2018-11-01,10583,10596,10451,10504,2241010
2018-11-02,10610,10650,10557,10610,3595700
2018-11-05,10504,10610,10477,10610,2233570
2018-11-06,10636,10650,10504,10504,1700170
2018-11-07,10504,10557,10384,10384,2813620
2018-11-08,10570,10570,10318,10318,2801350
2018-11-09,10238,10305,9973,9973,5710610
2018-11-12,9973,10013,9854,9960,2803560
2018-11-13,9814,9894,9761,9787,5403540
2018-11-14,9774,9774,9350,9496,8274360
2018-11-15,9416,9536,9217,9284,6829060
2018-11-16,9416,9469,9297,9337,2321900
2018-11-19,9416,9496,9323,9403,1664620
2018-11-20,9443,9721,9390,9681,5710000
2018-11-21,9562,9761,9549,9681,3805730
2018-11-22,9708,9748,9496,9496,2743490
2018-11-23,9496,9549,9416,9429,2056060
2018-11-26,9443,9602,9429,9443,2477200
2018-11-27,9496,9602,9443,9443,1896260
2018-11-28,9469,9509,9270,9337,4090120
2018-11-29,9390,9456,9071,9071,4059480
2018-11-30,9018,9018,8806,8806,7469210
2018-12-03,9018,9284,9018,9230,3769340
2018-12-04,9284,9337,9085,9177,4310860
2018-12-05,9111,9416,9085,9363,8092180
2018-12-06,9310,9390,9151,9177,4632240
2018-12-07,9257,9284,9164,9191,3363510
2018-12-10,9151,9177,8925,8952,5397970
2018-12-11,8912,9005,8700,8872,6978590
2018-12-12,8886,8952,8753,8912,3581530
2018-12-13,8979,9045,8939,9018,5480330
2018-12-14,9005,9005,8859,8886,3865790
2018-12-17,8886,8886,8594,8594,4480980
2018-12-18,8408,8501,8130,8249,8158460
2018-12-19,8249,8329,7692,7878,10969390
2018-12-20,7851,7997,7772,7944,6098080
2018-12-21,7772,7957,7772,7944,4460780
2018-12-24,7944,8090,7944,8090,3262070
2018-12-25,7864,8063,7679,8063,4800740
2018-12-26,8063,8063,7891,8037,3827010
2018-12-27,8183,8249,8037,8209,4873610
2018-12-28,8170,8209,8090,8209,7473800
2019-01-02,8196,8342,8170,8170,4196210
2019-01-03,8156,8196,7825,7825,6877510
2019-01-04,7798,7957,7612,7878,5841290
2019-01-07,8037,8050,7732,7785,2488920
2019-01-08,7798,7825,7612,7652,3150620
2019-01-09,7692,7904,7692,7825,1876020
2019-01-10,7851,7984,7825,7904,1783870
2019-01-11,7904,7931,7785,7785,2659370
2019-01-14,7798,7811,7652,7772,3226780
2019-01-15,7772,7851,7732,7772,2640430
2019-01-16,7798,7864,7732,7811,2981480
2019-01-17,7811,7811,7666,7666,1957850
2019-01-18,7772,7811,7732,7745,2120620
2019-01-21,7772,7891,7745,7838,1917140
2019-01-22,7878,7918,7811,7825,1665310
2019-01-23,7798,8063,7785,7971,3788700
2019-01-24,7984,8063,7918,7918,2387030
2019-01-25,7957,7984,7838,7878,1609890
2019-01-28,7904,7904,7851,7891,1711540
2019-01-29,7918,7918,7825,7878,1814550
2019-01-30,7851,7851,7652,7692,6765640
2019-01-31,7692,7732,7321,7347,7171640
2019-02-01,7387,7480,7162,7241,7100180
2019-02-11,7334,7666,7321,7666,2836470
2019-02-12,7666,7918,7626,7825,7952400
2019-02-13,7825,8249,7825,8196,11079510
2019-02-14,8196,8302,8170,8223,6455840
2019-02-15,8223,8620,8170,8382,9326200
2019-02-18,8514,8634,8475,8528,6374370
2019-02-19,8607,8620,8395,8408,5904440
2019-02-20,8408,8567,8395,8541,5878290
2019-02-21,8567,8673,8461,8673,6010110
2019-02-22,8660,9005,8634,8992,8269150
2019-02-25,9138,9429,9071,9230,11781980
2019-02-26,9230,9390,9085,9151,7383610
2019-02-27,9270,9270,9058,9124,4999180
2019-02-28,9164,9177,8912,8912,6952800
2019-03-01,8912,9085,8912,9085,4610790
2019-03-04,9217,9376,9204,9376,5020420
2019-03-05,9310,9443,9270,9297,5704900
2019-03-06,9284,9337,9124,9284,3373240
2019-03-07,9284,9297,9045,9045,4555440
2019-03-08,8886,9098,8859,9005,4654840
2019-03-11,9071,9071,8912,8965,4858680
2019-03-12,9045,9058,8939,8979,5262570
2019-03-13,9018,9111,8992,9111,3200950
2019-03-14,9111,9191,8992,9071,4362150
2019-03-15,8753,8780,8448,8461,17029640
2019-03-18,8355,8594,8103,8448,10578940
2019-03-19,8435,8475,8249,8461,7385900
2019-03-20,8355,8647,8355,8567,5625190
2019-03-21,8567,8607,8475,8488,2737980
2019-03-22,8514,8541,8448,8475,4192750
2019-03-25,8249,8395,8249,8329,3736290
2019-03-26,8382,8421,8302,8382,3515960
2019-03-27,8461,8581,8395,8581,2539450
2019-03-28,8528,8607,8514,8607,2513150
2019-03-29,8634,8673,8461,8541,6534270
2019-04-01,8501,8541,8461,8475,3670350
2019-04-02,8541,8554,8475,8514,1796860
2019-04-03,8488,8528,8461,8514,3775800
2019-04-04,8528,8594,8488,8594,2765210
2019-04-05,8594,8660,8554,8620,1836710
2019-04-08,8620,8660,8567,8594,1380890
2019-04-09,8607,8620,8488,8514,2884050
2019-04-10,8488,8501,8395,8475,2207380
2019-04-11,8488,8501,8448,8475,1516930
2019-04-12,8475,8501,8448,8501,1576930
2019-04-16,8461,8488,8368,8421,1546470
2019-04-17,8421,8448,8355,8382,1860340
2019-04-18,8329,8368,8302,8302,2388910
2019-04-19,8315,8408,8315,8382,1213930
2019-04-22,8315,8514,8315,8448,1823920
2019-04-23,8488,8488,8448,8461,1685950
2019-04-24,8488,8846,8461,8846,5801340
2019-04-25,8886,8925,8753,8780,4094750
2019-04-26,8806,8965,8780,8912,2820780
2019-05-02,8939,9018,8833,9018,3807620
2019-05-03,9018,9124,8939,9058,3495970
2019-05-06,8859,8965,8806,8872,4500050
2019-05-07,8965,8965,8859,8886,2820070
2019-05-08,8819,8833,8753,8793,2812600
2019-05-09,8766,8819,8647,8727,2112430
2019-05-10,8780,8806,8647,8713,1909270
2019-05-13,8740,8740,8488,8501,3810530
2019-05-14,8408,8594,8408,8594,1820770
2019-05-15,8594,8673,8567,8594,2537170
2019-05-16,8607,8673,8567,8567,1378610
2019-05-17,8567,8594,8541,8554,1491570
2019-05-20,8554,8766,8554,8700,2216410
2019-05-21,8740,8806,8700,8727,2147580
2019-05-22,8753,8859,8727,8753,2514350
2019-05-23,8753,8766,8660,8687,2533270
2019-05-24,8620,8660,8528,8528,3667800
2019-05-27,8514,8581,8514,8541,1699260
2019-05-28,8620,8620,8501,8501,2839040
2019-05-29,8567,8620,8501,8620,1660260
2019-05-30,8620,8620,8475,8488,4194290
2019-05-31,8488,8541,8488,8514,3394280
2019-06-03,8501,8514,8329,8355,12274790
2019-06-04,8483,8552,8293,8379,3337800
2019-06-05,8414,8517,8172,8207,2988710
2019-06-06,8241,8241,7707,7828,7082600
2019-06-07,7931,8035,7879,7914,5101320
2019-06-10,8017,8069,7879,7897,6567230
2019-06-11,7931,8000,7828,7931,4409100
2019-06-12,7897,8017,7879,7966,3132550
2019-06-13,8069,8069,7897,7931,2523260
2019-06-14,7931,7948,7914,7914,2068100
2019-06-17,7914,7931,7741,7741,3644160
2019-06-18,7741,7966,7741,7948,5058220
2019-06-19,8086,8224,8035,8224,8365940
2019-06-20,8310,8310,8138,8138,4370160
2019-06-21,8241,8241,8138,8172,4429070
2019-06-24,8207,8293,8035,8052,3089270
2019-06-25,8000,8069,7931,7966,3284860
2019-06-26,7948,8017,7897,7897,1906040
2019-06-27,7897,7914,7776,7776,3756880
2019-06-28,7776,8104,7741,8104,3923340
2019-07-01,8000,8035,7862,7931,3836540
2019-07-02,7931,7931,7776,7793,4776600
2019-07-03,7793,7810,7621,7638,6315440
2019-07-04,7586,7759,7586,7690,5056190
2019-07-05,7690,7741,7638,7690,3066930
2019-07-08,7655,7690,7483,7500,7429100
2019-07-09,7517,7569,7362,7362,6316400
2019-07-10,7379,7500,7345,7362,3745990
2019-07-11,7379,7466,7379,7431,3104040
2019-07-12,7483,7586,7466,7552,3366890
2019-07-15,7586,7586,7397,7397,3902390
2019-07-16,7448,7466,7397,7448,3475800
2019-07-17,7466,7466,7345,7362,5461170
2019-07-18,7362,7379,7190,7224,8482000
2019-07-19,7241,7310,7035,7104,11182000
2019-07-22,7104,7310,7000,7155,6886080
2019-07-23,7172,7500,7172,7483,9013000
2019-07-24,7483,7517,7379,7431,3697610
2019-07-25,7414,7724,7414,7724,9473450
2019-07-26,7793,7948,7741,7776,9789570
2019-07-29,7776,7776,7500,7621,6954310
2019-07-30,7621,7655,7414,7414,6111110
2019-07-31,7379,7776,7345,7776,6538340
2019-08-01,7759,7845,7672,7793,5949030
2019-08-02,7655,7776,7621,7741,7142250
2019-08-05,7707,7759,7586,7638,6163970
2019-08-06,7431,7586,7431,7500,5651180
2019-08-07,7552,7638,7517,7621,3485020
2019-08-08,7638,8035,7638,8035,11123430
2019-08-09,8069,8104,7931,7966,3683200
2019-08-12,7966,8224,7966,8138,8127360
2019-08-13,8035,8241,8035,8086,6419220
2019-08-14,8207,8207,8069,8086,3871400
2019-08-15,7931,8017,7862,8017,6880640
2019-08-16,8017,8052,7897,7948,8856190
2019-08-19,7931,8035,7914,7948,2540900
2019-08-20,7948,8035,7845,7897,4790700
2019-08-21,7897,8017,7862,8000,4819580
2019-08-22,8035,8052,7931,7948,3314500
2019-08-23,8017,8086,7966,8069,5386570
2019-08-26,7966,7983,7828,7862,5677560
2019-08-27,7931,7948,7724,7724,8995460
2019-08-28,7724,7759,7621,7672,4335410
2019-08-29,7672,7672,7586,7638,4942140
2019-08-30,7638,7741,7604,7655,3329430
2019-09-03,7655,7690,7466,7466,5373060
2019-09-04,7414,7517,7414,7448,5849460
2019-09-05,7466,7569,7448,7483,2479020
2019-09-06,7517,7552,7379,7379,4205690
2019-09-09,7414,7431,7310,7310,3551180
2019-09-10,7310,7362,7276,7345,3449940
2019-09-11,7345,7604,7328,7604,4701010
2019-09-12,7638,7793,7638,7776,5565420
2019-09-13,7759,7810,7724,7793,4664730
2019-09-16,7741,7810,7672,7810,5400470
2019-09-17,7810,7828,7724,7828,3597090
2019-09-18,7828,7948,7793,7931,6151170
2019-09-19,7931,7948,7828,7914,3407530
2019-09-20,7914,7914,7776,7810,5099340
2019-09-23,7793,7793,7586,7586,5357440
2019-09-24,7569,7638,7535,7638,1984900
2019-09-25,7621,7621,7500,7552,3962320
2019-09-26,7586,7672,7483,7672,3332860
2019-09-27,7672,7741,7638,7638,3189980
2019-09-30,7655,7672,7569,7569,3421220
2019-10-01,7569,7655,7535,7552,4063670
2019-10-02,7586,7604,7483,7500,4362700
2019-10-03,7483,7483,7397,7431,4558270
2019-10-04,7448,7483,7345,7362,4775630
2019-10-07,7362,7414,7310,7345,3320870
2019-10-08,7379,7552,7328,7552,3977030
2019-10-09,7552,7552,7483,7552,3081260
2019-10-10,7552,7621,7414,7414,3934250
2019-10-11,7448,7483,7379,7414,4148140
2019-10-14,7483,7483,7397,7397,2957400
2019-10-15,7414,7483,7362,7362,3612960
2019-10-16,7379,7414,7345,7345,2621160
2019-10-17,7345,7466,7345,7379,4831150
2019-10-18,7431,7431,7345,7379,2289250
2019-10-21,7379,7397,7310,7310,3170430
2019-10-22,7310,7466,7310,7448,4095850
2019-10-23,7448,7621,7448,7535,6895670
2019-10-24,7552,7621,7535,7586,5143080
2019-10-25,7586,7586,7500,7517,2378380
2019-10-28,7517,7690,7466,7655,7281100
2019-10-29,7655,7741,7621,7655,5344070
2019-10-30,7672,7672,7586,7586,3066190
2019-10-31,7586,7604,7483,7517,5768030
2019-11-01,7552,7621,7517,7552,4059500
2019-11-04,7621,7655,7483,7500,6038610
2019-11-05,7517,7638,7500,7552,5517760
2019-11-06,7586,7638,7569,7586,4525660
2019-11-07,7638,7845,7621,7828,13242680
2019-11-08,7828,7862,7759,7828,5281950
2019-11-11,7793,7966,7793,7862,8000180
2019-11-12,7845,7966,7776,7931,6553550
2019-11-13,7966,7983,7810,7810,6513310
2019-11-14,7810,7879,7759,7810,5526590
2019-11-15,7810,7862,7776,7810,3431350
2019-11-18,7828,7931,7828,7897,3835760
2019-11-19,7914,7914,7828,7862,4169110
2019-11-20,7862,7862,7672,7724,6959150
2019-11-21,7690,7707,7586,7586,7500750
2019-11-22,7655,7707,7586,7621,5765620
2019-11-25,7638,7707,7586,7672,4233870
2019-11-26,7707,7862,7707,7810,5487610
2019-11-27,7845,7862,7776,7793,3524960
2019-11-28,7793,7828,7741,7793,3754940
2019-11-29,7793,7914,7741,7879,6338320
2019-12-02,7879,8000,7879,7914,9096550
2019-12-03,7914,8172,7828,8086,9332060
2019-12-04,8069,8138,8052,8086,4913700
2019-12-05,8052,8086,7948,7966,5182270
2019-12-06,7966,8241,7966,8224,7127130
2019-12-09,8224,8431,8224,8345,7902140
2019-12-10,8345,8466,8310,8414,10161370
2019-12-11,8379,8414,8241,8414,5402830
2019-12-12,8379,8414,8310,8345,4152040
2019-12-13,8345,8448,8207,8207,9476390
2019-12-16,8207,8241,8121,8190,5120410
2019-12-17,8190,8224,7897,7983,9866630
2019-12-18,7983,7983,7759,7776,7586700
2019-12-19,7776,7966,7776,7862,5752800
2019-12-20,7914,8017,7862,7931,5415140
2019-12-23,7983,8104,7914,7948,4009100
2019-12-24,7948,8035,7914,8000,3219640
2019-12-25,8000,8069,7983,7983,2378750
2019-12-26,8035,8035,7931,7931,3007690
2019-12-27,7931,8121,7879,8121,4181570
2019-12-30,8155,8224,8104,8155,2937980
2019-12-31,8155,8172,8052,8104,2876730
2020-01-02,8104,8276,8052,8276,4232230
2020-01-03,8345,8397,8293,8328,7832210
2020-01-06,8276,8362,8224,8276,5371060
2020-01-07,8310,8345,8138,8172,4871220
2020-01-08,8104,8155,7983,8086,6421130
2020-01-09,8138,8328,8138,8276,4613440
2020-01-10,8310,8466,8293,8345,10006180
2020-01-13,8345,8414,8310,8362,4456520
2020-01-14,8362,8638,8345,8621,9565300
2020-01-15,8638,8741,8586,8672,5881520
2020-01-16,8621,8741,8604,8724,6855030
2020-01-17,8724,8845,8586,8621,6329150
2020-01-20,8621,8793,8517,8793,5711790
2020-01-21,8879,8966,8810,8914,5911660
2020-01-22,8914,9104,8914,9069,8919900
2020-01-30,8810,8931,8604,8724,13028790
2020-01-31,8621,8724,8310,8310,10994970
2020-02-03,8035,8552,7828,8466,12079180
2020-02-04,8500,8552,8310,8483,8086090
2020-02-05,8569,8621,8345,8431,6938550
2020-02-06,8414,8690,8379,8690,9214150
2020-02-07,8690,8724,8345,8397,8120240
2020-02-10,8276,8500,8259,8397,4794830
2020-02-11,8431,8483,8086,8138,12551620
2020-02-12,8104,8328,8086,8207,9581940
2020-02-13,8190,8241,8138,8172,5263180
2020-02-14,8138,8190,8052,8172,5052290
2020-02-17,8172,8224,8138,8190,2716840
2020-02-18,8224,8224,8035,8035,7456030
2020-02-19,8035,8086,7966,8017,5481650
2020-02-20,8086,8190,8017,8190,5225250
2020-02-21,8190,8207,8104,8121,4513960
2020-02-24,7845,7983,7828,7828,12938030
2020-02-25,7793,7966,7793,7966,5303830
2020-02-26,7845,7931,7828,7845,4502880
2020-02-27,7828,7948,7828,7914,3318240
2020-02-28,7776,7862,7672,7707,6583970
2020-03-02,7655,7759,7655,7690,3957540
2020-03-03,7862,7862,7690,7690,4411940
2020-03-04,7724,7793,7707,7707,2946050
2020-03-05,7793,7810,7707,7707,2594810
2020-03-06,7707,7741,7672,7724,3035470
2020-03-09,7190,7431,7190,7190,16567350
2020-03-10,7069,7500,7069,7466,8137980
2020-03-11,7483,7517,6948,7086,8527920
2020-03-12,6741,6828,6604,6638,13041040
2020-03-13,6224,6793,6190,6569,12836580
2020-03-16,6621,6845,6535,6586,9283920
2020-03-17,6414,6655,6414,6621,6053400
2020-03-18,6690,6931,6672,6793,10396530
2020-03-19,6690,6724,6517,6604,7773200
2020-03-20,6638,6655,6414,6414,13401260
2020-03-23,6000,6207,5966,5966,12947170
2020-03-24,5862,5983,5741,5897,13831390
2020-03-25,6155,6155,6000,6138,7758210
2020-03-26,6052,6069,5828,5845,8514960
2020-03-27,5828,5862,5448,5586,13442640
2020-03-30,5276,5759,5259,5638,10870540
2020-03-31,5638,5983,5259,5810,11163440
2020-04-01,5759,6035,5741,5948,4859650
2020-04-03,5948,6104,5931,6086,6503290
2020-04-06,6259,6500,6172,6500,10207240
2020-04-07,6569,6586,6293,6552,7655220
2020-04-08,6345,6483,6310,6448,5106690
2020-04-09,6483,6552,6397,6397,7134720
2020-04-10,6379,6552,6310,6483,5558450
2020-04-13,6483,6724,6448,6672,9039420
2020-04-14,6655,6879,6621,6879,8744760
2020-04-15,6897,7000,6879,6931,5960450
2020-04-16,6879,7035,6810,6983,6665670
2020-04-17,6983,7172,6966,7138,8818780
2020-04-20,7241,7414,7086,7310,9422860
2020-04-21,7155,7328,6948,6966,11934810
2020-04-22,7069,7345,7000,7172,11038450
2020-04-23,7345,7569,7345,7448,8345940
2020-04-24,7483,7655,7345,7621,8301090
2020-04-27,7672,7793,7535,7569,6636160
2020-04-28,7586,7621,7328,7379,7687010
2020-04-29,7379,7483,7241,7414,7447050
2020-05-04,7414,7431,7241,7241,4834580
2020-05-05,7379,7466,7345,7379,5894530
2020-05-06,7431,7655,7414,7655,7620940
2020-05-07,7690,8138,7690,8138,14733250
2020-05-08,8207,8328,8069,8069,12484610
2020-05-11,8172,8310,8035,8259,7220240
2020-05-12,8155,8241,8069,8155,10527620
2020-05-13,8086,8345,8035,8310,9608210
2020-05-14,8207,8310,8172,8259,6517150
2020-05-15,8259,8293,8069,8104,7931980
2020-05-18,8431,8655,8276,8655,13491620
2020-05-19,9104,9259,8983,9017,18842950
2020-05-20,8966,9172,8845,9121,11584470
2020-05-21,9086,9155,9000,9138,11213810
2020-05-22,9086,9466,9052,9397,16252810
2020-05-25,9483,9586,9362,9414,11168880
2020-05-26,9431,9793,9414,9793,11503490
2020-05-27,9862,9862,9379,9379,19779140
2020-05-28,9483,9517,9276,9379,14486370
2020-05-29,9414,9552,9310,9448,12580390
2020-06-01,9586,9586,9466,9535,8022890
2020-06-02,9586,9586,9293,9328,11489000
2020-06-03,9328,9379,9172,9293,12018120
2020-06-04,9310,9448,9172,9172,13488200
2020-06-05,9138,9414,9035,9328,13532060
2020-06-08,9483,9690,9414,9552,17144920
2020-06-09,9638,9655,9293,9345,18693450
2020-06-10,9310,9448,9190,9310,9871400
2020-06-11,9259,9362,8793,8793,22873160
2020-06-12,8448,9138,8448,9138,18881260
2020-06-15,9069,9138,8741,8759,11332840
2020-06-16,8966,9104,8845,9035,9024610
2020-06-17,9035,9121,8931,9052,7066110
2020-06-18,8948,9259,8914,9241,9055090
2020-06-19,9310,9431,9310,9431,10532760
2020-06-22,9414,9586,9293,9414,9729970
2020-06-23,9414,9552,9224,9310,11382760
2020-06-24,9310,9431,9241,9310,6516760
2020-06-25,9207,9586,9155,9414,24410040
2020-06-26,9448,9517,9310,9379,9363870
2020-06-29,9310,9310,9052,9190,12378070
2020-06-30,9241,9448,9155,9241,14826230
2020-07-01,9310,9483,9276,9448,10843030
2020-07-02,9466,9569,9448,9517,13000820
2020-07-03,9552,9569,9448,9483,8111500
2020-07-06,9552,9569,9466,9517,9764620
2020-07-07,9569,9966,9552,9776,28048770
2020-07-08,9707,9810,9621,9673,9155900
2020-07-09,9690,9759,9638,9707,7588480
2020-07-10,9655,9741,9517,9569,14457460
2020-07-13,9500,9604,9397,9535,14702360
2020-07-14,9466,9638,9448,9621,5757320
2020-07-15,9724,9793,9673,9673,6561150
2020-07-16,9724,9966,9638,9862,17916710
2020-07-17,9897,9914,9845,9845,6759400
2020-07-20,9845,9897,9655,9655,11602590
2020-07-21,9690,9741,9586,9690,11724470
2020-07-22,9759,9793,9638,9690,7461530
2020-07-23,9690,9724,9552,9724,10177170
2020-07-24,9655,9673,9069,9259,21288480
2020-07-27,8983,9362,8897,8948,18389440
2020-07-28,9138,9483,9035,9431,14119250
2020-07-29,9399,9610,8915,9168,18544880
2020-07-30,9231,9399,9210,9315,11357060
2020-07-31,9041,9294,9041,9147,7656240
2020-08-03,9168,9695,9147,9652,16896050
2020-08-04,9779,9821,9610,9695,11086090
2020-08-05,9695,10264,9652,10158,25912970
2020-08-06,10158,10285,10032,10137,13744810
2020-08-07,10116,10242,10095,10200,12162410
2020-08-10,10306,10432,10242,10242,14144220
2020-08-11,10306,10348,10158,10221,9675910
2020-08-12,10242,10327,10158,10242,8827420
2020-08-13,10327,10369,10242,10327,7562850
2020-08-14,10327,10369,10074,10158,15356070
2020-08-17,10137,10242,10095,10242,8428450
2020-08-18,10285,10285,10158,10179,5130610
2020-08-19,10200,10285,10158,10221,9266940
2020-08-20,10221,10264,10116,10158,9685120
2020-08-21,10158,10285,10137,10264,8930990
2020-08-24,10348,10516,10285,10453,13933710
2020-08-25,10495,10559,10348,10348,10722520
2020-08-26,10327,10348,10200,10200,16327190
2020-08-27,10200,10264,10158,10242,8801320
2020-08-28,10327,10327,10221,10242,11603550
2020-08-31,10200,10453,10200,10348,13334160
2020-09-01,10348,10516,10306,10453,16754410
2020-09-03,10538,10622,10495,10538,14553930
2020-09-04,10390,10580,10390,10516,18820560
2020-09-07,10538,10580,10327,10327,14336100
2020-09-08,10369,10411,10306,10390,12260110
2020-09-09,10285,10516,10264,10327,19632380
2020-09-10,10411,10474,10327,10348,12106250
2020-09-11,10348,10390,10306,10306,11672440
2020-09-14,10327,10432,10327,10369,12723310
2020-09-15,10432,10516,10390,10411,8859250
2020-09-16,10432,10453,10369,10411,6887240
2020-09-17,10432,10748,10411,10706,26759480
2020-09-18,10769,10833,10748,10833,12475700
2020-09-21,10917,10938,10790,10833,11631470
2020-09-22,10748,10833,10706,10769,15285880
2020-09-23,10812,10917,10769,10875,12589480
2020-09-24,10833,10917,10748,10812,12435190
2020-09-25,10875,10875,10748,10854,10094210
2020-09-28,10875,11128,10833,11128,17573130
2020-09-29,11149,11296,11107,11107,18456820
2020-09-30,11107,11191,11001,11128,12985480
2020-10-01,11191,11465,11170,11381,17161730
2020-10-02,11402,11486,10959,11254,20213120
2020-10-05,11317,11549,11317,11528,12791350
2020-10-06,11591,11907,11465,11907,23609700
2020-10-07,11844,11929,11718,11718,14752610
2020-10-08,11781,11844,11676,11844,18239670
2020-10-09,11886,12097,11802,12013,9464850
2020-10-12,12076,12118,11823,11907,12258740
2020-10-13,11886,11907,11760,11802,10665790
2020-10-14,11781,11950,11718,11950,14240330
2020-10-15,12645,12645,12245,12245,30525160
2020-10-16,12308,12434,12202,12266,17319070
2020-10-19,12287,12329,12160,12181,10939140
2020-10-20,12097,12371,12097,12371,13319200
2020-10-21,12413,12476,12224,12266,10669590
2020-10-22,12224,12476,12181,12476,13072020
2020-10-23,12561,13024,12498,13024,29534980
2020-10-26,13067,13488,12940,12982,20357350
2020-10-27,12919,13362,12877,13235,25281540
2020-10-28,13151,13341,12729,12814,25663180
2020-10-29,12624,12961,12624,12898,20778840
2020-10-30,12982,13024,12603,12877,19039190
2020-11-02,12877,12940,12793,12898,10385290
2020-11-03,13067,13193,12877,12940,17521020
2020-11-04,12940,13067,12793,12919,18293400
2020-11-05,12919,12961,12750,12750,11598310
2020-11-06,12772,12940,12729,12814,13410500
2020-11-09,12982,13277,12940,13277,18314360
2020-11-10,13509,13572,13193,13193,20645160
2020-11-11,13214,13319,13130,13193,14564290
2020-11-12,13214,13277,13172,13256,9803730
2020-11-13,13277,13467,13256,13467,12161630
2020-11-16,13615,13804,13446,13593,25538500
2020-11-17,13699,14057,13657,14057,16228900
2020-11-18,14162,14584,14057,14584,22115200
2020-11-19,14584,14963,14521,14837,26533130
2020-11-20,14858,15048,14731,15048,18141040
2020-11-23,15048,15954,14963,15806,23681540
2020-11-24,15891,16228,15301,15806,48936510
2020-11-25,15511,15553,14837,15005,55697460
2020-11-26,14795,14921,14458,14795,33163400
2020-11-27,14753,15343,14753,15279,16027210
2020-11-30,15301,15343,14963,14963,17459270
2020-12-01,14710,15005,14563,15005,21802760
2020-12-02,15005,15027,14795,14879,14643640
2020-12-03,14963,15532,14879,15532,22511210
2020-12-04,15617,15701,15469,15574,17767110
2020-12-07,15617,16186,15532,16101,24400300
2020-12-08,16101,16354,16017,16186,20333880
2020-12-09,16228,16270,16059,16228,15264400
2020-12-10,16228,16270,15680,15848,30402770
2020-12-11,16017,16354,15891,16354,16641080
2020-12-14,16586,16649,16418,16544,14483540
2020-12-15,16481,16502,16228,16270,19581910
2020-12-16,16354,16586,16228,16354,17322370
2020-12-17,16186,16291,15870,15870,30645570
2020-12-18,16059,16333,15975,16270,19956910
2020-12-21,16439,16460,16165,16249,15789770
2020-12-22,16249,16628,16144,16586,26050910
2020-12-23,16628,17366,16607,16860,28097610
2020-12-24,17113,17197,16270,16839,18507480
2020-12-25,16860,17218,16649,17176,22667520
2020-12-28,17619,17682,17282,17513,21024800
2020-12-29,17387,17640,17303,17534,13443950
2020-12-30,17534,17534,17176,17239,21907500
2020-12-31,17239,17598,17155,17471,11867640
2021-01-04,17682,18125,17556,17830,15832600
2021-01-05,17619,18040,17577,17851,18634100
2021-01-06,17914,18251,17830,18040,17948600
2021-01-07,18188,18209,17808,18040,21780700
2021-01-08,18082,18251,17956,18019,19978500
2021-01-11,18167,18251,17956,18146,16645100
2021-01-12,18209,18925,18082,18925,22738800
2021-01-13,19094,19157,18715,18841,16131800
2021-01-14,18841,18841,18483,18736,17527000
2021-01-15,18736,18989,18673,18757,14788300
2021-01-18,18757,18904,18651,18799,18112900
2021-01-19,18757,18799,17492,17534,25778200
2021-01-20,17703,18104,16860,17577,37915600
2021-01-21,18061,18630,17619,18630,20829700
2021-01-22,18673,18841,18356,18399,14798600
2021-01-25,18230,19157,18167,18420,33091200
2021-01-26,18377,18377,17534,17830,24099500
2021-01-27,17450,17872,16649,16987,28056100
2021-01-28,15848,16460,15806,15806,49934800
2021-01-29,15596,16839,15596,16502,40248000
2021-02-01,16439,16797,16101,16165,21323900
2021-02-02,16228,17071,16122,17071,28541100
2021-02-03,17366,17851,17282,17703,34839600
2021-02-04,17703,17787,17513,17619,22252900
2021-02-05,17682,17998,17577,17914,23371200
2021-02-08,17872,17956,16860,17239,32918400
2021-02-09,17239,17661,17050,17619,26164800
2021-02-17,17893,18314,17830,18314,24253200
2021-02-18,18293,18546,18104,18483,21343800
2021-02-19,18251,18504,18167,18314,17007500
2021-02-22,18335,18715,18125,18293,21362500
2021-02-23,18209,18441,18104,18251,17921700
2021-02-24,18399,18715,18251,18377,27282600
2021-02-25,18504,18715,18399,18609,21931700
2021-02-26,18420,19263,18377,19220,40928500
2021-03-01,19516,19516,19305,19473,21998200
2021-03-02,19726,19853,19473,19684,23670800
2021-03-03,19621,19832,19600,19726,22262900
2021-03-04,19768,19768,18968,19347,27962100
2021-03-05,19242,19431,19010,19389,21396800
2021-03-08,19642,19768,19389,19516,17777700
2021-03-09,19389,19473,18989,19326,16289800
2021-03-10,19305,19326,19031,19220,15772500
2021-03-11,19347,19663,19305,19558,15569400
2021-03-12,19642,19642,19473,19579,12153700
2021-03-15,19642,19768,19558,19600,11905100
2021-03-16,19642,19642,19305,19431,14097300
2021-03-17,19452,19579,19410,19516,12191800
2021-03-18,19684,19705,19537,19642,11166600
2021-03-19,19642,20000,19642,19874,18392100
2021-03-22,19937,20000,19684,19705,11047900
2021-03-23,19663,19853,19558,19642,12487200
2021-03-24,19410,19537,19010,19157,23653500
2021-03-25,19263,19284,18883,18968,19929000
2021-03-26,19178,19473,18989,19473,28109800
2021-03-29,19600,19642,19452,19516,13251900
2021-03-30,19600,19705,19431,19579,13333800
2021-03-31,19579,19958,19537,19726,16323700
2021-04-01,19832,20443,19790,20443,27681900
2021-04-02,20548,20780,20485,20675,16678500
2021-04-05,20864,20907,20633,20780,15377800
2021-04-06,20780,20885,20696,20822,14033300
2021-04-07,20822,20907,20611,20843,14407800
2021-04-08,20864,20907,20654,20801,11970000
2021-04-09,20780,21033,20675,20885,15623400
2021-04-12,21033,21707,20970,21581,27010400
2021-04-13,21707,21707,21117,21117,26956900
2021-04-14,21117,22466,21033,22340,28753300
2021-04-15,22550,23056,22129,22972,32078100
2021-04-16,22803,23478,22550,23014,28433700
2021-04-19,23267,24363,23056,24363,34808100
2021-04-20,24447,24700,23604,24110,37829300
2021-04-22,23857,24405,23183,23183,33049800
2021-04-23,23393,23773,23098,23773,28493500
2021-04-26,23815,23857,23183,23225,25156400
2021-04-27,23225,23773,22930,23731,21294400
2021-04-28,23731,23815,23393,23604,15619100
2021-04-29,23815,24742,23773,24489,27877700
2021-05-04,24152,25459,24026,25206,32996000
2021-05-05,25290,25417,24995,24995,24468200
2021-05-06,24995,25417,24784,25037,21609700
2021-05-07,24995,25922,24911,25627,29552700
2021-05-10,25669,26681,25627,26555,28160100
2021-05-11,26681,26681,26133,26133,29565200
2021-05-12,25965,26428,25838,26428,29316300
2021-05-13,26302,26555,25922,25922,24654400
2021-05-14,26133,26344,25712,25880,31815400
2021-05-17,25880,26302,25543,26091,34004200
2021-05-18,26344,26850,26344,26723,39146300
2021-05-19,26976,28114,26765,27861,28407500
2021-05-20,27903,28114,27608,28072,21552100
2021-05-21,27861,27988,27566,27651,22951900
2021-05-24,27651,27861,27398,27566,23592200
2021-05-25,27566,28578,27482,28409,22689000
2021-05-26,28409,28578,28325,28578,15485000
2021-05-27,28536,28578,27903,28156,19165200
2021-05-28,28283,28367,27903,28283,30138100
2021-05-31,30214,30214,29698,30214,60309100
2021-06-01,31303,32278,30959,31819,33413400
2021-06-02,31532,31819,30386,30959,40000100
2021-06-03,30959,31303,30386,31131,36969900
2021-06-04,31246,31704,31131,31246,31679400
2021-06-07,31303,31532,29812,30214,34653300
2021-06-08,29984,30328,28666,28666,38486300
2021-06-09,28608,29468,28092,28838,40956800
2021-06-10,29239,30156,28666,29583,29312900
2021-06-11,29870,30500,29583,30443,29030300
2021-06-14,30672,31131,30271,30730,28587500
2021-06-15,30386,30730,30214,30500,21707700
2021-06-16,30328,30386,29526,29698,28929200
2021-06-17,29182,29755,29182,29468,20215900
2021-06-18,29755,30558,29468,29870,28992700
2021-06-21,29870,30099,29354,29354,22610800
2021-06-22,29411,30042,29354,29640,18459100
2021-06-23,29583,29755,29296,29468,18559200
2021-06-24,29468,29640,28952,29010,19985600
2021-06-25,29067,29354,28551,29067,26191200
2021-06-28,29411,30099,29124,30042,39158500
2021-06-29,30099,30156,29640,29698,19830300
2021-06-30,29698,29927,29468,29526,18899100
2021-07-01,29640,30328,29583,30271,39670000
2021-07-02,30386,30615,29927,29984,30058700
2021-07-05,29984,29984,29124,29354,37065500
2021-07-06,29296,29927,27519,27519,48216300
2021-07-07,28092,28608,27433,28608,40552700
2021-07-08,28608,28723,27863,28092,30632700
2021-07-09,27806,28150,26373,27118,46892600
2021-07-12,26774,26889,25226,25771,75500300
2021-07-13,26086,26373,25541,26086,25498600
2021-07-14,26315,26373,25427,25799,27431000
2021-07-15,25570,26860,25570,26659,28546500
2021-07-16,26774,27204,26659,26803,22253900
2021-07-19,26172,26315,25226,25398,39426100
2021-07-20,25799,27118,25484,27118,40965600
2021-07-21,27233,27405,26717,26803,21335700
2021-07-22,26774,27347,26545,27061,21494600
2021-07-23,26831,26946,26258,26258,28904400
2021-07-26,26086,26430,25599,26143,23485200
2021-07-27,26373,26831,26201,26487,18206300
2021-07-28,26545,27003,26487,26774,21215200
2021-07-29,26917,27347,26831,27003,32783300
2021-07-30,27003,27290,27003,27118,23016300
2021-08-02,27003,27462,26889,27089,24207000
2021-08-03,27118,27319,26803,27089,28297300
2021-08-04,27261,27519,27089,27233,24329100
2021-08-05,27204,28092,27147,27978,29704100
2021-08-06,27863,28150,27691,27749,20101800
2021-08-09,27577,28494,27491,28494,30419600
2021-08-10,28723,28952,28150,28322,23318400
2021-08-11,28551,28551,28064,28064,21895900
2021-08-12,28035,28092,27749,27749,21547600
2021-08-13,27749,27920,27347,27892,25809500
2021-08-16,28092,28379,28064,28350,22222700
2021-08-17,28465,29182,28436,28895,45483400
2021-08-18,28952,29182,28608,28895,20163600
2021-08-19,29010,29411,28895,29182,27506300
2021-08-20,29124,29239,27634,28092,49333500
2021-08-23,28092,28092,27233,27233,32825800
2021-08-24,27290,27663,27233,27376,21929400
2021-08-25,27491,27806,27175,27749,16402800
2021-08-26,27863,27863,27261,27347,13857800
2021-08-27,27233,27433,26803,27290,24491000
2021-08-30,27519,27949,27319,27920,17004600
2021-08-31,28092,28494,27978,28264,25872600
2021-09-01,28092,28408,28035,28207,15066500
2021-09-06,28379,29468,28322,29354,48098900
2021-09-07,29583,29812,29010,29067,31246800
2021-09-08,29067,29755,28895,29411,33040000
2021-09-09,29583,30042,29526,29755,36718200
2021-09-10,29812,29927,29468,29526,17217900
2021-09-13,29526,29526,29067,29124,27227400
2021-09-14,29124,29239,28780,28838,22432900
2021-09-15,28723,29812,28608,29583,25908900
2021-09-16,29812,29984,29411,29411,17982000
2021-09-17,29468,29812,29411,29698,24548600
2021-09-20,30042,30042,29182,29411,32328300
2021-09-21,29010,29354,28780,29124,28847000
2021-09-22,29124,29296,29010,29182,13143800
2021-09-23,29411,29755,29182,29239,17773400
2021-09-24,29239,29640,29067,29124,15884400
2021-09-27,29468,29812,29124,29124,28469400
2021-09-28,29010,30214,29010,30156,35611100
2021-09-29,30214,30730,30156,30558,34898800
2021-09-30,30787,30787,30271,30328,23148500
2021-10-01,30328,30787,30214,30615,30478300
2021-10-04,30902,32048,30902,31819,45357500
2021-10-05,31819,32048,31590,31704,26571500
2021-10-06,31991,32278,31762,32163,26766100
2021-10-07,32335,32507,31819,31876,26772300
2021-10-08,31991,32220,31647,31934,21693600
2021-10-11,32163,32851,31934,32794,25548600
2021-10-12,32851,33023,32564,32679,18107600
2021-10-13,32679,32908,32392,32564,15582700
2021-10-14,32564,32908,32507,32564,19279700
2021-10-15,32851,33080,32679,32851,18520000
2021-10-18,33023,33482,32966,33195,20737100
2021-10-19,33023,33252,32736,32794,23720900
2021-10-20,32908,32966,31991,32622,34660900
2021-10-21,32794,33367,32450,32794,39192300
2021-10-22,32908,33138,32507,32507,19849100
2021-10-25,32392,32507,31590,31590,41605900
2021-10-26,31418,32278,31074,32278,27910500
2021-10-27,32278,33195,32278,33195,28938100
2021-10-28,33195,33367,32851,33252,21923800
2021-10-29,33252,33310,32736,32736,23878000
2021-11-01,32736,32736,31934,31934,45218500
2021-11-02,31819,32335,31647,31819,25669500
2021-11-03,32220,32278,31704,31876,29867100
2021-11-04,31876,32622,31876,32278,14849100
2021-11-05,32278,32679,31934,32450,19377600
2021-11-08,32622,32679,32220,32564,21255400
2021-11-09,32564,33023,32335,32392,24717300
2021-11-10,32392,32450,31647,31704,43376600
2021-11-11,31532,31704,30730,30959,54292800
2021-11-12,30902,31418,30844,31303,20846900
2021-11-15,31246,31303,30558,30730,30647000
2021-11-16,30558,30730,29812,29812,39777000
2021-11-17,29812,30156,29468,29468,30002700
2021-11-18,29468,29468,28436,28637,58606300
2021-11-19,28436,28494,27462,27519,48471400
2021-11-22,27634,28207,27519,27892,22630400
2021-11-23,28035,28551,27863,28408,15649600
2021-11-24,28379,28494,27806,27892,27126800
2021-11-25,27920,28293,27920,28236,21763400
2021-11-26,28264,28637,28092,28121,26729700
2021-11-29,27634,28035,27634,27749,21801500
2021-11-30,28064,28637,27806,28064,22176200
2021-12-01,28379,28379,28035,28092,13823900
2021-12-02,28207,28236,27863,27863,12832300
2021-12-03,27978,28178,27347,27347,21682500
2021-12-06,27233,27491,26086,26229,34633900
2021-12-07,26631,27290,26373,27290,21935200
2021-12-08,27462,27462,26975,27061,11108800
2021-12-09,26889,27118,26831,27003,10320400
2021-12-10,26975,27061,26602,26659,19427400
2021-12-13,26688,27032,26545,26688,14309600
2021-12-14,26688,28150,26487,27347,35676800
2021-12-15,27519,27863,27347,27405,9045500
2021-12-16,27577,27577,27118,27233,11030000
2021-12-17,27147,27261,26717,26774,22015600
2021-12-20,26774,27147,26659,26889,9986400
2021-12-21,26889,26917,26430,26430,17094400
2021-12-22,26545,26659,25857,25857,24665900
2021-12-23,25857,25857,25283,25771,26674000
2021-12-24,25971,26745,25943,26401,19168600
2021-12-27,26688,26717,26115,26315,10675000
2021-12-28,26315,26774,26143,26258,12356700
2021-12-29,26258,26545,26086,26258,15118200
2021-12-30,26545,26545,26201,26201,10285000
2021-12-31,26373,26745,26287,26602,13781200
2022-01-04,26831,27061,26717,26803,20100700
2022-01-05,26889,27147,26831,26831,18760700
2022-01-06,26659,26774,26430,26430,17172700
2022-01-07,26430,26487,26172,26258,16335300
2022-01-10,26287,26745,26086,26172,17477500
2022-01-11,26401,26401,25857,25857,12758500
2022-01-12,25914,26516,25885,26487,14686700
2022-01-13,26545,27118,26487,26774,24990100
2022-01-14,26659,26860,26487,26516,7902000
2022-01-17,26516,26659,25627,25627,21661200
2022-01-18,25513,25943,24653,25226,21441900
2022-01-19,25455,25541,24911,24939,17705400
2022-01-20,25111,25341,24825,25226,14665400
2022-01-21,25226,25484,24710,24825,16277300
2022-01-24,24710,24767,23334,23334,29425200
2022-01-25,23219,24825,23047,24796,17887600
2022-01-26,24939,25484,24911,24911,15205400
2022-01-27,24767,24939,24079,24165,14700800
2022-01-28,24223,24538,23907,24194,14941600
2022-02-07,24538,25054,23965,24681,16609600
2022-02-08,24653,26115,24653,26115,26528800
2022-02-09,26258,27691,26201,27118,40297200
2022-02-10,27175,27462,26774,26946,23598200
2022-02-11,26717,27233,26545,27032,17343300
2022-02-14,26659,27233,26459,26487,18246700
2022-02-15,26487,26688,26029,26373,15564400
2022-02-16,26430,26659,26143,26373,9350300
2022-02-17,26373,26803,26373,26659,11353300
2022-02-18,26487,27319,26401,26975,21375700
2022-02-21,27003,27233,26688,26745,12177300
2022-02-22,26545,26717,26201,26602,17669600
2022-02-23,26745,27061,26516,26774,12981100
2022-02-24,26803,26860,25857,26373,22445800
2022-02-25,26430,26573,26315,26315,12775700
2022-02-28,26401,27405,26401,27061,35200100
2022-03-01,27347,27577,26860,26889,23374000
2022-03-02,26946,27147,26717,26889,19896100
2022-03-03,27290,28723,27118,28723,76236800
2022-03-04,29239,29411,28551,28551,33378900
2022-03-07,28780,30099,28666,29296,38456100
2022-03-08,29010,29354,28350,28350,40509400
2022-03-09,28666,28838,28006,28580,34775200
2022-03-10,28666,28723,28150,28178,26828300
2022-03-11,28207,28264,26860,27290,44340200
2022-03-14,27118,27634,26258,26258,33845300
2022-03-15,26344,26774,26057,26459,20864200
2022-03-16,26889,27032,26487,26487,11418800
2022-03-17,26717,26774,26315,26344,14957700
2022-03-18,26487,26860,26401,26659,17727600
2022-03-21,26774,27061,26602,26860,19313200
2022-03-22,26889,26917,26545,26889,22965400
2022-03-23,27061,27204,26831,26831,17291200
2022-03-24,26946,26946,26573,26602,14927500
2022-03-25,26688,26917,26487,26602,13444600
2022-03-28,26430,26860,26258,26315,19505200
2022-03-29,26487,26516,26258,26287,12986000
2022-03-30,26258,26602,26029,26086,15726700
2022-03-31,26172,26344,25685,25857,18892300
2022-04-01,25799,26373,25513,26201,19701900
2022-04-04,26373,26545,26229,26287,12156300
2022-04-05,26373,26602,26344,26430,12124200
2022-04-06,26373,27491,26373,27089,29707400
2022-04-07,27233,27290,26688,26688,14512900
2022-04-08,26803,26975,26573,26602,13738800
2022-04-12,26659,26659,25828,25857,18233500
2022-04-13,25971,26057,25627,25914,12712600
2022-04-14,25971,26115,25742,25742,12038800
2022-04-15,25742,25799,25312,25341,18378500
2022-04-18,25255,25541,24452,24452,23186000
2022-04-19,24653,25169,24595,24825,19054800
2022-04-20,24939,25226,24710,24767,13236800
2022-04-21,24653,25283,24137,24853,17812100
2022-04-22,25226,25255,24280,25111,12698000
2022-04-25,25111,25111,23363,23363,29055100
2022-04-26,23019,23735,22703,23621,23280100
2022-04-27,23621,24595,23563,24366,18780400
2022-04-28,24366,24911,24366,24710,13611800
2022-04-29,24595,24882,24567,24825,12347800
2022-05-04,24825,24825,24079,24079,14901300
2022-05-05,24423,24423,23793,24108,13817300
2022-05-06,23735,24653,23735,23965,15010600
2022-05-09,23793,24022,22904,22904,26283600
2022-05-10,22646,23563,22187,23563,19440000
2022-05-11,23506,23678,23248,23305,9559800
2022-05-12,23277,23305,21929,21929,25252600
2022-05-13,21872,22101,20496,20582,42997700
2022-05-16,21241,21499,20811,20811,29389700
2022-05-17,20754,21901,20639,21901,23415100
2022-05-18,22015,22187,21700,21901,16073200
2022-05-19,21385,21843,21127,21729,16040000
2022-05-20,21614,21671,21356,21585,13929400
2022-05-23,21757,21901,20811,21069,10178900
2022-05-24,21069,21213,19607,20009,42201300
2022-05-25,19779,20037,18948,19751,39418000
2022-05-26,20066,20410,19808,20066,16225800
2022-05-27,20066,20582,19951,20324,17591900
2022-05-30,20353,20553,20238,20324,15054500
2022-05-31,20267,20267,19779,19894,18840200
2022-06-01,19779,19951,19378,19693,21644600
2022-06-02,19493,19665,18948,19005,25380600
2022-06-03,19091,19493,19063,19149,14709900
2022-06-06,19579,19636,18977,19091,17769400
2022-06-07,19091,19235,18719,19034,19376400
2022-06-08,19091,19177,18776,18862,24841800
2022-06-09,18862,19808,18776,19378,26979900
2022-06-10,19378,19636,19263,19263,15182300
2022-06-13,18919,19206,18174,18231,21236000
2022-06-14,18059,18088,17314,17371,28438400
2022-06-15,17257,17715,16540,16855,28702400
2022-06-16,17285,17973,17142,17773,33385900
2022-06-17,17765,17802,16628,17575,30237200
2022-06-20,17234,17424,16363,16363,37272900
2022-06-21,16174,16287,15530,15757,39935100
2022-06-22,15795,16666,15795,16287,21442500
2022-06-23,16287,16553,16287,16515,6926200
2022-06-24,16553,17045,16439,16515,12828800
2022-06-27,16666,17348,16174,17348,20739600
2022-06-28,17310,17310,16856,17045,17838300
2022-06-29,16893,17537,16742,17234,20190300
2022-06-30,17348,17727,16893,16893,19950600
2022-07-01,16893,17121,16325,16969,15200000
2022-07-04,17159,17159,16666,16666,12443200
2022-07-05,16742,16931,16477,16590,15093400
2022-07-06,16439,16856,16136,16250,18233600
2022-07-07,16250,16477,16212,16477,10828000
2022-07-08,16666,17083,16666,17007,19504900
2022-07-11,16969,17159,16628,16704,12476400
2022-07-12,16704,17045,16628,16893,12146500
2022-07-13,16818,17272,16780,16893,17855700
2022-07-14,16818,16969,16742,16818,12520300
2022-07-15,16931,17802,16931,17575,47697200
2022-07-18,17575,17651,17045,17121,19929000
2022-07-19,17045,17121,16742,16780,16276900
2022-07-20,16931,17234,16893,16931,16893100
2022-07-21,16931,17424,16893,17196,23043400
2022-07-22,17196,17272,16818,16818,16642200
2022-07-25,16818,16893,16515,16590,20722100
2022-07-26,16515,16666,16363,16401,26378200
2022-07-27,16250,16287,15946,16098,28601000
2022-07-28,16287,16439,16098,16212,23510500
2022-07-29,16363,16628,16287,16287,20587600
2022-08-01,16439,17310,16363,17272,38143900
2022-08-02,17348,17537,17196,17348,27729900
2022-08-03,17196,18068,17121,17992,58846000
2022-08-04,18106,18143,17802,17916,30031900
2022-08-05,17727,17916,17537,17651,42516600
2022-08-08,17727,18106,17651,17878,30365700
2022-08-09,18106,18409,17916,18257,48222600
2022-08-10,18181,18484,18030,18030,30124400
2022-08-11,18219,18295,17651,17727,34352700
2022-08-12,17651,18219,17613,18143,33797300
2022-08-15,18257,18333,18030,18181,31513400
2022-08-16,18181,18712,18181,18598,65490300
2022-08-17,18636,18674,18295,18409,27443900
2022-08-18,18257,18446,18219,18295,23215100
2022-08-19,18257,18371,17916,17992,31457200
2022-08-22,17916,17992,17537,17689,23798700
2022-08-23,17499,17916,17499,17916,16687400
2022-08-24,17916,17992,17802,17802,12125400
2022-08-25,17992,18219,17878,18068,18259100
2022-08-26,18181,18181,17802,17802,16469800
2022-08-29,17462,17613,17159,17424,32468000
2022-08-30,17499,17651,17386,17462,15309700
2022-08-31,17424,17537,17234,17424,14977400
2022-09-05,17462,18257,17462,18106,26282100
2022-09-06,18181,18333,17840,17840,15332900
2022-09-07,17840,18030,17424,17424,25025500
2022-09-08,17575,17765,17348,17499,20365500
2022-09-09,17689,18030,17499,18030,26048100
2022-09-12,18106,18409,18030,18030,26248107
2022-09-13,17992,18181,17802,17954,14724638
2022-09-14,17613,18030,17613,17954,27075092
2022-09-15,18106,18106,17765,17878,13756661
2022-09-16,17727,17878,17424,17424,27529890
2022-09-19,17499,17613,17007,17159,27500020
2022-09-20,17272,17424,17121,17424,11527796
2022-09-21,17348,17386,17196,17348,9926454
2022-09-22,17196,17499,17159,17424,11608395
2022-09-23,17462,17575,17196,17196,14606561
2022-09-26,17007,17121,16553,16969,25891001
2022-09-27,17007,17045,16742,16969,9019898
2022-09-28,16818,17007,16363,16515,14080348
2022-09-29,16780,16893,16401,16401,10339728
2022-09-30,16287,16401,15681,16060,23383484
2022-10-03,16060,16060,14962,14962,33589693
2022-10-04,15227,15340,14128,14280,30526975
2022-10-05,14545,14659,14280,14545,25327759
2022-10-06,14621,14621,13636,13636,37483856
2022-10-07,13371,13484,12916,13333,36491332
2022-10-10,13106,14090,13030,13901,25072982
2022-10-11,13939,13939,13144,13257,26460836
2022-10-12,13484,14166,13257,14166,29014564
2022-10-13,14242,14848,14053,14772,24208372
2022-10-14,14962,15075,14621,14734,22599552
2022-10-17,14583,14659,14318,14583,17068516
2022-10-18,14772,14924,14166,14280,24397390
2022-10-19,14280,14280,13901,13939,20245221
2022-10-20,13901,14090,13674,13712,26040071
2022-10-21,13863,13863,12803,12803,45174370
2022-10-24,12878,12916,12272,12424,27988297
2022-10-25,12424,13257,12159,12954,31124038
2022-10-26,12878,13181,12765,12803,11251019
2022-10-27,12841,13333,12803,13181,21375048
2022-10-28,13181,13371,12727,12727,31215964
2022-10-31,11856,12121,11856,11856,66338365
2022-11-01,11931,12121,11212,11363,81584646
2022-11-02,11363,11894,11363,11628,40136638
2022-11-03,11553,11704,11439,11515,20641482
2022-11-04,11363,11477,10985,11098,43904752
2022-11-07,11022,11212,10378,10378,38281291
2022-11-08,9924,10378,9848,9962,46290133
2022-11-09,10000,10303,9810,9848,32797759
2022-11-10,9621,9697,9166,9166,79765322
2022-11-11,9318,9583,9091,9318,60729517
2022-11-14,9204,9432,8977,9242,60282566
2022-11-15,9091,9507,9091,9469,40430769
2022-11-16,9318,10113,8939,10113,34920301
2022-11-17,10530,10795,10454,10795,21525349
2022-11-18,11060,11515,10795,11439,99679984
2022-11-21,11515,11553,11174,11325,31615926
2022-11-22,11098,11704,10947,11212,43262031
2022-11-23,11136,11250,10454,10454,30314308
2022-11-24,10378,10909,10303,10871,31123292
2022-11-25,11060,11591,10871,11591,26543478
2022-11-28,11818,12386,11818,12386,58865341
2022-11-29,12575,13219,12386,13181,64328337
2022-11-30,13295,13939,13030,13939,57742021
2022-12-01,14204,14886,13636,13787,66616642
2022-12-02,13636,14734,13484,14734,45705713
2022-12-05,15000,15454,14772,15151,46538699
2022-12-06,15075,15113,14090,14090,62798971
2022-12-07,13636,14507,13409,13825,34635127
2022-12-08,14318,14659,14015,14318,29957563
2022-12-09,14318,14734,14015,14545,34560392
2022-12-12,14545,14810,14090,14090,35845597
2022-12-13,14090,14394,13825,14394,24353126
2022-12-14,14659,14848,14394,14545,34297808
2022-12-15,14469,14886,14469,14659,20990952
2022-12-16,14545,15492,14356,15454,55405137
2022-12-19,15606,16098,15151,15151,48060180
2022-12-20,15000,15227,14204,14394,45566363
2022-12-21,14697,14734,13712,14318,27712966
2022-12-22,14469,14848,14166,14318,18972258
2022-12-23,14280,14318,13712,13901,24819632
2022-12-26,13863,13863,12954,12954,31382368
2022-12-27,12954,13825,12954,13825,23661449
2022-12-28,13939,14015,13598,13787,14317232
2022-12-29,13863,14015,13522,13636,17428880
2022-12-30,13712,13977,13560,13636,14457954
2023-01-03,13863,14583,13787,14583,28002477
2023-01-04,14734,15000,14621,14697,20238379
2023-01-05,14697,15151,14507,15000,21514174
2023-01-06,14924,15227,14545,14697,19639432
2023-01-09,15000,15227,14772,14848,16192400
2023-01-10,14848,15227,14545,15000,26862967
2023-01-11,15151,15568,15075,15303,25723037
2023-01-12,15227,15340,15075,15189,20179348
2023-01-13,15340,15416,15075,15113,19181562
2023-01-16,15151,15643,15113,15340,22332412
2023-01-17,15492,16401,15492,16401,41612075
2023-01-18,16666,16704,16325,16439,25861024
2023-01-19,16363,16553,15795,16022,43951678
2023-01-27,15909,16325,15795,16287,26536613
2023-01-30,16439,16818,16174,16477,42356101
2023-01-31,16590,16742,16439,16742,28117407
2023-02-01,16818,17159,15909,15984,51921554
2023-02-02,16060,16439,15984,16136,25396828
2023-02-03,16250,16325,15909,15984,20963608
2023-02-06,15984,16022,15568,16022,22290665
2023-02-07,16022,16060,14924,14962,43400365
2023-02-08,14962,15984,14962,15795,33822546
2023-02-09,15909,16098,15606,15606,16349782
2023-02-10,15681,15757,15265,15530,15835857
2023-02-13,15454,15454,14962,15303,18750139
2023-02-14,15378,15833,15340,15606,17300348
2023-02-15,15606,15946,15340,15757,20082870
2023-02-16,15871,16212,15606,16136,23923522
2023-02-17,16136,16174,15909,15909,12294342
2023-02-20,15909,16590,15909,16590,24755857
2023-02-21,16704,16893,16363,16363,20653398
2023-02-22,16212,16742,16060,16060,32644751
2023-02-23,16022,16287,15454,16287,33600491
2023-02-24,16287,16287,15643,15757,14604476
2023-02-27,15454,15568,15113,15227,31325056
2023-02-28,15492,15530,15075,15151,15225174
2023-03-01,15151,15833,15000,15833,18627062
2023-03-02,15909,15984,15606,15606,8872489
2023-03-03,15757,15984,15416,15416,13614423
2023-03-06,15643,15795,15454,15454,11372148
2023-03-07,15606,16174,15568,15984,29332840
2023-03-08,15833,16060,15757,16060,16164479
2023-03-09,16060,16325,16060,16060,23283259
2023-03-10,16022,16250,15909,16136,22466284
2023-03-13,15946,16212,15833,15984,20936991
2023-03-14,15946,15984,15303,15378,30875738
2023-03-15,15757,16136,15606,16136,26788560
2023-03-16,15909,15984,15530,15795,30255725
2023-03-17,15946,15946,15454,15454,33964905
2023-03-20,15454,15606,15151,15151,22998039
2023-03-21,15303,15568,15037,15492,19069859
2023-03-22,15568,15606,15265,15378,12862864
2023-03-23,15303,15454,15189,15454,10748158
2023-03-24,15492,15530,15378,15454,13694808
2023-03-27,15454,15833,15416,15757,20275804
2023-03-28,15833,15909,15681,15681,12334554
2023-03-29,15681,15984,15681,15757,17949339
2023-03-30,15909,16022,15719,15757,20964474
2023-03-31,15757,15833,15416,15757,23777566
2023-04-03,15946,15984,15795,15909,21377967
2023-04-04,16022,16060,15871,15984,19873334
2023-04-05,15984,16287,15871,16287,25532123
2023-04-06,16325,16590,16212,16287,27853049
2023-04-07,16287,16363,15984,16060,18568535
2023-04-10,16098,16174,15606,15681,26557356
2023-04-11,15681,15795,15606,15757,14422264
2023-04-12,15833,15833,15643,15719,10644466
2023-04-13,15757,15757,15416,15492,14719996
2023-04-14,15568,15795,15530,15643,13612910
2023-04-17,15606,15833,15606,15795,9280313
2023-04-18,15833,15909,15757,15871,11576052
2023-04-19,15946,15946,15757,15757,10483969
2023-04-20,15757,15833,15719,15757,6553528
2023-04-21,15757,15795,15681,15681,11148137
2023-04-24,15681,15757,15568,15643,10579651
2023-04-25,15757,16098,15681,15946,18470293
2023-04-26,15946,16666,15833,16666,26830205
2023-04-27,16666,16666,16363,16439,17145094
2023-04-28,16439,16515,16212,16401,15758312
2023-05-04,16250,16363,16060,16136,16549829
2023-05-05,16136,16439,16060,16250,10793513
2023-05-08,16325,16477,16250,16363,10458125
2023-05-09,16363,16780,16363,16515,22423012
2023-05-10,16515,16590,16401,16439,8746008
2023-05-11,16515,16628,16363,16477,13648978
2023-05-12,16477,17045,16363,16931,45123846
2023-05-15,17007,17121,16742,16742,17703594
2023-05-16,16742,16893,16590,16666,17812801
2023-05-17,16666,16742,16477,16515,26005532
2023-05-18,16590,16818,16515,16628,18617797
2023-05-19,16666,16742,16401,16515,11520435
2023-05-22,16515,16742,16477,16590,14875470
2023-05-23,16628,16704,16363,16439,13626699
2023-05-24,16590,16590,16136,16136,20282151
2023-05-25,16136,16250,16060,16060,13265005
2023-05-26,16136,16212,15795,15984,16099796
2023-05-29,16136,16250,16060,16250,11099584
2023-05-30,16287,16363,16098,16174,13466138
2023-05-31,16212,16250,16022,16060,13094089
2023-06-01,16022,16212,15946,16212,10843625
2023-06-02,16287,16515,16250,16363,18876879
2023-06-05,16515,16704,16363,16401,20053288
2023-06-06,16439,16553,16325,16477,11807137
2023-06-07,16666,17272,16666,17121,55534195
2023-06-08,17196,17537,17196,17272,42538792
2023-06-09,17272,17348,17045,17348,23882045
2023-06-12,17499,17537,17045,17386,22228815
2023-06-13,17424,17765,17348,17727,36962266
2023-06-14,17765,17765,17499,17499,23485754
2023-06-15,17424,17613,17424,17537,17479766
2023-06-16,17613,18030,17537,17765,33028134
2023-06-19,17765,17802,17651,17689,13187994
2023-06-20,17689,17916,17651,17916,14615348
2023-06-21,17954,18674,17802,18636,35625023
2023-06-22,18712,18901,18446,18825,23051612
2023-06-23,18825,19355,18749,19242,29173843
2023-06-26,19242,19318,18712,19090,20413189
2023-06-27,19204,19545,19015,19545,19957295
2023-06-28,19696,20227,19621,20151,30336920
2023-06-29,20189,20227,19545,19545,36818245
2023-06-30,19469,19848,19431,19810,23081616
2023-07-03,19848,20037,19621,19848,17066212
2023-07-04,19810,19886,19621,19886,19737741
2023-07-05,19999,20605,19886,20416,31821993
2023-07-06,20378,20568,20075,20454,27624517
2023-07-07,20378,20795,20075,20795,22629342
2023-07-10,20795,21174,20719,20984,24286165
2023-07-11,21060,21249,20643,20681,24030294
2023-07-12,20681,20795,20189,20454,27776627
2023-07-13,20833,20833,20378,20492,14016102
2023-07-14,20568,20833,20492,20833,17089358
2023-07-17,20984,21022,20605,20681,12546558
2023-07-18,20681,20719,20492,20605,12410918
2023-07-19,20530,20984,20492,20757,15390616
2023-07-20,20681,21363,20681,21363,30882141
2023-07-21,21477,21515,21287,21515,18469427
2023-07-24,21552,21666,21211,21401,17177312
2023-07-25,21401,21477,21211,21401,20236835
2023-07-26,21401,21552,21325,21515,22877714
2023-07-27,21515,21742,21287,21515,21329428
2023-07-28,21515,21666,21325,21439,22714371
2023-07-31,21363,21401,20719,21363,45551883
2023-08-01,21287,21287,20833,20833,28023076
2023-08-02,20757,21098,20643,20833,18537961
2023-08-03,20719,20833,20075,20340,58051701
2023-08-04,20302,20833,20302,20719,22184255
2023-08-07,20871,21022,20681,20871,23106096
2023-08-08,20908,21136,20568,20605,25583863
2023-08-09,20605,21098,20492,21060,42678531
2023-08-10,21136,21136,20681,20719,17074796
2023-08-11,20757,21022,20568,20984,23393495
2023-08-14,21060,21477,20946,21325,44967169
2023-08-15,21325,21401,21098,21174,17950361
2023-08-16,21174,21211,20946,21174,15004683
2023-08-17,21211,21742,21211,21287,46626489
2023-08-18,21136,21211,19848,20075,46375518
2023-08-21,20037,20113,19621,19848,31459459
2023-08-22,19848,19962,19015,19810,35193240
2023-08-23,19962,20037,19431,19431,21785413
2023-08-24,19431,19924,19393,19924,16604349
2023-08-25,19848,19999,19659,19659,21857175
2023-08-28,19696,20340,19696,20340,22830709
2023-08-29,20378,20568,20227,20454,17980997
2023-08-30,20454,20643,20265,20605,20154472
2023-08-31,20757,21136,20681,20908,25946856
2023-09-05,21060,21174,20643,21060,24514770
2023-09-06,21022,21969,20757,21969,52603239
2023-09-07,21969,22196,21590,21704,33692821
2023-09-08,21590,22083,21515,21780,33810390
2023-09-11,21969,22007,21022,21211,47716515
2023-09-12,21211,21780,20984,21780,22627180
2023-09-13,21818,22272,21401,21515,49212652
2023-09-14,21515,21628,21022,21060,34694116
2023-09-15,21136,21287,20908,20908,24759459
2023-09-18,20908,21287,20605,20908,20904221
2023-09-19,21211,21325,20833,21325,21041176
2023-09-20,21325,21628,21249,21515,26611234
2023-09-21,21515,22045,21325,21515,42936550
2023-09-22,21022,21174,20265,20681,50601830
2023-09-25,20454,20833,19469,19696,36891233
2023-09-26,19583,20302,19583,19848,30849974
2023-09-27,19810,20227,19810,20075,20332879
2023-09-28,20151,20340,19848,20151,16571772
2023-09-29,20302,20340,19886,19924,15025050
2023-10-02,19924,20037,19696,19848,11421182
2023-10-03,19772,19772,18712,18787,40656275
2023-10-04,18560,19318,18181,19128,21101921
2023-10-05,19242,19318,18825,18863,10432613
2023-10-06,18825,19166,18674,18901,15257421
2023-10-09,18901,19393,18901,19318,11439444
2023-10-10,19469,19886,19393,19696,20013352
2023-10-11,19810,19886,19545,19848,13510293
2023-10-12,19924,19924,19393,19545,22066027
2023-10-13,19393,19507,18977,19507,19579926
2023-10-16,19507,19545,18939,18939,16214426
2023-10-17,19090,19280,18787,18787,14711646
2023-10-18,18787,18901,17575,18181,30941169
2023-10-19,18257,18333,17765,17954,20817862
2023-10-20,17954,18446,17689,18446,16376045
2023-10-23,18446,18446,17954,18181,11956440
2023-10-24,18219,18484,17916,18181,9719646
2023-10-25,18219,18636,18219,18219,12068922
2023-10-26,18030,18068,17121,17272,31049018
2023-10-27,17613,17802,17310,17689,15022932
2023-10-30,17689,17992,17424,17424,16180859
2023-10-31,17802,17802,17348,17424,20798250
2023-11-01,17424,18143,17386,18143,19151053
2023-11-02,18333,19393,18257,19128,26653194
2023-11-03,19242,19318,18749,19015,20508387
2023-11-06,19204,19621,19090,19507,20389981
2023-11-07,19545,19848,19280,19545,19872495
2023-11-08,19545,20416,19393,20416,34863736
2023-11-09,20416,20757,20151,20227,31376600
2023-11-10,19999,20530,19962,20075,28039532
2023-11-13,20075,20908,20075,20605,44016605
2023-11-14,20757,20833,20227,20454,23269182
2023-11-15,20871,21060,20454,20454,34627351
2023-11-16,20340,20605,20302,20605,16268486
2023-11-17,20605,20757,19924,20075,38545535
2023-11-20,19772,20378,19772,20189,18258656
2023-11-21,20454,20833,20416,20492,26712452
2023-11-22,20454,20605,20378,20605,17022639
2023-11-23,20681,20719,19583,19583,21692399
2023-11-24,19696,19999,19355,19999,26238500
2023-11-27,20075,20265,19848,19924,16731713
2023-11-28,19999,20227,19734,20227,18870086
2023-11-29,20227,20530,20189,20454,22512100
2023-11-30,20530,20605,20113,20113,21215143
2023-12-01,20302,20530,20037,20378,15407548
2023-12-04,20605,21022,20492,20833,42364507
2023-12-05,20833,20871,20568,20643,22519458
2023-12-06,20643,20908,20605,20908,18657441
2023-12-07,20946,21136,20416,20908,49444696
2023-12-08,21060,21401,20833,20984,52799031
2023-12-11,20984,21060,20681,20833,17852876
2023-12-12,20833,21363,20833,21174,31693150
2023-12-13,21287,21363,20681,20719,33356819
2023-12-14,20871,20871,20492,20492,31784558
2023-12-15,20530,20605,20265,20302,34693422
2023-12-18,20378,20454,20151,20151,14883440
2023-12-19,20151,20605,20113,20605,20502049
2023-12-20,20605,20719,20530,20605,17666787
2023-12-21,20530,20681,20416,20605,14312119
2023-12-22,20605,20719,20492,20492,17434981
2023-12-25,20568,20908,20568,20795,20414974
2023-12-26,20757,21136,20757,21060,33753533
2023-12-27,21098,21211,21022,21022,19860170
2023-12-28,21022,21363,20946,21174,31321948
2023-12-29,21174,21287,21060,21174,20475453
2024-01-02,21287,21325,20795,20795,22196509
2024-01-03,20757,21060,20757,21060,18581664
2024-01-04,21060,21287,20984,21022,38548706
2024-01-05,21022,21136,20871,21060,17340693
2024-01-08,21174,21401,21098,21098,31258576
2024-01-09,21136,21174,20833,20984,28631164
2024-01-10,20984,21022,20643,20719,32654545
2024-01-11,20795,20946,20757,20833,15271976
2024-01-12,20719,20795,20492,20568,28640291
2024-01-15,20605,20795,20530,20530,12506342
2024-01-16,20530,21060,20492,21060,19773999
2024-01-17,21098,21174,20946,20946,23419285
2024-01-18,20984,21098,20908,20946,12645044
2024-01-19,21022,21136,20908,21060,14866159
2024-01-22,21211,21704,21098,21439,66094584
2024-01-23,21552,21590,21401,21477,21686564
2024-01-24,21439,21590,21401,21401,16144379
2024-01-25,21401,21515,21211,21401,15234746
2024-01-26,21515,21590,21401,21477,14380956
2024-01-29,21477,21515,21211,21211,21583456
2024-01-30,21211,21287,21098,21211,17536929
2024-01-31,21174,21287,21022,21022,24464533
2024-02-01,21022,21287,20984,21098,10642909
2024-02-02,20984,21287,20984,21136,14168885
2024-02-05,21136,21439,21136,21211,16238284
2024-02-06,21325,21401,21211,21249,14667973
2024-02-07,21249,21439,21249,21325,13815720
2024-02-15,21439,21893,21401,21742,37002180
2024-02-16,21780,21818,21666,21666,16729914
2024-02-19,21704,22272,21552,22121,42298335
2024-02-20,22121,22234,22007,22121,21405084
2024-02-21,22045,22083,21742,21818,31597047
2024-02-22,21742,21818,21628,21628,22423703
2024-02-23,21628,21855,21515,21515,27315024
2024-02-26,21515,21818,21439,21818,19232263
2024-02-27,21893,23067,21818,22992,86882418
2024-02-28,23030,23446,22840,23181,35225601
2024-02-29,23295,23598,23105,23484,33602603
2024-03-01,23636,23636,23219,23371,26977136
2024-03-04,23484,23787,23257,23333,28600714
2024-03-05,23333,23711,23257,23598,29934805
2024-03-06,23560,23598,23105,23333,28078693
2024-03-07,23257,23749,23181,23484,32275896
2024-03-08,23484,23522,22916,22954,47338238
2024-03-11,22954,23181,22575,22651,30439370
2024-03-12,22613,23030,22575,22878,30148985
2024-03-13,22878,23371,22802,23333,29380668
2024-03-14,23408,23408,22916,22992,30792542
2024-03-15,22992,23257,22727,22802,35837317
2024-03-18,22840,22878,21969,22424,50128928
2024-03-19,22348,23181,22272,22575,26986377
2024-03-20,22613,22802,22537,22727,12979362
2024-03-21,22992,23143,22802,22916,19984496
2024-03-22,22992,23257,22878,23143,37402271
2024-03-25,23143,23446,22764,22878,21366246
2024-03-26,22878,23143,22802,23143,11986416
2024-03-27,23408,23560,23181,23181,24342964
2024-03-28,23371,23371,23067,23143,19124881
2024-03-29,23181,23181,22916,22916,14830426
2024-04-01,22878,22992,22689,22802,20772986
2024-04-02,22651,23030,22575,23030,26310579
2024-04-03,22992,23067,22689,22689,21500994
2024-04-04,22689,22764,22386,22424,26385240
2024-04-05,22310,22537,22158,22310,24030078
2024-04-08,22310,22575,22196,22424,16717695
2024-04-09,22424,22651,22386,22651,9846188
2024-04-10,22689,22802,22461,22461,11145329
2024-04-11,22310,22840,22310,22651,19255412
2024-04-12,22727,22802,22613,22689,13925121
2024-04-15,22613,22689,21287,21590,31131437
2024-04-16,21590,21628,21098,21477,33449847
2024-04-17,21590,21628,21136,21211,15597365
2024-04-19,21060,21477,20833,21060,26158064
2024-04-22,21363,21363,21098,21211,12398648
2024-04-23,21211,21249,20795,20908,18376759
2024-04-24,21136,21931,21022,21818,23062837
2024-04-25,21742,21742,21439,21628,11245215
2024-04-26,21439,21628,21249,21515,18314893
2024-05-02,21515,21515,21249,21477,7330111
2024-05-03,21477,22045,21477,21704,16725291
2024-05-06,21855,22234,21818,22196,27119741
2024-05-07,22272,22878,22158,22840,30152936
2024-05-08,22840,23484,22537,23257,34306978
2024-05-09,23408,23408,22764,23067,19434034
2024-05-10,23181,23219,22689,23067,18994649
2024-05-13,23143,23219,22802,22878,13182013
2024-05-14,23030,23257,22802,22878,15673953
2024-05-15,22916,23749,22916,23636,45136493
2024-05-16,23939,24128,23825,23939,27420436
2024-05-17,23939,23939,23598,23939,28657113
2024-05-20,23977,24355,23939,24242,46513904
2024-05-21,24242,24242,23825,24128,20879194
2024-05-22,24128,24204,23598,23711,39799786
2024-05-23,24041,24582,23832,24582,37896846
2024-05-24,24416,24582,23749,24082,30197105
2024-05-27,24082,24416,23874,24082,15778527
2024-05-28,24166,24332,23999,24291,17576389
2024-05-29,24249,24374,23832,23832,21619795
2024-05-30,23749,23791,23332,23541,27283359
2024-05-31,23666,23999,23374,23832,17748524
2024-06-03,23999,24249,23999,24166,20647812
2024-06-04,24166,24832,24166,24416,39674519
2024-06-05,24416,24582,24249,24374,19207537
2024-06-06,24374,24707,24082,24416,20837091
2024-06-07,24457,24499,24249,24416,14893390
2024-06-10,24499,24541,24291,24416,20270733
2024-06-11,24499,24707,24207,24249,27003982
2024-06-12,24166,24666,24166,24666,19295443
2024-06-13,24707,24749,24416,24582,20563088
2024-06-14,24582,24957,24249,24249,34310393
2024-06-17,24249,24957,24166,24541,34389484
2024-06-18,24582,24749,24499,24499,16545599
2024-06-19,24582,24624,24374,24457,19187496
2024-06-20,24374,24499,24124,24457,27788213
2024-06-21,24457,24457,24166,24207,14297102
2024-06-24,24166,24249,23541,23916,37872553
2024-06-25,23832,24207,23749,23916,16665373
2024-06-26,23957,24332,23832,24082,19757460
2024-06-27,24166,24207,23916,24041,10087714
2024-06-28,23957,24082,23582,23582,22218009
2024-07-01,23582,23749,23374,23624,13583269
2024-07-02,23624,24041,23541,23916,21287052
2024-07-03,24166,24249,23916,23957,17279452
2024-07-04,24041,24207,23832,23916,9370324
2024-07-05,23916,24124,23832,23874,12379504
2024-07-08,23916,24207,23874,23999,18453505
2024-07-09,23999,24332,23957,24166,22579018
2024-07-10,24249,24582,24124,24124,31001479
2024-07-11,24291,24374,24041,24041,14527557
2024-07-12,24082,24124,23707,23749,18069224
2024-07-15,23791,23957,23499,23707,16310035
2024-07-16,23749,23874,23666,23707,12341155
2024-07-17,23791,23832,22999,23499,25573686
2024-07-18,23499,23707,23374,23666,20492770
2024-07-19,23666,23666,23499,23499,11877885
2024-07-22,23416,23499,23124,23374,18424118
2024-07-23,23374,23499,23166,23166,15071448
2024-07-24,23124,23291,22582,23082,19254395
2024-07-25,22999,23041,22749,22791,13334622
2024-07-26,22791,23041,22791,22874,8818384
2024-07-29,23041,23416,22999,23249,15458145
2024-07-30,23332,23499,23249,23249,15553762
2024-07-31,23249,23249,22582,22666,24314481
2024-08-01,22916,23041,22166,22249,30510117
2024-08-02,22207,22749,22082,22707,17560447
2024-08-05,22332,22374,21499,21624,45645266
2024-08-06,21707,22041,21541,21916,19776551
2024-08-07,22041,22041,21624,21707,15426972
2024-08-08,21624,21749,21291,21332,21940263
2024-08-09,21582,21749,21416,21707,12134942
2024-08-12,21707,21749,21416,21541,12589646
2024-08-13,21582,21624,20999,21166,26271625
2024-08-14,21249,21416,21082,21207,13709893
2024-08-15,21207,21207,20999,20999,16250512
2024-08-16,20999,21416,20833,21332,36348653
2024-08-19,21499,21957,21416,21541,24443930
2024-08-20,21666,21832,21499,21499,20465987
2024-08-21,21541,21874,21499,21791,24826883
2024-08-22,21832,21874,21416,21457,24051112
2024-08-23,21457,21707,21166,21707,22423963
2024-08-26,21791,21999,21624,21666,21660542
2024-08-27,21666,21707,21416,21457,12463767
2024-08-28,21541,21624,21374,21416,18668043
2024-08-29,21499,21624,21332,21332,16174288
2024-08-30,21416,21457,21249,21249,17977045
2024-09-04,21082,21207,20916,21041,19080426
2024-09-05,21124,21124,20833,20874,22584753
2024-09-06,20874,21166,20624,21166,22872838
2024-09-09,21166,21832,21082,21332,32665005
2024-09-10,21457,21541,20957,20957,15034285
2024-09-11,20957,21291,20874,21124,14222396
2024-09-12,21166,21291,20916,20916,9046522
2024-09-13,20957,21082,20833,20833,12436961
2024-09-16,20833,21041,20708,20708,14586621
2024-09-17,20749,21041,20666,21041,13183955
2024-09-18,21041,21124,20916,20916,13246366
2024-09-19,21082,21249,20999,21041,13688336
2024-09-20,21249,21707,21207,21374,44610751
2024-09-23,21499,21749,21416,21416,15527107
2024-09-24,21416,21541,21374,21541,10658205
2024-09-25,21749,21999,21707,21832,41032922
2024-09-26,21916,22041,21707,21707,21761557
2024-09-27,21791,21916,21582,21707,30557451
2024-09-30,21832,22166,21791,21957,37445314
2024-10-01,22332,22499,22207,22291,37876498
2024-10-02,22249,22249,21916,21916,21303476
2024-10-03,22041,22207,21749,21832,26814467
2024-10-04,21832,22082,21749,21832,17564765
2024-10-07,21999,22082,21832,21999,12476892
2024-10-08,21999,22582,21957,22457,38191818
2024-10-09,22624,22916,22541,22916,41639882
2024-10-10,22999,23082,22707,22707,23844140
2024-10-11,22791,22874,22499,22749,15775481
2024-10-14,22791,22874,22541,22541,17989883
2024-10-15,22832,22874,22624,22624,20172673
2024-10-16,22624,22749,22582,22582,11638271
2024-10-17,22624,22707,22291,22707,20575549
2024-10-18,22707,22749,22457,22457,16254444
2024-10-21,22457,22541,22249,22291,13909844
2024-10-22,22207,22374,22082,22207,18330635
2024-10-23,22207,22249,21957,22041,13617216
2024-10-24,22082,22249,21957,22041,15908431
2024-10-25,22166,22207,22041,22041,9453996
2024-10-28,22082,22457,22082,22291,11941974
2024-10-29,22332,22624,22249,22541,15745226
2024-10-30,22541,22582,22332,22499,11074326
2024-10-31,22541,22541,22332,22416,13332393
2024-11-01,22332,22374,22041,22124,13212705
2024-11-04,22124,22124,21791,21916,18321430
2024-11-05,21916,22124,21832,22082,8102496
2024-11-06,22207,22624,22124,22457,21004956
2024-11-07,22582,22749,22457,22457,15996565
2024-11-08,22666,22916,22499,22499,24778767
2024-11-11,22541,23082,22457,23082,40900657
2024-11-12,23124,23249,22749,22916,23977950
2024-11-13,22666,22832,22374,22541,22299796
2024-11-14,22541,22582,21916,21916,26584281
2024-11-15,21916,21957,21582,21582,27622921
2024-11-18,21666,21707,21249,21499,20617517
2024-11-19,21541,21666,21207,21207,15855294
2024-11-20,21166,21666,21041,21332,22767490
2024-11-21,21374,21624,21291,21541,12784099
2024-11-22,21582,21874,21541,21749,17276669
2024-11-25,21749,21916,21707,21916,12839515
2024-11-26,21916,22082,21832,21957,13190635
2024-11-27,21957,22041,21749,21916,7974789
2024-11-28,22041,22291,21916,21999,14139732
2024-11-29,22041,22291,21916,22291,13886852
2024-12-02,22457,22624,22291,22416,18590525
2024-12-03,22374,22499,22166,22499,15823157
2024-12-04,22374,22374,22207,22249,12517041
2024-12-05,22249,23207,21999,23207,44772623
2024-12-06,23207,23249,22916,22999,23768664
2024-12-09,23041,23249,22916,23041,15967778
2024-12-10,23082,23499,22999,23249,32715496
2024-12-11,23249,23457,22999,23124,17045103
2024-12-12,23124,23249,22791,22916,20976380
2024-12-13,22749,22832,22582,22666,17278081
2024-12-16,22666,22791,22374,22499,16666364
2024-12-17,22499,22582,22374,22499,10816933
2024-12-18,22499,22791,22457,22791,12801871
2024-12-19,22499,22624,22332,22374,30343905
2024-12-20,22374,22457,22249,22249,13753770
2024-12-23,22291,22541,22291,22499,12907390
2024-12-24,22416,22416,22166,22249,13471873
2024-12-25,22291,22624,22291,22624,17153771
2024-12-26,22624,22666,22374,22499,9982189
2024-12-27,22499,22499,22332,22374,11397592
2024-12-30,22332,22374,22207,22291,12176491
2024-12-31,22291,22291,22166,22207,10258083
2025-01-02,22249,22541,22249,22499,14970526
2025-01-03,22416,22499,22166,22166,13208512
2025-01-06,22166,22249,21707,21707,15267581
2025-01-07,21791,21999,21707,21707,14414801
2025-01-08,21707,21874,21624,21874,12963197
2025-01-09,21916,21916,21582,21666,9252679
2025-01-10,21666,21749,21291,21291,14290074
2025-01-13,21291,21707,21207,21582,13586454
2025-01-14,21624,21666,21499,21541,7670367
2025-01-15,21666,21874,21582,21832,11228889
2025-01-16,21916,22041,21707,21916,11215124
2025-01-17,21916,22082,21749,22082,13956621
2025-01-20,22082,22291,22041,22041,9665010
2025-01-21,22166,22166,21832,21916,10429273
2025-01-22,21999,21999,21791,21791,10285189
2025-01-23,21832,22291,21791,22207,15800444
2025-01-24,22207,22207,22041,22124,10409008
2025-02-03,22082,22166,21874,21999,16987354
2025-02-04,22082,22499,22041,22374,17370750
2025-02-05,22374,22499,22291,22332,14477772
2025-02-06,22332,22457,22291,22332,13545529
2025-02-07,22332,22332,22166,22207,12556995
2025-02-10,22082,22082,21166,21166,61143342
2025-02-11,21207,21749,21207,21749,28914141
2025-02-12,21832,21832,21541,21541,13674965
2025-02-13,21624,21666,21541,21582,9507535
2025-02-14,21749,21916,21666,21749,18592795
2025-02-17,21791,21874,21707,21791,14380031
2025-02-18,21957,22166,21916,22124,24951942
2025-02-19,22166,22166,21999,22082,13664314
2025-02-20,22124,22166,22082,22124,11920169
2025-02-21,22124,22166,21999,22041,11076712
2025-02-24,23582,23582,22957,23082,73928603
2025-02-25,22999,23082,22666,22916,31597535
2025-02-26,22999,23291,22957,23124,31840327
2025-02-27,23166,23707,22999,23707,51151649
2025-02-28,23666,23666,23291,23332,24230428
2025-03-03,23374,23541,23332,23374,20678579
2025-03-04,23374,23374,23041,23207,27441800
2025-03-05,23207,23249,22957,22957,30401582
2025-03-06,22999,23291,22999,23291,36989136
2025-03-07,23332,23416,23124,23374,33148420
2025-03-10,23416,23499,23291,23291,23601359
2025-03-11,22999,23457,22999,23457,26105585
2025-03-12,23499,23499,23166,23166,20664501
2025-03-13,23207,23374,23082,23082,24826490
2025-03-14,23082,23207,22957,22957,18298151
2025-03-17,23249,23457,23124,23207,19738337
2025-03-18,23249,23374,22999,22999,18761045
2025-03-19,22999,22999,22582,22707,37953539
2025-03-20,22749,22874,22541,22624,25038597
2025-03-21,22582,22707,22541,22624,18921643
2025-03-24,22624,22707,22416,22624,16247689
2025-03-25,22707,22832,22582,22666,20115102
2025-03-26,22666,23291,22624,22957,43997569
2025-03-27,23082,23082,22874,22916,12023359
2025-03-28,22874,22916,22582,22624,17090800
2025-03-31,22541,22582,22291,22291,26565641
2025-04-01,22332,22541,22291,22499,14037535
2025-04-02,22624,22832,22582,22707,16797845
2025-04-03,21499,22041,21124,21124,80792245
2025-04-04,19666,20708,19666,20499,73222029
2025-04-08,19583,19999,19083,19083,35517471
2025-04-09,17749,18583,17749,17749,77212228
2025-04-10,18958,18958,18958,18958,3066909
2025-04-11,20166,20249,19583,20249,76305239
2025-04-14,20666,21457,20624,21124,51254525
2025-04-15,20957,21791,20874,21541,50611194
2025-04-16,21582,21666,20874,21249,25738379
2025-04-17,20999,21332,20666,21249,24465980
2025-04-18,21374,21457,21207,21207,20785143
2025-04-21,21207,21207,20791,20791,17327776
2025-04-22,20666,20916,19499,20874,47493704
2025-04-23,21249,21416,21124,21291,22246788
2025-04-24,21416,21416,20999,21332,17227712
2025-04-25,21207,21416,21041,21416,24864961
2025-04-28,21416,21416,21124,21374,9768183
2025-04-29,21374,21416,21166,21249,14478374
2025-05-05,21374,21457,21124,21416,12563050
2025-05-06,21457,21707,21207,21207,20963206
2025-05-07,21124,21249,21124,21166,11518736
2025-05-08,21166,21541,21082,21416,19907154
2025-05-09,21416,21457,21249,21374,11024723
2025-05-12,21291,21457,20624,21166,64778664
2025-05-13,21332,21666,21332,21499,20324199
2025-05-14,21582,22124,21541,21791,34103088
2025-05-15,21832,21832,21541,21791,22639684
2025-05-16,21791,21832,21499,21499,16827367
2025-05-19,21457,21624,21291,21374,15012607
2025-05-20,21332,21499,21332,21374,17464910
2025-05-21,21457,21749,21374,21457,20165788
2025-05-22,21457,21624,21291,21374,24383807
2025-05-23,21457,21541,21291,21332,11111572
2025-05-26,21374,21374,20874,21291,27453941
2025-05-27,21291,21791,21291,21291,26913678
2025-05-28,21457,21582,21291,21332,15622229
2025-05-29,21416,21499,21249,21291,16448281
2025-05-30,21374,22207,21374,21457,65014524
2025-06-02,21332,21374,21124,21291,21950524
2025-06-03,21499,21832,21457,21666,31062339
2025-06-04,21749,21999,21624,21624,25708828
2025-06-05,21666,21707,21416,21457,18808450
2025-06-06,21707,22082,21582,21707,42269983
2025-06-09,21749,21999,21624,21916,25004908
2025-06-10,22082,22374,21832,21832,29436635
2025-06-11,21916,21957,21666,21749,16564351
2025-06-12,21791,22582,21791,22332,52244579
2025-06-13,22166,22291,21916,21999,38795445
2025-06-16,21957,22499,21957,22291,29753708
2025-06-17,22416,22582,22291,22374,26645247
2025-06-18,22416,22666,22332,22624,31488496
2025-06-19,22624,22666,22332,22416,23431044
2025-06-20,22499,22582,22374,22499,23434378
2025-06-23,22374,22499,22166,22374,22214192
2025-06-24,22541,22666,22457,22499,27891516
2025-06-25,22582,22874,22457,22666,38667411
2025-06-26,23050,23150,22750,22800,38436669
2025-06-27,22950,22950,22750,22850,16501158
2025-06-30,22900,22950,22700,22700,19930857
2025-07-01,22750,22900,22600,22650,19796627
2025-07-02,22650,22900,22550,22900,18923070
2025-07-03,23000,23650,23000,23100,42563897
2025-07-04,23150,23250,23100,23250,19418237
2025-07-07,23700,23700,23400,23600,36030224
2025-07-08,23650,24800,23550,24700,77535019
2025-07-09,24800,25100,24600,24750,43509241
2025-07-10,24850,25200,24550,25150,85330953
2025-07-11,25250,26250,25050,26000,65351014
2025-07-14,26200,26450,25550,25750,49497472
2025-07-15,25800,26000,25500,25500,46555600
2025-07-16,25450,26200,25400,26100,45931825
2025-07-17,26200,26350,25900,26000,56272675
2025-07-18,26000,26100,25750,25900,40765452
2025-07-21,26400,27000,26100,26200,55818398
2025-07-22,26150,26450,26000,26450,31535938
2025-07-23,26550,26950,26400,26400,43166219
2025-07-24,26400,26450,25900,26000,51950469
2025-07-25,26000,26300,25900,26050,51110807
2025-07-28,26100,26850,26000,26350,99644508
2025-07-29,26450,26600,25350,25350,82685129
2025-07-30,25600,25750,25100,25400,50228631
2025-07-31,25450,25600,24750,24950,85459569
2025-08-01,24850,25300,24800,25150,50875281
2025-08-04,25100,25450,24950,25300,37117850
2025-08-05,25450,27050,25450,26400,216265261
2025-08-06,26750,27700,26650,27100,96276505
2025-08-07,27350,28550,27000,28500,139315954
2025-08-08,28600,28650,27600,28000,121165629
2025-08-11,28150,28450,27800,28150,67300493
2025-08-12,28350,29100,28150,28500,84272957
2025-08-13,28550,28600,27850,28100,79836392
2025-08-14,28200,28450,28000,28200,76109026
2025-08-15,28450,28800,27850,28000,108006931
2025-08-18,28300,28800,28200,28400,69101265
2025-08-19,28600,28700,28100,28150,63084945
2025-08-20,28200,28250,27050,27400,101091989
2025-08-21,27450,27800,27300,27400,70032407
2025-08-22,26950,27100,26000,26000,132417655
2025-08-25,26500,26750,25850,25950,68381091
2025-08-26,26100,27200,26100,27200,52027973
2025-08-27,27250,27250,26750,26750,86045749
2025-08-28,26950,27500,26850,27100,63197040
2025-08-29,27200,27850,27050,27500,81783855
2025-09-03,27400,29000,27250,28150,119215562
2025-09-04,28450,29900,28350,29850,141572587
2025-09-05,30000,30100,28800,28800,95337516
2025-09-08,28700,29750,28650,28900,141854272
2025-09-09,29200,29250,28200,28850,73916602
2025-09-10,28850,29200,28400,28850,52491303
2025-09-11,28700,29200,28000,29150,71829390
2025-09-12,29200,30100,29150,30000,104689241
2025-09-15,30250,30850,30100,30350,89001162
2025-09-16,30550,30550,29750,29950,66924946
2025-09-17,29900,30250,29200,29200,124492427
2025-09-18,29350,29400,28600,29150,75744820
2025-09-19,29300,29400,28800,29250,45063967
2025-09-22,29250,29250,28300,28400,66147901
2025-09-23,28550,28850,28450,28650,24927714
2025-09-24,28650,29050,28250,29050,30767741
2025-09-25,29150,29300,28750,28800,34468450
2025-09-26,28850,29200,28550,28550,38166835
2025-09-29,28550,28900,28400,28600,38862347
2025-09-30,28550,28600,27900,28150,53791420
2025-10-01,28300,28500,28100,28300,29871076
2025-10-02,28350,28650,28050,28100,30204275
2025-10-03,28100,28100,27350,27650,58178830
2025-10-06,28100,29200,28100,29200,71313614
2025-10-07,29200,29350,29000,29000,41439746
2025-10-08,29250,29400,28750,29200,59998757
2025-10-09,29400,29400,28850,28950,42585279
2025-10-10,29000,29750,28900,29600,62746903
2025-10-13,29050,29250,28850,29000,80289928
2025-10-14,29050,29250,28300,28350,84397065
2025-10-15,28400,28700,28200,28250,34666042
2025-10-16,28250,28800,28000,28250,44763644
2025-10-17,28300,28650,28000,28000,46553512
2025-10-20,27900,28250,26050,26050,103075157
2025-10-21,26300,27000,26000,26800,74360824
2025-10-22,26900,26900,26150,26700,37337299
2025-10-23,26750,27000,26500,26500,23480069
2025-10-24,26500,26700,26100,26400,30625906
2025-10-27,26750,26850,26250,26250,27425118
2025-10-28,26350,26800,26150,26800,28546402
2025-10-29,26900,27550,26900,27250,39483328
2025-10-30,27400,27400,26900,26900,23723933
2025-10-31,26900,27100,26700,26700,19803043
2025-11-03,26750,26900,26050,26050,28405418
2025-11-04,26150,26850,25950,26750,37803099
2025-11-05,26450,26750,26250,26300,20868717
2025-11-06,26350,26500,26100,26100,21236298
2025-11-07,26150,26550,26000,26050,55127315
2025-11-10,26200,26750,26100,26450,48049077
2025-11-11,26600,26900,26450,26600,31359035
2025-11-12,26650,27100,26650,27000,30691952
2025-11-13,27000,27050,26550,26550,18957281
2025-11-14,26500,26950,26500,26900,22127988
2025-11-17,27050,27350,27050,27300,32185516
2025-11-18,27250,27600,27150,27500,35057611
2025-11-19,27500,28350,27450,27600,56361831
2025-11-20,27700,27800,27150,27250,23088344
2025-11-21,27150,27450,26900,27400,22631995
2025-11-24,27400,27550,27100,27100,14731766
2025-11-25,27150,27350,26900,26900,24370268
2025-11-26,26950,27200,26850,27100,19044180
2025-11-27,27200,27300,26900,26900,13978636
2025-11-28,26900,27050,26550,26550,20821996
