date,open,high,low,close,volume
2015-01-05,9815,9815,9548,9637,18030
2015-01-06,9637,9637,9458,9637,37970
2015-01-07,9548,9637,9458,9458,10590
2015-01-08,9548,9637,9458,9548,47040
2015-01-09,9458,9726,9458,9726,46170
2015-01-12,9637,9904,9637,9815,104230
2015-01-13,9815,10261,9815,10261,290500
2015-01-14,10172,10618,10172,10618,244240
2015-01-15,10707,10797,10618,10707,76470
2015-01-16,10707,10707,10351,10351,116950
2015-01-19,10529,10529,10261,10529,155000
2015-01-20,10529,10797,10529,10707,170300
2015-01-21,10707,10797,10618,10707,132190
2015-01-22,10707,10707,10618,10618,48110
2015-01-23,10529,10707,10529,10707,83030
2015-01-26,10707,10707,10529,10529,69470
2015-01-27,10529,10707,10529,10618,74430
2015-01-28,10618,10886,10529,10886,153520
2015-01-29,10886,11154,10797,11154,189640
2015-01-30,11154,11243,10975,11064,106070
2015-02-02,11064,11064,10707,10707,63650
2015-02-03,10618,10797,10618,10707,24450
2015-02-04,10618,11064,10618,10975,95510
2015-02-05,10975,11243,10975,11243,157180
2015-02-06,11243,11421,11243,11332,90910
2015-02-09,11421,11600,11421,11511,153370
2015-02-10,11421,11600,11421,11421,117430
2015-02-11,11421,11600,11332,11600,256600
2015-02-12,11511,11600,11511,11600,59110
2015-02-13,11600,11600,11421,11600,15410
2015-02-24,11778,12403,11689,12403,312160
2015-02-25,12492,13206,12492,12581,121560
2015-02-26,12581,12760,12492,12671,98800
2015-02-27,12760,12760,11957,11957,90050
2015-03-02,11600,11689,11154,11421,101370
2015-03-03,11243,11689,11243,11421,153750
2015-03-04,11511,11600,11332,11511,108250
2015-03-05,11511,11511,11154,11243,144100
2015-03-06,11154,11154,10886,10975,71020
2015-03-09,10975,11600,10797,10975,42500
2015-03-10,10797,10975,10440,10440,58060
2015-03-11,10440,10440,9815,10172,78590
2015-03-12,10083,10707,10083,10618,33340
2015-03-13,11064,11243,10618,10618,55520
2015-03-16,10707,10707,10440,10440,18510
2015-03-17,10618,10707,10440,10529,60710
2015-03-18,10529,10618,10440,10529,860
2015-03-19,10529,10529,10351,10440,13300
2015-03-20,10618,10618,10351,10440,17360
2015-03-23,10440,10440,10172,10261,21570
2015-03-24,10440,10440,9994,10172,30000
2015-03-25,10351,10351,9994,10083,11140
2015-03-26,10083,10083,9815,9815,21600
2015-03-27,9815,9815,9548,9548,32530
2015-03-30,9548,9815,9548,9548,22330
2015-03-31,9637,9726,9548,9548,19830
2015-04-01,9726,9726,9458,9637,16950
2015-04-02,9548,9637,9548,9548,15600
2015-04-03,9548,9637,9458,9548,6960
2015-04-06,9548,9548,9369,9369,5750
2015-04-07,9369,9726,9369,9637,17110
2015-04-08,9548,9815,9548,9637,28090
2015-04-09,9637,9726,9548,9548,12240
2015-04-10,9815,9815,9548,9548,15410
2015-04-13,9637,9637,9548,9637,18220
2015-04-14,9458,9637,9458,9637,7010
2015-04-15,9548,9548,9548,9548,5810
2015-04-16,9637,9637,9458,9548,9680
2015-04-17,9548,9548,9458,9548,8490
2015-04-20,9548,9548,9369,9369,39410
2015-04-21,9369,9458,9369,9369,8400
2015-04-22,9369,9369,9280,9280,25120
2015-04-23,9280,9458,9280,9280,20810
2015-04-24,9458,9904,9369,9726,73060
2015-04-27,9994,10261,9726,9726,60120
2015-05-04,9815,9815,9548,9637,28400
2015-05-05,9458,9548,9280,9548,14490
2015-05-06,9548,9548,9369,9369,12450
2015-05-07,9369,9548,9280,9458,15350
2015-05-08,9458,9548,9369,9548,11670
2015-05-11,9548,9637,9369,9369,34870
2015-05-12,9280,9280,8744,9101,80020
2015-05-13,9146,9592,8923,9034,80660
2015-05-14,9034,9146,8421,8421,87470
2015-05-15,8142,8142,7863,7863,48430
2015-05-18,7863,8365,7863,8365,88500
2015-05-19,8700,8923,8700,8923,54280
2015-05-20,9481,9536,9313,9425,203290
2015-05-21,9034,9369,8811,8979,28050
2015-05-22,8979,8979,8533,8923,48530
2015-05-25,8923,8923,8588,8644,40120
2015-05-26,8756,9146,8756,8923,39350
2015-05-27,8923,8923,8756,8867,13100
2015-05-28,8979,8979,8811,8811,33840
2015-05-29,8811,8811,8477,8700,44560
2015-06-01,8700,8756,8588,8588,14950
2015-06-02,8533,8588,8309,8477,37200
2015-06-03,8533,8533,8254,8309,19990
2015-06-04,8309,8421,8309,8365,12250
2015-06-05,8309,8588,8309,8588,29500
2015-06-08,8700,8700,8533,8533,21110
2015-06-09,8644,8644,8365,8533,34680
2015-06-10,8533,8756,8365,8365,26060
2015-06-11,8309,8421,8309,8365,8910
2015-06-12,8421,8421,8309,8365,25770
2015-06-15,8309,8421,8254,8254,34330
2015-06-16,8254,8309,8198,8254,16820
2015-06-17,8198,8254,8142,8142,11460
2015-06-18,8142,8198,8086,8142,5590
2015-06-19,8086,8198,8086,8086,12680
2015-06-22,8031,8086,7975,8031,48910
2015-06-23,7975,7975,7808,7808,56380
2015-06-24,7808,8309,7808,8309,121970
2015-06-25,8309,8421,8198,8198,30790
2015-06-26,8198,8533,8142,8365,92010
2015-06-29,8254,8254,8142,8198,46030
2015-06-30,8198,8309,8198,8198,48540
2015-07-01,8198,8254,8142,8198,34230
2015-07-02,8254,8254,8198,8198,32680
2015-07-03,8198,8365,8198,8254,73910
2015-07-06,8254,8309,8254,8254,94930
2015-07-07,8309,8365,8254,8254,92510
2015-07-08,8254,8309,8198,8309,39430
2015-07-09,8254,8309,8198,8309,32370
2015-07-10,8198,8309,8198,8309,25440
2015-07-13,8309,8309,8142,8142,30630
2015-07-14,8142,8198,8142,8198,35180
2015-07-15,8198,8198,8031,8142,24970
2015-07-16,8198,8198,8142,8198,9980
2015-07-17,8198,8198,8086,8142,17560
2015-07-20,8031,8142,8031,8142,23330
2015-07-21,8031,8031,7919,7975,40090
2015-07-22,7975,8031,7919,7919,40710
2015-07-23,7919,7975,7863,7919,40140
2015-07-24,8086,8421,7975,8365,227840
2015-07-27,8365,8365,8142,8254,42600
2015-07-28,8365,8365,8198,8198,34250
2015-07-29,8142,8198,8086,8086,49360
2015-07-30,8086,8142,8031,8086,29900
2015-07-31,8031,8142,7975,7975,74200
2015-08-03,8086,8086,7919,7975,71520
2015-08-04,8031,8031,7919,7919,51930
2015-08-05,7919,8031,7919,8031,9750
2015-08-06,7975,7975,7919,7975,27680
2015-08-07,7919,7975,7919,7919,36940
2015-08-10,7975,8086,7919,8031,82730
2015-08-11,8031,8031,7975,8031,26040
2015-08-12,8031,8031,7863,7919,52570
2015-08-13,7863,7975,7863,7919,29990
2015-08-14,7919,7975,7863,7919,42450
2015-08-17,7919,7975,7808,7863,20860
2015-08-18,7919,7919,7752,7808,21390
2015-08-19,7808,7808,7529,7640,51420
2015-08-20,7584,7584,7306,7306,67300
2015-08-21,7306,7306,6915,7194,89090
2015-08-24,6971,6971,6692,6748,145040
2015-08-25,6748,7083,6581,6971,93890
2015-08-26,6971,7083,6971,6971,43160
2015-08-27,7194,7250,7027,7083,139070
2015-08-28,7083,7306,7083,7194,112350
2015-08-31,7417,7584,7250,7361,88610
2015-09-01,7473,7473,7194,7194,31320
2015-09-03,7083,7083,6971,7083,32900
2015-09-04,7083,7083,6971,7027,23030
2015-09-07,7027,7027,6804,6804,40620
2015-09-08,6804,7027,6804,6915,12500
2015-09-09,7027,7027,6804,6859,19790
2015-09-10,6804,6915,6748,6859,25500
2015-09-11,6859,6859,6804,6804,25830
2015-09-14,6859,6859,6692,6748,18880
2015-09-15,6748,6748,6581,6581,51120
2015-09-16,6581,6636,6525,6581,47720
2015-09-17,6804,6804,6636,6692,17070
2015-09-18,6804,6804,6748,6748,37310
2015-09-21,6748,7083,6748,7083,77340
2015-09-22,7194,7194,6971,7027,43100
2015-09-23,7027,7027,6915,6971,18580
2015-09-24,6971,6971,6859,6859,14000
2015-09-25,6915,6915,6859,6915,34470
2015-09-28,6859,6915,6804,6859,25880
2015-09-29,6748,6804,6748,6748,12490
2015-09-30,6804,6915,6748,6804,35050
2015-10-01,6804,6859,6748,6859,18210
2015-10-02,6859,6915,6804,6859,23650
2015-10-05,6915,6971,6804,6971,56170
2015-10-06,7027,7361,7027,7250,132300
2015-10-07,7361,7529,7306,7361,132400
2015-10-08,7473,7863,7473,7808,180880
2015-10-09,7808,7808,7473,7584,100870
2015-10-12,7584,7640,7361,7417,115070
2015-10-13,7361,7752,7306,7473,137020
2015-10-14,7473,7696,7473,7529,65500
2015-10-15,7529,7696,7529,7640,154090
2015-10-16,7640,7975,7584,7808,283290
2015-10-19,7919,7919,7752,7863,86440
2015-10-20,7863,7863,7640,7696,111340
2015-10-21,7696,7696,7473,7473,122980
2015-10-22,7417,7640,7417,7584,83430
2015-10-23,7529,7696,7529,7584,57590
2015-10-26,7640,7696,7529,7584,72600
2015-10-27,7529,7584,7473,7529,53190
2015-10-28,7473,7584,7473,7584,58040
2015-10-29,7640,8086,7640,8086,581760
2015-10-30,8142,8365,8142,8254,359290
2015-11-02,8254,8254,8031,8142,203870
2015-11-03,8086,8198,7919,8198,244920
2015-11-04,8198,8254,8142,8142,134640
2015-11-05,8142,8477,8031,8365,207670
2015-11-06,8309,8309,8086,8142,121410
2015-11-09,8198,8365,8031,8254,205020
2015-11-10,8198,8254,8086,8198,174100
2015-11-11,8198,8254,8142,8254,69900
2015-11-12,8254,8477,8254,8477,459340
2015-11-13,8477,8811,8477,8700,290520
2015-11-16,8644,8923,8588,8867,340740
2015-11-17,8867,8923,8644,8700,310040
2015-11-18,8644,8756,8588,8756,70270
2015-11-19,8756,8756,8644,8700,113010
2015-11-20,8700,8867,8700,8811,211960
2015-11-23,8979,9090,8923,9034,224070
2015-11-24,9034,9258,8979,9146,264330
2015-11-25,9146,9258,8923,9202,163740
2015-11-26,9258,9258,9034,9034,199810
2015-11-27,9034,9090,8588,8644,383380
2015-11-30,8588,8644,8309,8365,198970
2015-12-01,8365,8588,8309,8421,57370
2015-12-02,8365,8588,8365,8533,42420
2015-12-03,8477,8588,8421,8477,35740
2015-12-04,8365,8533,8254,8477,125740
2015-12-07,8477,8477,8365,8421,48280
2015-12-08,8365,8700,8254,8588,111010
2015-12-09,8477,8588,8309,8365,99560
2015-12-10,8421,8477,8254,8254,51590
2015-12-11,8254,8421,8198,8421,45980
2015-12-14,8365,8477,8309,8477,53090
2015-12-15,8477,8533,8421,8533,100200
2015-12-16,8588,8867,8533,8756,304540
2015-12-17,8756,8811,8700,8811,305780
2015-12-18,8756,8811,8756,8756,86030
2015-12-21,8700,8811,8644,8811,93740
2015-12-22,8756,8811,8588,8700,236520
2015-12-23,8644,8811,8644,8756,182850
2015-12-24,8756,8811,8700,8811,57330
2015-12-25,8811,8811,8644,8644,51660
2015-12-28,8644,8923,8588,8867,316120
2015-12-29,8811,8923,8811,8867,109910
2015-12-30,8867,9034,8867,9034,264060
2015-12-31,8867,8979,8700,8756,398870
2016-01-04,8756,8979,8700,8811,396020
2016-01-05,8811,8811,8644,8811,98210
2016-01-06,8756,8811,8700,8756,76610
2016-01-07,8700,8700,8365,8477,222750
2016-01-08,8421,8477,8142,8365,97350
2016-01-11,8309,8365,8142,8254,96610
2016-01-12,8142,8365,8142,8365,72520
2016-01-13,8421,8421,8309,8309,58300
2016-01-14,8198,8254,8086,8198,177250
2016-01-15,8198,8198,8086,8086,103340
2016-01-18,8031,8031,7529,7696,222550
2016-01-19,7696,7919,7640,7919,86980
2016-01-20,7919,7919,7752,7808,49190
2016-01-21,7808,7808,7640,7696,65230
2016-01-22,7696,7808,7473,7584,94540
2016-01-25,7919,8031,7752,8031,175000
2016-01-26,7919,7975,7808,7919,59150
2016-01-27,7919,7975,7863,7975,55080
2016-01-28,7975,7975,7808,7808,32570
2016-01-29,7808,8031,7808,8031,149010
2016-02-01,7919,8086,7919,8031,105090
2016-02-02,7975,8086,7975,8031,51310
2016-02-03,7919,8031,7919,8031,38030
2016-02-04,8031,8142,8031,8031,46320
2016-02-05,8031,8198,8031,8198,41110
2016-02-15,8031,8142,7975,8086,41340
2016-02-16,8086,8086,7975,8086,79510
2016-02-17,8086,8142,8031,8031,91360
2016-02-18,8031,8365,8031,8309,133790
2016-02-19,8365,8365,8254,8254,52460
2016-02-22,8309,8477,8309,8477,132720
2016-02-23,8588,8700,8533,8588,265520
2016-02-24,8588,8700,8477,8644,61870
2016-02-25,8644,8700,8477,8477,197130
2016-02-26,8477,8588,8421,8421,137910
2016-02-29,8533,8533,8365,8365,140520
2016-03-01,8365,8477,8365,8421,109110
2016-03-02,8421,8811,8421,8811,393160
2016-03-03,8811,8811,8756,8811,86750
2016-03-04,8756,9034,8700,8867,339340
2016-03-07,8867,8923,8756,8811,132110
2016-03-08,8811,8867,8700,8756,107410
2016-03-09,8700,8811,8700,8700,109120
2016-03-10,8700,8811,8700,8811,105310
2016-03-11,8811,8923,8756,8867,210430
2016-03-14,8923,8979,8811,8867,90150
2016-03-15,8867,8867,8756,8867,113840
2016-03-16,8811,8811,8588,8588,298870
2016-03-17,8644,8700,8477,8588,195920
2016-03-18,8588,8644,8533,8588,79290
2016-03-21,8700,8811,8644,8700,177050
2016-03-22,8700,8756,8588,8588,73360
2016-03-23,8644,8700,8588,8700,81460
2016-03-24,8756,8811,8644,8756,166690
2016-03-25,8756,8811,8700,8756,93810
2016-03-28,8811,8811,8700,8700,85470
2016-03-29,8644,8756,8588,8644,101140
2016-03-30,8533,8644,8533,8588,30870
2016-03-31,8588,8644,8421,8421,59990
2016-04-01,8477,8477,8365,8421,76360
2016-04-04,8421,8477,8365,8365,34900
2016-04-05,8365,8477,8365,8477,35210
2016-04-06,8477,8533,8365,8421,33560
2016-04-07,8477,8533,8421,8477,44780
2016-04-08,8477,8588,8421,8533,101900
2016-04-11,8533,8644,8533,8588,96990
2016-04-12,8588,8644,8477,8533,41990
2016-04-13,8477,8588,8421,8477,32250
2016-04-14,8421,8477,8365,8421,65170
2016-04-15,8309,8533,8309,8477,82180
2016-04-19,8477,8477,8254,8254,56650
2016-04-20,8198,8254,8142,8254,49000
2016-04-21,8254,8254,8142,8254,27270
2016-04-22,8142,8309,8142,8254,29540
2016-04-25,8588,8588,8421,8588,135550
2016-04-26,8588,8644,8533,8533,110320
2016-04-27,8477,8588,8421,8477,49610
2016-04-28,8477,8477,8365,8477,40980
2016-04-29,8365,8477,8365,8365,37930
2016-05-04,8365,8811,8365,8644,322850
2016-05-05,8700,8756,8588,8756,341280
2016-05-06,8869,8983,8869,8926,225130
2016-05-09,8926,9040,8812,8926,243600
2016-05-10,8926,8926,8812,8869,125390
2016-05-11,8926,8926,8812,8926,128100
2016-05-12,8869,8926,8756,8812,73160
2016-05-13,8869,8869,8642,8642,113660
2016-05-16,8642,8756,8585,8642,42770
2016-05-17,8585,8756,8585,8756,103450
2016-05-18,8756,8869,8699,8756,41930
2016-05-19,8756,8812,8699,8699,57210
2016-05-20,8642,8812,8642,8756,42320
2016-05-23,8869,9097,8812,9097,803880
2016-05-24,9267,9551,9267,9495,588980
2016-05-25,9495,9551,9438,9551,184200
2016-05-26,9551,9608,9381,9381,279620
2016-05-27,9381,9665,9324,9608,428880
2016-05-30,9665,9722,9608,9722,185160
2016-05-31,9779,9836,9722,9779,156180
2016-06-01,9779,9779,9665,9722,89680
2016-06-02,9722,9722,9665,9722,120220
2016-06-03,9722,10063,9722,10006,303770
2016-06-06,10063,10518,10063,10461,555590
2016-06-07,10632,10916,10575,10859,365940
2016-06-08,10916,10916,10689,10745,283670
2016-06-09,10632,10689,10404,10518,304660
2016-06-10,10575,10689,10461,10689,125150
2016-06-13,10689,10689,10575,10689,123360
2016-06-14,10689,11371,10575,11371,313590
2016-06-15,11485,11485,11257,11314,164120
2016-06-16,11371,11712,11314,11598,118040
2016-06-17,11485,11712,11143,11371,154070
2016-06-20,11826,12167,11826,12167,288080
2016-06-21,12508,12508,12053,12280,264300
2016-06-22,12280,12394,12053,12280,99510
2016-06-23,12167,13076,12167,13076,448580
2016-06-24,13076,13986,12167,13872,877910
2016-06-27,13645,13872,13076,13872,201010
2016-06-28,13531,13759,13418,13531,135670
2016-06-29,13418,14214,13418,14214,299110
2016-06-30,14214,14441,13986,13986,136970
2016-07-01,13986,14214,13872,13986,254340
2016-07-04,14214,14214,13872,14100,204000
2016-07-05,14214,14214,13986,13986,170630
2016-07-06,13872,13986,13645,13986,189000
2016-07-07,14214,14896,13986,14896,452050
2016-07-08,14896,15123,14668,14782,121180
2016-07-11,14668,15464,14668,15009,222850
2016-07-12,15009,15351,14668,15351,183060
2016-07-13,15692,16033,15464,15919,207820
2016-07-14,15919,16374,15805,15919,233920
2016-07-15,15919,16033,15123,15578,278440
2016-07-18,15692,15919,15578,15805,224360
2016-07-19,15919,15919,15464,15919,255690
2016-07-20,15805,15805,15123,15123,280260
2016-07-21,15123,15351,14441,14668,266080
2016-07-22,14555,15351,14100,15351,384670
2016-07-25,15351,15351,14782,15123,67230
2016-07-26,15123,15123,14782,14782,56150
2016-07-27,14782,14896,14668,14782,57150
2016-07-28,14782,15351,14668,15123,120870
2016-07-29,15123,15464,15123,15237,102870
2016-08-01,15237,15351,14782,14782,202820
2016-08-02,14668,14668,14100,14100,160680
2016-08-03,13872,14214,13872,14100,175840
2016-08-04,14668,14782,14441,14668,149850
2016-08-05,14668,15123,14668,15009,156700
2016-08-08,15237,15237,15009,15009,81890
2016-08-09,15009,15237,14896,14896,99040
2016-08-10,14896,15237,14782,15009,154070
2016-08-11,15009,15805,14896,15805,366120
2016-08-12,16260,16260,15578,15578,128800
2016-08-15,15578,16260,15464,16033,293800
2016-08-16,16147,17056,16147,16488,423840
2016-08-17,16943,17625,16715,17511,298740
2016-08-18,17397,17397,17056,17170,173180
2016-08-19,17056,17852,16715,17284,312270
2016-08-22,17284,17625,17056,17170,222720
2016-08-23,17056,17397,16829,17397,208990
2016-08-24,17397,17852,16601,16601,1015770
2016-08-25,16488,16601,16033,16147,480970
2016-08-26,16147,16601,16147,16260,319450
2016-08-29,16260,16488,15578,15578,474240
2016-08-30,15692,16374,15692,16374,240460
2016-08-31,16715,16715,16147,16374,267210
2016-09-01,16488,16488,16147,16260,217600
2016-09-05,16374,16488,16147,16488,150500
2016-09-06,16488,16715,16374,16601,135710
2016-09-07,16488,16601,15919,16374,148920
2016-09-08,16488,16488,16260,16374,144480
2016-09-09,16374,16374,15692,15919,377010
2016-09-12,15919,15919,15260,15351,246870
2016-09-13,15351,15805,15351,15749,93000
2016-09-14,15794,15794,15442,15442,73620
2016-09-15,15419,15419,15055,15055,172940
2016-09-16,15237,15419,15123,15248,151300
2016-09-19,15248,15260,14782,14896,264460
2016-09-20,14896,15237,14896,15180,106800
2016-09-21,15123,15521,15123,15351,130260
2016-09-22,15351,15783,15351,15680,127670
2016-09-23,15692,15805,15419,15578,155140
2016-09-26,15578,15578,15305,15351,160460
2016-09-27,15339,15476,15294,15453,116840
2016-09-28,15453,15692,15351,15635,143310
2016-09-29,15635,16033,15578,15760,231710
2016-09-30,15908,15953,15771,15828,96750
2016-10-03,15999,15999,15760,15794,146180
2016-10-04,15794,15794,15453,15464,193350
2016-10-05,15680,15680,15351,15351,119470
2016-10-06,15339,15692,15328,15442,105360
2016-10-07,15442,15555,15248,15294,105310
2016-10-10,15248,15396,15248,15260,71260
2016-10-11,15396,15396,15123,15396,114380
2016-10-12,15373,15794,15373,15692,123500
2016-10-13,15692,16783,15692,16783,739640
2016-10-14,16874,17284,16783,16829,145960
2016-10-17,16601,16692,16272,16294,210270
2016-10-18,16147,17272,16147,17056,268420
2016-10-19,17261,17386,17068,17090,103920
2016-10-20,17090,17113,16829,17056,143530
2016-10-21,17170,17625,16965,17170,172440
2016-10-24,17272,17272,16545,16545,229130
2016-10-25,16556,16590,16260,16374,159550
2016-10-26,16294,16658,16294,16374,203050
2016-10-27,16476,16658,16476,16658,137950
2016-10-28,16658,16886,16658,16886,118150
2016-10-31,16886,16886,16488,16488,118380
2016-11-01,16260,16738,16260,16715,105610
2016-11-02,16715,16977,16601,16692,104410
2016-11-03,16601,17397,16601,17397,627210
2016-11-04,17397,17682,17170,17227,338550
2016-11-07,17284,17500,17238,17341,34680
2016-11-08,17454,17852,17397,17534,136330
2016-11-09,17318,17625,16715,17625,319730
2016-11-10,18080,18307,17795,17909,233850
2016-11-11,17909,18193,17738,17989,105990
2016-11-14,17852,18296,17852,17852,198830
2016-11-15,17909,17966,17579,17648,162860
2016-11-16,17636,17659,17386,17397,160290
2016-11-17,17511,17932,17397,17682,150580
2016-11-18,17522,17909,17522,17738,69310
2016-11-21,17784,17955,17738,17795,47690
2016-11-22,17750,18694,17750,18694,273000
2016-11-23,18648,18762,18193,18421,241160
2016-11-24,18421,18648,18421,18432,68530
2016-11-25,18443,18648,18193,18534,107770
2016-11-28,18478,18819,18478,18478,286650
2016-11-29,18648,18648,18478,18534,112320
2016-11-30,18534,18762,18421,18762,196420
2016-12-01,18762,19046,18762,18819,249290
2016-12-02,18955,18955,18762,18762,167130
2016-12-05,18648,18648,17852,17852,249980
2016-12-06,17852,18182,17454,17511,298940
2016-12-07,17454,17613,17068,17534,180290
2016-12-08,17841,17841,17454,17625,97210
2016-12-09,17625,17738,17511,17625,81800
2016-12-12,17682,17682,17352,17352,84390
2016-12-13,17306,17454,17181,17352,84180
2016-12-14,17284,17625,17284,17625,71500
2016-12-15,17716,17716,17488,17488,110950
2016-12-16,17397,17545,17341,17443,52320
2016-12-19,17738,18023,16829,17170,1394910
2016-12-20,17056,17579,16954,17579,292650
2016-12-21,17579,17727,17511,17704,156770
2016-12-22,17625,17704,17466,17625,249980
2016-12-23,17636,17716,17568,17602,198200
2016-12-26,17625,18068,17625,18068,280350
2016-12-27,18068,18307,17977,18136,252970
2016-12-28,18136,18136,17977,18102,141150
2016-12-29,18080,18193,17909,18080,319690
2016-12-30,17841,17966,17682,17738,739330
2017-01-03,17738,17852,17625,17818,127640
2017-01-04,17818,17943,17750,17886,75090
2017-01-05,17886,17943,17852,17943,116930
2017-01-06,17932,18068,17852,17943,210050
2017-01-09,17966,17966,17795,17818,126740
2017-01-10,17761,18011,17636,17875,180070
2017-01-11,17909,18193,17909,18193,348450
2017-01-12,18193,18466,18193,18193,205680
2017-01-13,18193,18227,18091,18136,84390
2017-01-16,18080,18193,18023,18023,83590
2017-01-17,17966,18023,17909,17966,106820
2017-01-18,17977,18034,17966,17966,82110
2017-01-19,18080,18080,17909,17909,37760
2017-01-20,17864,18193,17864,18136,74860
2017-01-23,18182,18182,17909,18000,62600
2017-01-24,18000,18080,17966,18080,120870
2017-01-25,18080,18193,18023,18193,82160
2017-02-02,18307,19217,18205,19217,422570
2017-02-03,19217,19433,19001,19103,122970
2017-02-06,19103,19433,18944,19387,249400
2017-02-07,19330,19433,19274,19376,200400
2017-02-08,19330,19376,18989,19194,204010
2017-02-09,19194,19205,18796,18989,249940
2017-02-10,18989,19274,18989,19137,131350
2017-02-13,19217,19774,19217,19694,399340
2017-02-14,19762,19774,19558,19558,113620
2017-02-15,19558,19762,19444,19672,112270
2017-02-16,19637,20240,19637,19672,224120
2017-02-17,19672,19956,19410,19558,438000
2017-02-20,19558,19558,19103,19103,213330
2017-02-21,19103,19330,19103,19160,114080
2017-02-22,19217,19274,18819,18887,203790
2017-02-23,18887,18989,18591,18796,242260
2017-02-24,18546,18876,18421,18876,189820
2017-02-27,19262,19672,19103,19171,338060
2017-02-28,19103,19217,19001,19001,115880
2017-03-01,18989,18989,18864,18932,104490
2017-03-02,18887,19217,18876,18989,100290
2017-03-03,18989,19012,18876,18910,106870
2017-03-06,18989,19046,18876,18910,95580
2017-03-07,18910,19137,18762,19092,116510
2017-03-08,19205,19603,19103,19308,278100
2017-03-09,19308,19330,19183,19217,41170
2017-03-10,19217,19308,19171,19217,54480
2017-03-13,19387,19535,19274,19308,223660
2017-03-14,19330,19558,19330,19558,242660
2017-03-15,19785,19888,19626,19785,357810
2017-03-16,20070,20092,19387,19444,349140
2017-03-17,19444,19603,19217,19524,236840
2017-03-20,19672,19672,19455,19535,91340
2017-03-21,19512,19649,19512,19603,141970
2017-03-22,19524,19558,19217,19239,254390
2017-03-23,19239,19319,19080,19160,175150
2017-03-24,19274,19308,19160,19183,105010
2017-03-27,19183,19330,18853,18876,356790
2017-03-28,18876,19080,18762,18876,131620
2017-03-29,18876,19126,18705,19046,309790
2017-03-30,18898,19183,18898,19160,142470
2017-03-31,19001,19251,19001,19137,62910
2017-04-03,19217,19217,18944,19046,155160
2017-04-04,19046,19046,18887,18932,98080
2017-04-05,18932,19035,18932,18989,57020
2017-04-07,18989,19023,18876,18989,54260
2017-04-10,18989,18989,18876,18887,69450
2017-04-11,18898,19171,18898,19171,88220
2017-04-12,19137,19433,19114,19217,160680
2017-04-13,19274,19410,19274,19330,86350
2017-04-14,19330,19342,19012,19012,126310
2017-04-17,18989,19103,18762,18762,206180
2017-04-18,18762,18762,18330,18534,177340
2017-04-19,18534,18989,18534,18989,98260
2017-04-20,18989,18989,18876,18876,40210
2017-04-21,18876,19035,18876,18932,55150
2017-04-24,18978,19103,18876,18876,150250
2017-04-25,18773,18876,18500,18591,73220
2017-04-26,18591,18910,18591,18660,145010
2017-04-27,18762,18978,18660,18967,76780
2017-04-28,18978,18989,18876,18989,102600
2017-05-03,18876,19274,18876,19171,73610
2017-05-04,19217,19558,19217,19535,225890
2017-05-05,19558,19672,19444,19558,142540
2017-05-08,19558,19592,19319,19433,67420
2017-05-09,19342,19615,19342,19615,199170
2017-05-10,19785,19910,19626,19626,260390
2017-05-11,19672,19842,19558,19672,121850
2017-05-12,19728,19808,19558,19785,183350
2017-05-15,19831,20922,19831,20854,448540
2017-05-16,20865,20865,20479,20547,261360
2017-05-17,20581,20763,20320,20467,185390
2017-05-18,20467,20695,20354,20502,201390
2017-05-19,20524,20661,20502,20638,303350
2017-05-22,21783,21783,20866,20912,695190
2017-05-23,20981,21783,20912,21669,418500
2017-05-24,21783,23182,21783,22677,844050
2017-05-25,22700,23159,22448,22540,419610
2017-05-26,22356,22471,22196,22242,244610
2017-05-29,22242,22425,21600,21600,399320
2017-05-30,21439,21669,21210,21393,358640
2017-05-31,21279,21898,21279,21439,185320
2017-06-01,21439,21967,21439,21967,215340
2017-06-02,22242,22242,21737,21898,124580
2017-06-05,21783,21944,21646,21783,146690
2017-06-06,21783,22127,21669,22058,258430
2017-06-07,22058,22288,21898,22242,359430
2017-06-08,22356,22586,22196,22471,290590
2017-06-09,22471,22632,22242,22311,139610
2017-06-12,22311,22402,22081,22127,120460
2017-06-13,22012,22173,21737,21783,228320
2017-06-14,21783,21898,21669,21898,215100
2017-06-15,21898,22081,21875,21944,166790
2017-06-16,22012,22012,21783,21829,176730
2017-06-19,21783,21875,21737,21806,171770
2017-06-20,21829,22471,21806,22242,420950
2017-06-21,22356,22448,22150,22402,314390
2017-06-22,22402,23159,22402,23159,398150
2017-06-23,23618,24168,23205,23595,596460
2017-06-26,23847,23847,23365,23618,321990
2017-06-27,23618,23618,23159,23228,272110
2017-06-28,22930,23159,22700,23044,1111060
2017-06-29,23044,23388,22953,23159,404540
2017-06-30,23365,23847,23342,23595,519720
2017-07-03,23595,23916,23503,23572,554410
2017-07-04,23457,23962,23434,23732,333370
2017-07-05,23732,23847,23549,23549,247230
2017-07-06,23549,23618,23388,23549,357610
2017-07-07,23526,23709,23526,23618,352070
2017-07-10,23618,23618,22930,23274,317010
2017-07-11,23274,23388,23044,23274,282370
2017-07-12,23274,23526,23159,23503,201330
2017-07-13,23595,23595,23297,23526,162470
2017-07-14,23503,23526,23388,23388,150230
2017-07-17,23388,24053,23388,23663,566470
2017-07-18,23503,23572,23274,23434,156360
2017-07-19,23434,23480,23274,23411,195430
2017-07-20,23388,23388,22930,23044,421830
2017-07-21,23044,23159,22127,22242,744800
2017-07-24,22242,22632,22242,22379,334540
2017-07-25,22471,22655,22425,22609,219850
2017-07-26,22609,23159,22609,22930,218910
2017-07-27,22930,23044,22723,22815,207900
2017-07-28,22815,23159,22815,23159,256490
2017-07-31,23159,23228,22930,23044,230400
2017-08-01,23044,23159,22723,22815,187240
2017-08-02,22746,23044,22723,22815,183370
2017-08-03,22723,23136,22723,22953,327450
2017-08-04,23388,24420,23274,24420,975130
2017-08-07,24764,25200,24558,25039,992150
2017-08-08,24993,25016,24466,24535,401650
2017-08-09,24305,24328,23847,23916,642160
2017-08-10,23618,24214,23618,24122,314170
2017-08-11,24076,24420,24007,24260,357440
2017-08-14,24260,24581,24191,24420,229930
2017-08-15,24420,24879,24420,24604,384890
2017-08-16,24649,24879,24581,24626,266480
2017-08-17,24535,24626,24214,24214,434080
2017-08-18,24214,24489,23962,24214,319960
2017-08-21,24214,24351,24122,24305,278040
2017-08-22,24351,24466,24099,24099,199310
2017-08-23,24099,24191,23824,23847,452770
2017-08-24,23847,24214,23824,24168,444160
2017-08-25,24191,24283,23984,24214,275330
2017-08-28,24260,24283,24099,24283,385200
2017-08-29,24351,24764,24351,24558,509890
2017-08-30,24535,25223,24512,25108,1158810
2017-08-31,25108,25200,25039,25085,361660
2017-09-01,25108,25177,24993,25085,492190
2017-09-05,25085,25108,24764,24764,418240
2017-09-06,24741,24993,24718,24764,268760
2017-09-07,24879,25062,24833,24856,254140
2017-09-08,24879,25177,24879,25108,317800
2017-09-11,25200,25796,25200,25337,829940
2017-09-12,25360,25681,25337,25681,307880
2017-09-13,25888,26438,25888,26254,873330
2017-09-14,26369,26575,26163,26254,383810
2017-09-15,26163,26323,25956,26094,299400
2017-09-18,26025,26346,25911,26186,365170
2017-09-19,26186,26323,25979,26071,384620
2017-09-20,26140,26209,26048,26140,234100
2017-09-21,26140,26346,26140,26163,221340
2017-09-22,26163,26805,26163,26805,879430
2017-09-25,26828,27378,26828,27057,552100
2017-09-26,27057,27263,26828,26851,412600
2017-09-27,26828,26942,26369,26369,465320
2017-09-28,26484,26828,26346,26438,606770
2017-09-29,26598,26759,26553,26667,190250
2017-10-02,26667,27034,26667,26897,300420
2017-10-03,26897,27218,26851,27057,552510
2017-10-04,27057,27355,26988,27057,316560
2017-10-05,27263,27263,26828,26828,339310
2017-10-06,26897,27011,26805,26942,276260
2017-10-09,26965,27286,26965,27286,391870
2017-10-10,27286,28318,27286,28318,847320
2017-10-11,28318,28479,28020,28020,516070
2017-10-12,28181,28318,28066,28203,522850
2017-10-13,28203,28662,28203,28662,539360
2017-10-16,28777,29235,28777,29235,468240
2017-10-17,29121,29350,29006,29258,438880
2017-10-18,29304,29854,29144,29465,789940
2017-10-19,29465,30267,29465,30267,643740
2017-10-20,30496,30909,29189,29235,1759640
2017-10-23,29121,29212,28777,28777,886300
2017-10-24,28639,29350,28639,29350,806950
2017-10-25,29579,30107,29465,30107,586890
2017-10-26,30496,30496,29465,29877,906180
2017-10-27,29832,30038,29648,30038,498290
2017-10-30,30359,30359,29579,29763,586820
2017-10-31,29694,29763,29465,29465,380140
2017-11-01,29556,29556,29006,29098,613970
2017-11-02,29006,29098,27309,27516,1823520
2017-11-03,27516,28777,27516,28777,596960
2017-11-06,28960,29442,28891,29121,407030
2017-11-07,29144,29212,28868,28960,404420
2017-11-08,28960,29350,28960,29350,500630
2017-11-09,29350,29923,29350,29579,963520
2017-11-10,29579,29877,29258,29556,595520
2017-11-13,29556,29556,29189,29350,543700
2017-11-14,29579,30955,29465,30840,2057700
2017-11-15,30840,31322,30611,30611,715210
2017-11-16,30611,31024,30496,30840,589230
2017-11-17,30955,31070,30519,30726,682340
2017-11-20,30726,31299,30588,31299,767100
2017-11-21,31299,31781,31299,31299,965780
2017-11-22,31299,31689,31047,31528,813520
2017-11-23,31643,31781,31184,31368,680450
2017-11-24,31253,31414,31093,31322,540170
2017-11-27,31345,31482,30153,30496,1430020
2017-11-28,30451,30795,30107,30405,493330
2017-11-29,30496,30886,30428,30840,380520
2017-11-30,31047,31070,30749,30955,453750
2017-12-01,30863,31184,30726,31161,437480
2017-12-04,31070,31391,30978,31230,552520
2017-12-05,31230,31299,30428,30428,481740
2017-12-06,30405,30474,29602,29740,1041660
2017-12-07,30038,30107,29510,29510,529330
2017-12-08,29510,29854,29396,29579,370230
2017-12-11,29121,29533,28960,29167,565050
2017-12-12,29189,29556,28203,29006,788930
2017-12-13,29006,29212,28456,28456,425000
2017-12-14,28433,29694,28433,29694,512900
2017-12-15,29717,30382,29625,30267,410030
2017-12-18,30267,30588,30175,30267,386750
2017-12-19,30267,30795,30061,30726,710570
2017-12-20,30726,30726,30267,30496,607890
2017-12-21,29809,30267,29694,29694,891390
2017-12-22,29694,30382,29602,30267,462180
2017-12-25,30198,30267,29877,30038,422830
2017-12-26,30038,30428,30038,30267,314940
2017-12-27,30267,30336,29694,29809,601920
2017-12-28,29809,30153,29809,29992,843070
2017-12-29,30015,30542,29992,30038,2556830
2018-01-02,30038,30382,30038,30267,566400
2018-01-03,30313,31001,30267,30863,1132510
2018-01-04,30749,31047,30726,30932,678710
2018-01-05,30955,30955,30451,30588,733030
2018-01-08,30382,30496,30038,30107,752020
2018-01-09,30107,30267,29786,30153,854350
2018-01-10,30153,30496,30038,30428,726350
2018-01-11,30153,30382,30153,30244,432890
2018-01-12,30244,30244,29832,29854,761010
2018-01-15,29854,29946,29809,29923,426390
2018-01-16,29946,30153,29809,30015,502050
2018-01-17,29946,30015,29350,29350,699560
2018-01-18,29235,29694,28891,29694,472240
2018-01-19,29694,29694,29098,29235,374620
2018-01-22,29258,30153,29189,29465,328910
2018-01-23,29465,29465,29465,29465,0
2018-01-24,29465,29465,29465,29465,0
2018-01-25,29579,29923,29144,29579,735390
2018-01-26,29694,29763,29167,29167,282470
2018-01-29,29167,29167,27814,28387,1019580
2018-01-30,28662,29098,28364,28868,429120
2018-01-31,28868,28868,28433,28777,418280
2018-02-01,28662,30772,28364,30772,467000
2018-02-02,29694,29809,29029,29029,852600
2018-02-05,28891,28891,27974,28318,695700
2018-02-06,27516,27630,26484,27286,1006780
2018-02-07,27951,28181,27630,27630,458750
2018-02-08,27860,27860,26942,27218,331600
2018-02-09,26369,26369,25452,25681,895800
2018-02-12,26369,26369,25567,26117,570900
2018-02-13,26140,27630,26140,27516,192920
2018-02-21,27745,28272,27745,28203,200190
2018-02-22,27974,28181,27286,27286,303130
2018-02-23,27401,27539,27309,27470,207380
2018-02-26,27516,28089,27470,27745,478400
2018-02-27,27974,28891,27516,28891,746580
2018-02-28,28662,28777,28318,28433,351460
2018-03-01,28203,28433,27860,28089,277590
2018-03-02,27745,27928,27447,27860,690310
2018-03-05,27974,28066,27355,27401,768540
2018-03-06,27401,27424,26369,26828,609300
2018-03-07,26598,26598,26071,26163,619200
2018-03-08,26186,26598,26186,26392,243880
2018-03-09,26598,26713,26369,26621,244020
2018-03-12,26621,27011,26621,26828,192120
2018-03-13,26828,26851,26484,26598,219390
2018-03-14,26828,26988,26369,26369,250220
2018-03-15,26369,26369,26025,26025,349720
2018-03-16,26598,26598,25452,26002,481790
2018-03-19,26713,27057,26598,26828,527170
2018-03-20,26988,27745,26851,27516,673160
2018-03-21,27974,28135,27516,27516,433980
2018-03-22,27516,27882,27057,27080,293790
2018-03-23,26369,27057,26163,26644,278400
2018-03-26,26369,27149,26369,26369,224100
2018-03-27,26369,26690,26140,26140,341730
2018-03-28,26140,26346,25956,25956,314920
2018-03-29,26140,26254,25635,25933,351580
2018-03-30,25911,26117,25865,25865,183280
2018-04-02,25865,25933,25223,25246,767210
2018-04-03,25246,25246,23618,23618,1076000
2018-04-04,23618,24466,23618,24053,511510
2018-04-05,24191,24718,24168,24168,215460
2018-04-06,24168,24649,24030,24145,265350
2018-04-09,24260,24305,23686,23709,306530
2018-04-10,23709,23732,23159,23159,506380
2018-04-11,23159,23503,22884,22884,525250
2018-04-12,22930,23732,22884,23732,495810
2018-04-13,24076,24168,23847,24168,542420
2018-04-16,24305,24420,24076,24305,343280
2018-04-17,24351,24420,24076,24122,244320
2018-04-18,24076,24122,23618,23618,206100
2018-04-19,23709,23709,22471,22471,314620
2018-04-20,22930,23411,22700,23411,338220
2018-04-23,24076,24947,24053,24535,685820
2018-04-24,24534,24860,24418,24581,220980
2018-04-26,24534,24651,23395,23441,338620
2018-04-27,23488,23953,23023,23720,330400
2018-05-02,23720,24651,23604,23604,254610
2018-05-03,23720,23720,23302,23627,258960
2018-05-04,23720,23953,23558,23604,184450
2018-05-07,23604,25139,23604,25116,597020
2018-05-08,25302,25302,24465,24558,297750
2018-05-09,24418,24883,24371,24627,262950
2018-05-10,24534,24627,23255,23255,530300
2018-05-11,23232,23953,23232,23953,310160
2018-05-14,24185,24534,23860,24418,273900
2018-05-15,24418,24999,24302,24837,474040
2018-05-16,24651,24837,24325,24418,201990
2018-05-17,24302,24511,23999,23999,309370
2018-05-18,23953,24651,23744,24651,301160
2018-05-21,25348,26046,25116,25651,1188460
2018-05-22,25604,25674,24813,25348,423890
2018-05-23,25348,26278,25046,26278,872610
2018-05-24,26488,26697,26092,26441,681070
2018-05-25,26418,26511,25581,25581,611380
2018-05-28,25116,25348,23790,23790,1155930
2018-05-29,23790,24883,23488,24418,551780
2018-05-30,24418,24651,23790,23953,440950
2018-05-31,23953,24697,23790,24697,340200
2018-06-01,24651,25348,24325,25348,607160
2018-06-04,25348,25930,25116,25348,528750
2018-06-05,25348,25860,25232,25790,550980
2018-06-06,25813,27557,25790,27557,1622250
2018-06-07,27534,27627,26999,27069,586210
2018-06-08,26976,28348,26860,28139,1050630
2018-06-11,27790,28837,27627,28534,863640
2018-06-12,27976,28255,27116,27930,1008440
2018-06-13,28139,28557,27930,28511,697380
2018-06-14,28371,29302,28371,28604,790730
2018-06-15,28604,28999,28185,28790,481440
2018-06-18,28813,29185,27441,27441,1070590
2018-06-19,26860,27302,25534,26744,1911210
2018-06-20,26767,27185,26511,26930,411110
2018-06-21,27139,27325,26511,26511,516060
2018-06-22,26511,27185,26116,27185,476580
2018-06-25,27906,28581,27906,28116,705100
2018-06-26,27744,28092,27395,27906,441230
2018-06-27,27906,28418,27441,27441,817170
2018-06-28,27116,27418,26534,26674,638030
2018-06-29,26744,27092,26511,26511,491140
2018-07-02,26278,26278,24883,24883,1026590
2018-07-03,24906,25232,23278,23278,1075280
2018-07-04,23674,24302,23162,24302,779570
2018-07-05,24302,24418,23255,23651,558520
2018-07-06,23720,25116,23325,24767,567910
2018-07-09,24883,25232,24185,24418,328540
2018-07-10,24325,24767,24185,24395,301970
2018-07-11,23720,24185,23255,23488,488530
2018-07-12,23302,24418,23302,23720,286890
2018-07-13,24278,24627,23976,24418,325760
2018-07-16,24744,25302,24651,24930,401950
2018-07-17,24883,26046,24581,26046,824160
2018-07-18,26046,26464,25906,26278,460950
2018-07-19,26464,26976,26046,26813,862370
2018-07-20,26511,26511,25837,26395,928360
2018-07-23,26278,27092,26255,26488,763720
2018-07-24,26348,26674,25837,26139,511920
2018-07-25,26139,26418,25697,25697,499320
2018-07-26,25697,26023,25116,25581,435230
2018-07-27,25581,26511,25581,26464,701950
2018-07-30,26488,26976,26488,26976,596030
2018-07-31,27092,27325,26860,27162,568610
2018-08-01,27325,27348,26395,26418,627780
2018-08-02,26255,26464,25953,26464,613430
2018-08-03,26511,26790,26162,26162,447190
2018-08-06,26162,26278,25813,25813,363260
2018-08-07,25813,26069,25581,25813,435930
2018-08-08,25813,26604,25813,26488,340650
2018-08-09,26511,26790,26418,26604,431240
2018-08-10,26604,26953,26488,26837,684860
2018-08-13,26744,26744,26441,26557,422090
2018-08-14,26744,27418,26744,27371,1034100
2018-08-15,27441,27813,26930,26976,785450
2018-08-16,26790,27650,26767,27650,801100
2018-08-17,27790,28023,27464,27464,647260
2018-08-20,27557,28209,27464,28139,812330
2018-08-21,28139,28488,28092,28371,612430
2018-08-22,28488,28488,28069,28302,423640
2018-08-23,28302,28371,28092,28348,461070
2018-08-24,28232,28325,27906,28139,569900
2018-08-27,28209,28860,28092,28697,709210
2018-08-28,28837,28837,28441,28604,628850
2018-08-29,28604,28720,28395,28441,241030
2018-08-30,28441,28697,28371,28604,459170
2018-08-31,28767,28767,27906,27906,722760
2018-09-04,27906,28116,27534,27534,698900
2018-09-05,27534,27674,26976,27046,749310
2018-09-06,27302,27371,27046,27069,535920
2018-09-07,26999,27418,26999,27278,285090
2018-09-10,27278,27534,27209,27302,364420
2018-09-11,27488,28023,27302,28023,688570
2018-09-12,28139,28441,28092,28116,699630
2018-09-13,28139,28604,28092,28255,662640
2018-09-14,28371,28557,28278,28371,261860
2018-09-17,28255,28371,27906,28023,409860
2018-09-18,27883,28371,27674,28371,327290
2018-09-19,28604,28604,28092,28348,368460
2018-09-20,28348,28488,28162,28255,323370
2018-09-21,28348,29302,28255,29302,1257670
2018-09-24,29302,29650,29302,29464,572820
2018-09-25,29464,29464,29185,29371,498320
2018-09-26,29302,29488,29069,29069,650080
2018-09-27,29139,29767,28883,29767,770310
2018-09-28,29883,30209,29581,29581,642710
2018-10-01,29534,29743,29441,29534,489970
2018-10-02,29534,29836,29464,29534,486880
2018-10-03,29511,29790,29464,29790,473490
2018-10-04,29836,30232,29836,29976,467720
2018-10-05,29999,30232,29418,29418,605250
2018-10-08,29418,29999,29371,29767,660700
2018-10-09,29790,30371,29790,30116,823360
2018-10-10,30232,30464,30069,30464,576480
2018-10-11,29999,29999,28953,28953,1579640
2018-10-12,28860,29650,28860,29650,617790
2018-10-15,29674,29674,29069,29185,803450
2018-10-16,29069,29627,29069,29627,298340
2018-10-17,29767,30116,29674,29767,360430
2018-10-18,29836,29883,29371,29418,389170
2018-10-19,29185,29371,28930,29092,467910
2018-10-22,29302,29395,28999,28999,271340
2018-10-23,28837,28837,27441,27790,832020
2018-10-24,27790,28162,27092,27092,508800
2018-10-25,25697,26860,25697,26278,590330
2018-10-26,26744,26790,25116,25116,849040
2018-10-29,25116,25441,24325,24348,941930
2018-10-30,24418,25255,24348,24906,580920
2018-10-31,25139,26232,25139,26232,383980
2018-11-01,26278,26395,25581,25697,499610
2018-11-02,26255,26395,25813,26162,504810
2018-11-05,25906,26023,25464,25906,293080
2018-11-06,26162,26162,25697,25906,218730
2018-11-07,26162,26371,25813,26046,643430
2018-11-08,25813,26046,25185,25581,604530
2018-11-09,25581,26046,24651,24651,477280
2018-11-12,24651,25697,24651,25581,304040
2018-11-13,25162,25348,24999,25046,317270
2018-11-14,25092,25395,24953,24953,158520
2018-11-15,25116,25418,24883,24883,292820
2018-11-16,25116,25581,24883,24930,631250
2018-11-19,25488,26263,25488,26263,674870
2018-11-20,26263,26263,25984,26139,205300
2018-11-21,25798,26356,25798,26294,342490
2018-11-22,26604,26790,26542,26604,284960
2018-11-23,26604,26666,26046,26046,275770
2018-11-26,26046,26542,26046,26356,243680
2018-11-27,26511,26573,26139,26170,170510
2018-11-28,26201,26325,26108,26232,177110
2018-11-29,26356,26511,26201,26356,301730
2018-11-30,26232,26387,26046,26201,319650
2018-12-03,26511,27286,26356,27286,881770
2018-12-04,27441,27503,27193,27286,350360
2018-12-05,27069,27689,26945,27534,391320
2018-12-06,27286,27751,27131,27255,485380
2018-12-07,27255,27596,27255,27472,498460
2018-12-10,27472,27472,27193,27286,381370
2018-12-11,27286,27410,27131,27224,362460
2018-12-12,27286,28030,27286,27751,483230
2018-12-13,27937,27937,27534,27596,442940
2018-12-14,27534,27534,27224,27255,666410
2018-12-17,26976,27131,26356,26356,944150
2018-12-18,25736,26449,25736,26449,771090
2018-12-19,26511,26635,26232,26604,370690
2018-12-20,26356,26604,26263,26511,342770
2018-12-21,26356,27100,26015,26976,926110
2018-12-24,26976,27131,26821,26821,318090
2018-12-25,26356,26759,26077,26480,554610
2018-12-26,26604,26759,26418,26480,342390
2018-12-27,26945,26976,26573,26790,662910
2018-12-28,26790,26976,26232,26976,1051360
2019-01-02,26976,26976,26511,26511,351730
2019-01-03,26511,26573,25736,25736,703060
2019-01-04,25736,25953,25426,25922,432170
2019-01-07,26046,26511,25984,26356,398000
2019-01-08,26356,26356,26046,26046,172180
2019-01-09,26046,26573,26046,26480,440950
2019-01-10,26480,26666,26263,26666,285290
2019-01-11,26666,26666,26356,26356,360780
2019-01-14,26356,26356,26046,26356,454580
2019-01-15,26356,26573,26139,26573,871010
2019-01-16,26511,26914,26449,26449,1761330
2019-01-17,26666,26666,26418,26449,457130
2019-01-18,26418,26511,26170,26170,195210
2019-01-21,26170,26232,25891,25953,440920
2019-01-22,25984,26201,25953,25984,141590
2019-01-23,25984,26046,25891,25922,176570
2019-01-24,25922,26015,25829,25922,147770
2019-01-25,25922,26015,25798,25798,223510
2019-01-28,25798,26108,25798,25922,270250
2019-01-29,25922,26511,25705,26511,461840
2019-01-30,26201,26294,25922,25922,263110
2019-01-31,26046,26201,25736,25736,206030
2019-02-01,25953,26108,25705,25736,420360
2019-02-11,25891,26232,25891,26232,355460
2019-02-12,26232,26449,26232,26232,343450
2019-02-13,26232,26728,26232,26728,1212540
2019-02-14,26728,26790,26511,26573,668840
2019-02-15,26573,26759,26449,26697,717740
2019-02-18,26821,26852,26635,26697,455150
2019-02-19,26697,27193,26697,26976,1911250
2019-02-20,26976,27162,26945,27007,592890
2019-02-21,27007,27255,27007,27255,781820
2019-02-22,27193,27813,27007,27596,1190030
2019-02-25,27906,28278,27751,27782,1273860
2019-02-26,27844,27844,27348,27441,797730
2019-02-27,27565,27720,27224,27348,575710
2019-02-28,27348,27503,26914,26914,1160450
2019-03-01,27162,27255,26976,27131,431190
2019-03-04,27441,27720,27069,27596,769420
2019-03-05,27596,27906,27224,27224,706580
2019-03-06,27286,27379,27069,27317,536430
2019-03-07,27441,27441,27162,27193,458460
2019-03-08,26976,27100,26790,26852,830580
2019-03-11,27069,27255,26945,27100,358070
2019-03-12,27286,27441,27224,27441,667370
2019-03-13,27441,27906,27441,27720,1079120
2019-03-14,27751,27751,27441,27472,479400
2019-03-15,27596,27689,27379,27472,456820
2019-03-18,27472,27689,27441,27658,722860
2019-03-19,27689,28216,27565,27627,1161490
2019-03-20,27441,27689,27286,27441,431600
2019-03-21,27441,27627,27255,27255,706020
2019-03-22,27255,27317,26976,27038,671770
2019-03-25,26821,26821,25984,25984,1163400
2019-03-26,26356,26418,26015,26077,588520
2019-03-27,26201,26325,26170,26170,207810
2019-03-28,26201,26263,26077,26170,352840
2019-03-29,26232,26418,26201,26294,285550
2019-04-01,26294,26387,26046,26077,484640
2019-04-02,26325,26387,26077,26077,287660
2019-04-03,26201,26201,25953,25984,235540
2019-04-04,25984,26139,25860,25891,317500
2019-04-05,25612,26139,25612,26077,354560
2019-04-08,26201,26201,25891,26046,186580
2019-04-09,26046,26077,25798,25953,275970
2019-04-10,25860,25922,25488,25674,401860
2019-04-11,25581,25767,25488,25581,222580
2019-04-12,25581,25674,25395,25581,349720
2019-04-16,25364,25488,25240,25333,454000
2019-04-17,25333,25457,25240,25364,343330
2019-04-18,25364,25426,24992,25240,378380
2019-04-19,25271,25519,25240,25488,242750
2019-04-22,25612,25860,25581,25736,359660
2019-04-23,25736,25798,25550,25674,205300
2019-04-24,25674,25860,25643,25736,318360
2019-04-25,25829,26046,25736,25891,273010
2019-04-26,25891,26356,25829,26325,729640
2019-05-02,26449,26790,26449,26666,558270
2019-05-03,26666,26666,26387,26635,383610
2019-05-06,26356,26356,25891,25984,406200
2019-05-07,26077,26201,25891,26015,292510
2019-05-08,25736,26015,25581,25891,339560
2019-05-09,25860,26201,25829,26077,381100
2019-05-10,26077,26387,26046,26356,343700
2019-05-13,26325,26480,26046,26418,266140
2019-05-14,26356,26573,26232,26511,511320
2019-05-15,26635,27069,26604,26976,772070
2019-05-16,26976,27100,26666,26666,341020
2019-05-17,26666,26976,26666,26821,298530
2019-05-20,26883,27472,26883,27379,899010
2019-05-21,27410,27627,27255,27348,943500
2019-05-22,27441,27751,27348,27441,673140
2019-05-23,27755,27755,27440,27629,575790
2019-05-24,27503,28165,27408,27976,1173580
2019-05-27,27913,28008,27534,27661,539410
2019-05-28,27598,27881,27598,27818,511870
2019-05-29,27818,27913,27566,27598,910660
2019-05-30,27598,27755,27471,27629,394320
2019-05-31,27629,27661,27124,27156,626570
2019-06-03,27124,27124,26525,26809,549540
2019-06-04,26935,27124,26683,27124,224080
2019-06-05,27314,27534,27282,27314,290690
2019-06-06,27440,27440,27124,27282,383430
2019-06-07,27345,27850,27345,27850,656210
2019-06-10,27881,28228,27850,27944,726010
2019-06-11,28071,28544,28039,28260,1050580
2019-06-12,28386,28701,28228,28607,948660
2019-06-13,28638,28638,28134,28197,762860
2019-06-14,28323,28323,28039,28102,645930
2019-06-17,28071,28134,27598,27692,767010
2019-06-18,27724,27881,27661,27850,409820
2019-06-19,28071,28228,27881,27944,378510
2019-06-20,28071,28891,28008,28607,1146920
2019-06-21,28638,28985,28638,28701,516880
2019-06-24,28985,29175,28607,28828,774060
2019-06-25,28828,28954,28575,28954,489060
2019-06-26,28954,29427,28764,29269,761460
2019-06-27,29048,29269,28638,28701,761170
2019-06-28,28764,29269,28638,29269,714920
2019-07-01,29490,29900,29427,29868,938140
2019-07-02,29931,30215,29774,30121,1129010
2019-07-03,29995,30278,29963,30152,855880
2019-07-04,30278,30468,30089,30121,648430
2019-07-05,30026,30184,29931,30089,618980
2019-07-08,29963,30058,29679,29742,716580
2019-07-09,29837,30594,29616,30594,962970
2019-07-10,30688,31382,30688,31035,1046150
2019-07-11,31067,31319,30909,30909,703060
2019-07-12,30909,31288,30625,30941,708120
2019-07-15,31162,32171,30941,31918,1558100
2019-07-16,31918,32392,31855,32234,716650
2019-07-17,32234,32360,32013,32045,598590
2019-07-18,32013,32770,31824,32770,1109730
2019-07-19,32959,33432,32802,33401,1097520
2019-07-22,33432,33906,33180,33590,859840
2019-07-23,33590,34347,33527,34347,897670
2019-07-24,34379,34599,33874,33874,778010
2019-07-25,33874,34221,33590,34032,918260
2019-07-26,34063,34221,33369,33653,1174450
2019-07-29,33811,33811,32770,33432,1919130
2019-07-30,33275,33748,32707,32707,1014250
2019-07-31,32549,33748,32549,33685,684050
2019-08-01,33527,34221,33306,34221,875760
2019-08-02,33906,34221,33748,34063,799720
2019-08-05,34063,35136,33969,34536,1309220
2019-08-06,33716,34946,33716,34694,990630
2019-08-07,34694,36019,34694,35956,1280730
2019-08-08,36113,36271,35546,35640,862840
2019-08-09,35766,36555,35609,36555,673570
2019-08-12,36555,37217,36145,36902,714330
2019-08-13,36744,37343,36271,37154,911770
2019-08-14,37406,37690,37280,37501,726650
2019-08-15,37154,37848,36839,37848,926680
2019-08-16,38100,38605,36996,36996,1469190
2019-08-19,37154,37470,36366,37186,1147930
2019-08-20,37280,37848,37217,37848,539450
2019-08-21,37848,38447,37627,37943,817580
2019-08-22,38006,38006,37060,37060,1036330
2019-08-23,37060,37217,36271,36744,1033040
2019-08-26,36334,37186,36334,36713,1035590
2019-08-27,36996,37060,35167,35956,1894440
2019-08-28,35956,35956,35419,35893,598140
2019-08-29,35893,36271,35672,36271,339460
2019-08-30,36271,36965,36271,36870,646070
2019-09-03,36996,37312,36902,37091,672220
2019-09-04,37091,37343,36965,37186,478350
2019-09-05,37217,37217,36271,36650,873420
2019-09-06,36650,37028,36334,36902,446190
2019-09-09,36744,37060,36618,36618,268270
2019-09-10,36902,36902,36113,36239,526620
2019-09-11,36208,36303,35546,36303,699470
2019-09-12,36555,36965,36208,36839,849030
2019-09-13,37060,38605,37060,38605,2604620
2019-09-16,38700,39362,38668,38952,1105630
2019-09-17,38920,38952,38479,38920,433580
2019-09-18,38826,39267,38353,38479,837380
2019-09-19,38637,39488,38384,39488,535580
2019-09-20,39709,40308,39110,39898,626230
2019-09-23,39740,40056,38952,39110,706560
2019-09-24,38700,39299,38479,38479,796020
2019-09-25,38510,39583,38321,39583,640200
2019-09-26,39709,39898,39267,39740,454270
2019-09-27,39898,40624,39740,40371,1283330
2019-09-30,40687,40844,39740,39772,678780
2019-10-01,39772,40308,39772,40214,581240
2019-10-02,40214,40277,39488,39488,697640
2019-10-03,39141,39488,39110,39457,905190
2019-10-04,39677,39677,38794,38794,612110
2019-10-07,38794,39015,38163,38163,868850
2019-10-08,38163,38794,38037,38794,617490
2019-10-09,38920,39078,38668,38983,258380
2019-10-10,38983,39204,38700,38983,309090
2019-10-11,39015,39047,38700,38920,226390
2019-10-14,38952,39583,38794,39330,557790
2019-10-15,39330,39709,39267,39583,330130
2019-10-16,39740,39898,39425,39457,332150
2019-10-17,39425,39425,38700,38763,752150
2019-10-18,38889,38983,38573,38763,340930
2019-10-21,38952,39078,38479,38763,420540
2019-10-22,38794,38826,38416,38826,283110
2019-10-23,38637,39236,38510,38857,267910
2019-10-24,38857,40214,38857,40214,1551290
2019-10-25,40308,40371,39993,40340,619560
2019-10-28,40371,40718,40182,40245,791430
2019-10-29,40245,40497,40056,40056,451930
2019-10-30,39835,39961,39299,39393,1273880
2019-10-31,39393,39740,39299,39299,547280
2019-11-01,39299,39677,38731,39488,804110
2019-11-04,39551,39930,38983,39772,1419590
2019-11-05,39930,39993,39583,39614,694310
2019-11-06,39614,39646,39173,39299,675510
2019-11-07,39520,39709,39330,39520,454070
2019-11-08,39551,39551,38920,39299,791810
2019-11-11,39362,39362,38447,38447,1074710
2019-11-12,38447,38731,38290,38573,535490
2019-11-13,38573,38700,37533,37816,1487180
2019-11-14,37816,38069,36586,36839,1564490
2019-11-15,36902,37375,36839,37375,477380
2019-11-18,37406,37690,37060,37154,342430
2019-11-19,37217,37533,37123,37533,297210
2019-11-20,37533,37533,36807,36933,352350
2019-11-21,36902,36902,35798,35798,1214570
2019-11-22,36271,36271,34946,35325,871800
2019-11-25,35546,35577,34095,35325,619110
2019-11-26,35766,35956,35546,35798,587670
2019-11-27,35861,36019,35609,35703,255150
2019-11-28,35073,35388,34347,34379,1280490
2019-11-29,34379,34379,33622,34379,913420
2019-12-02,34505,34631,34189,34189,642170
2019-12-03,34063,34505,33685,34442,593720
2019-12-04,34379,35640,34252,35640,574630
2019-12-05,35703,35798,34883,34883,544700
2019-12-06,34883,35009,34694,34946,468980
2019-12-09,34946,35199,34694,34978,526010
2019-12-10,34978,35136,34694,35009,412000
2019-12-11,34852,35640,34789,35640,314710
2019-12-12,35640,35798,35546,35766,366190
2019-12-13,35798,36176,35419,35640,467610
2019-12-16,35325,35703,35167,35703,444410
2019-12-17,35893,36113,35672,35735,448230
2019-12-18,35672,35829,34599,34694,1148130
2019-12-19,34631,34946,34221,34694,379310
2019-12-20,34946,35262,34757,34915,356760
2019-12-23,35230,35388,35009,35009,425780
2019-12-24,35073,35262,34883,35104,374750
2019-12-25,35199,35924,35104,35924,547470
2019-12-26,35924,35924,35356,35735,615240
2019-12-27,35640,35798,35483,35798,488240
2019-12-30,35798,36113,35703,35956,616460
2019-12-31,35956,36239,35956,35956,604050
2020-01-02,35956,36902,35861,36902,716290
2020-01-03,36902,37123,36334,36366,791020
2020-01-06,36208,36397,35956,36176,389250
2020-01-07,36176,36460,35735,36460,648230
2020-01-08,35956,36271,35577,35577,742390
2020-01-09,35924,36271,35766,36113,318070
2020-01-10,36145,36460,36050,36303,412180
2020-01-13,36113,36366,35987,36113,288240
2020-01-14,36208,36208,35893,35924,320810
2020-01-15,35924,36019,35861,35956,293160
2020-01-16,35956,36586,35924,36397,521080
2020-01-17,36397,36650,36397,36618,435030
2020-01-20,36429,37406,36429,37406,1463940
2020-01-21,37406,38006,37343,37848,692200
2020-01-22,37722,37880,37375,37596,460240
2020-01-30,36586,36933,35640,35956,1315710
2020-01-31,35640,36145,34852,34946,1434750
2020-02-03,34126,34662,32802,34316,1949930
2020-02-04,34379,34852,33559,34032,905300
2020-02-05,34063,34599,34063,34063,805800
2020-02-06,34063,34789,34063,34536,785620
2020-02-07,34473,34473,34000,34284,628350
2020-02-10,33590,33906,33369,33369,702790
2020-02-11,33432,33685,33432,33590,396130
2020-02-12,33653,34505,33653,34379,569230
2020-02-13,34032,34379,34032,34063,412040
2020-02-14,33748,33969,33401,33779,415290
2020-02-17,33811,33906,33496,33906,384490
2020-02-18,33906,34410,33748,34347,568750
2020-02-19,34505,34852,34347,34852,672440
2020-02-20,35009,35136,34757,34883,451760
2020-02-21,34883,35325,34631,34883,901890
2020-02-24,34063,34347,33338,33496,1556120
2020-02-25,33180,33748,33180,33748,692650
2020-02-26,33432,34032,33275,33496,1083030
2020-02-27,33496,34189,33496,34189,2144240
2020-02-28,33432,33811,32959,33590,1295250
2020-03-02,33590,33811,33401,33590,474160
2020-03-03,34000,34000,33527,33559,679500
2020-03-04,33401,33432,32991,33432,680740
2020-03-05,33432,33622,32959,33275,673150
2020-03-06,32928,33054,31982,32518,827890
2020-03-09,30247,31067,30247,30247,1051190
2020-03-10,28670,29963,28449,29616,1429660
2020-03-11,29805,29805,27566,27566,1584730
2020-03-12,25642,25642,25642,25642,527930
2020-03-13,23876,27124,23876,24917,3610700
2020-03-16,24286,24980,23340,23970,1526810
2020-03-17,22867,24601,22583,24380,1252010
2020-03-18,24538,25390,24286,24854,1406630
2020-03-19,24286,24507,23529,23844,1132320
2020-03-20,23907,24349,23623,24349,1095330
2020-03-23,23087,23655,22646,22646,1361560
2020-03-24,22646,22646,21069,21700,1567590
2020-03-25,22078,23024,21763,23024,1417730
2020-03-26,22803,22803,21447,21447,2123850
2020-03-27,20596,20816,19965,19965,2498890
2020-03-30,18577,20501,18577,18766,1861200
2020-03-31,19239,19776,17757,18577,1868280
2020-04-01,18514,19618,18419,19302,1604700
2020-04-03,19839,20627,19649,20627,1653030
2020-04-06,22046,22046,22046,22046,486160
2020-04-07,23560,23560,22362,23529,5818790
2020-04-08,22961,23529,22551,23340,2044140
2020-04-09,23655,23750,23024,23024,1610080
2020-04-10,22583,22993,22267,22614,1235340
2020-04-13,22709,24191,22709,23655,2206590
2020-04-14,23718,23907,23150,23592,1035610
2020-04-15,23970,24664,23844,24223,1555700
2020-04-16,23970,24286,23781,24254,1460130
2020-04-17,24570,25863,24444,25863,2474360
2020-04-20,26494,26841,25957,26588,2181870
2020-04-21,25894,26304,24790,25043,2583970
2020-04-22,24317,26178,24317,25863,1796100
2020-04-23,26809,26809,25863,26336,1345230
2020-04-24,26336,26336,25610,26178,1028080
2020-04-27,26462,26462,25610,25926,1120700
2020-04-28,25705,25831,25358,25516,899940
2020-04-29,25516,25957,24917,25768,1175430
2020-05-04,25705,25705,25043,25043,917320
2020-05-05,25169,25421,24854,25011,522280
2020-05-06,25232,25610,24917,25610,846520
2020-05-07,25800,26052,25705,26052,1207270
2020-05-08,26178,27093,26178,26431,2361840
2020-05-11,26494,26998,26431,26809,1257030
2020-05-12,26746,26746,26021,26273,1938080
2020-05-13,25863,26525,25579,26462,1673920
2020-05-14,25863,26431,25863,26178,1040460
2020-05-15,26241,26431,25863,25894,1106330
2020-05-18,25863,26998,25863,26967,2183740
2020-05-19,27598,27661,27282,27503,1674810
2020-05-20,27156,27345,27030,27282,1101050
2020-05-21,27314,27850,27187,27440,1539610
2020-05-22,27440,27471,26809,26809,1475820
2020-05-25,26809,27440,26557,27156,1135520
2020-05-26,27187,27377,26998,27282,1175440
2020-05-27,27408,27566,26746,26746,1320900
2020-05-28,26809,27030,26651,26714,950520
2020-05-29,26683,26809,26525,26683,849500
2020-06-01,26683,27156,26683,27124,819630
2020-06-02,27156,27377,26904,26904,1110350
2020-06-03,26967,27061,26872,26935,861720
2020-06-04,26998,27440,26904,26967,1014100
2020-06-05,26967,27187,26841,27156,744280
2020-06-08,27598,28796,27377,28418,3691120
2020-06-09,28638,28638,27944,27976,1115180
2020-06-10,27913,28386,27471,28197,1009890
2020-06-11,28228,28228,26241,26241,2775660
2020-06-12,25926,27124,25547,27124,2515300
2020-06-15,27061,27061,25831,26021,1132400
2020-06-16,26494,26683,26241,26620,704020
2020-06-17,26777,26777,26178,26431,770150
2020-06-18,26178,26431,26147,26431,360010
2020-06-19,26494,26967,26399,26651,859830
2020-06-22,27093,27377,26683,27093,941430
2020-06-23,27093,27251,26904,26904,801600
2020-06-24,26967,27219,26494,26809,715470
2020-06-25,26494,26651,26336,26367,783410
2020-06-26,26494,26714,26304,26557,449460
2020-06-29,26210,26336,25516,25705,1096590
2020-06-30,25957,26021,25232,25484,744080
2020-07-01,25484,25863,25484,25863,311490
2020-07-02,25737,25957,25547,25800,327720
2020-07-03,25800,25831,25674,25768,356420
2020-07-06,25863,26431,25800,26336,620180
2020-07-07,26462,26714,26399,26399,621630
2020-07-08,26399,26494,26147,26367,285150
2020-07-09,26367,26588,26336,26494,521490
2020-07-10,26462,26494,26115,26147,564660
2020-07-13,26241,26399,25989,26115,403750
2020-07-14,26115,26147,25926,26147,365780
2020-07-15,26304,26777,26210,26683,1049820
2020-07-16,26651,26746,26494,26746,495500
2020-07-17,26714,26746,26494,26494,379820
2020-07-20,26462,26494,26241,26273,253640
2020-07-21,26273,26431,26178,26399,413460
2020-07-22,26462,26494,26084,26241,363710
2020-07-23,26241,26336,26084,26178,420560
2020-07-24,26084,26147,24349,24980,1796300
2020-07-27,23340,24002,23245,23245,2981180
2020-07-28,23750,24033,23245,23970,1280900
2020-07-29,23340,23466,22488,23024,1436620
2020-07-30,23056,23434,22961,23434,603300
2020-07-31,22867,23560,22867,23497,799400
2020-08-03,23403,24097,23182,23970,655840
2020-08-04,24254,24696,24128,24286,841660
2020-08-05,24286,25043,24128,24980,734940
2020-08-06,25074,25169,24696,25011,554590
2020-08-07,24948,25043,24601,24790,607040
2020-08-10,24917,25327,24917,24917,629890
2020-08-11,25169,25169,24854,25074,394720
2020-08-12,25106,25200,24917,25169,451860
2020-08-13,25926,25957,25232,25926,915350
2020-08-14,25989,26431,25894,26210,992180
2020-08-17,26210,26210,25516,25926,824290
2020-08-18,25863,25894,25484,25674,554060
2020-08-19,25642,25863,25642,25800,382850
2020-08-20,25800,25894,25484,25768,1018420
2020-08-21,25800,26021,25705,25863,690220
2020-08-24,26241,26746,26147,26525,1064730
2020-08-25,26651,27818,26651,27629,2247120
2020-08-26,27534,28008,27440,27534,883390
2020-08-27,27534,28039,27534,28039,955520
2020-08-28,28418,29648,28386,29269,1994640
2020-08-31,29269,29742,29017,29458,954930
2020-09-01,29458,29963,29364,29585,996140
2020-09-03,29585,30121,29332,29900,1060240
2020-09-04,29364,29711,29301,29679,1015720
2020-09-07,29648,29711,28481,28481,1491040
2020-09-08,28701,29395,28544,29364,1000020
2020-09-09,29017,29585,28859,29458,631980
2020-09-10,29648,29742,29458,29616,744120
2020-09-11,29616,29616,29269,29458,436320
2020-09-14,29585,29616,29238,29332,546560
2020-09-15,29332,29490,29175,29301,786060
2020-09-16,29301,30121,29143,29837,1100860
2020-09-17,29837,29931,29395,29711,592380
2020-09-18,29711,29900,29648,29805,615740
2020-09-21,30121,31130,29868,31035,2152280
2020-09-22,31035,31477,30625,31414,1503000
2020-09-23,31477,32486,31477,32139,1053980
2020-09-24,31824,32108,31540,31918,1230990
2020-09-25,31887,31918,31414,31698,1038360
2020-09-28,32045,32486,31698,32486,634880
2020-09-29,33022,33527,32644,32644,1230990
2020-09-30,32959,33117,32360,32896,1088450
2020-10-01,32896,33149,32896,33117,779470
2020-10-02,33117,33243,31477,32802,1326080
2020-10-05,32802,33212,32644,32802,588560
2020-10-06,33117,33401,32959,33180,1075760
2020-10-07,33180,34032,32802,33937,959640
2020-10-08,34063,34536,33969,34536,871660
2020-10-09,34694,34852,34221,34379,575370
2020-10-12,34379,34473,33590,33906,941210
2020-10-13,33906,33906,33369,33496,815720
2020-10-14,33464,34379,32991,34379,1081330
2020-10-15,34379,34536,33748,34505,880570
2020-10-16,34536,34536,33906,34189,546060
2020-10-19,34348,34348,33900,34156,480220
2020-10-20,33900,34156,33484,34156,977350
2020-10-21,34220,34700,33740,33836,766740
2020-10-22,33644,34700,33644,34700,607760
2020-10-23,34732,35339,34508,35179,1218320
2020-10-26,35179,35979,35020,35179,1054600
2020-10-27,35179,35723,35148,35179,606700
2020-10-28,34892,35116,33580,33580,1452750
2020-10-29,32813,33516,32557,32717,1564150
2020-10-30,33005,33868,32557,33484,1426480
2020-11-02,33484,34220,33484,34028,439540
2020-11-03,34540,34540,33964,34284,486030
2020-11-04,34284,34316,33900,34156,531610
2020-11-05,34156,34700,34124,34156,671040
2020-11-06,34220,34220,32621,33580,805140
2020-11-09,33900,34060,33676,33804,886500
2020-11-10,34476,34476,33804,33900,902230
2020-11-11,33964,34828,33932,34540,1514900
2020-11-12,34860,35531,34604,35531,1682560
2020-11-13,35499,35883,35339,35531,678270
2020-11-16,35755,36203,34796,35084,1692540
2020-11-17,35084,35819,34988,35819,966390
2020-11-18,35787,35947,35307,35371,778050
2020-11-19,35659,35819,35052,35819,1434630
2020-11-20,35851,35915,35435,35435,599730
2020-11-23,35435,36459,35371,36203,1506160
2020-11-24,36427,36427,35499,35819,1303450
2020-11-25,36331,36331,35563,35819,824020
2020-11-26,35819,36203,35819,36075,826280
2020-11-27,36139,37034,36075,36938,1680140
2020-11-30,37578,37578,37002,37098,1427120
2020-12-01,36203,37098,36203,37098,1358430
2020-12-02,36811,36811,36235,36459,1707050
2020-12-03,36427,36683,36075,36683,1224080
2020-12-04,36587,36715,36299,36427,768070
2020-12-07,36267,36906,36267,36555,671610
2020-12-08,36491,36970,36395,36619,959210
2020-12-09,36523,36811,36427,36779,984430
2020-12-10,36779,36938,36395,36395,1122020
2020-12-11,36395,36651,36139,36555,813340
2020-12-14,36875,37066,36683,37002,989600
2020-12-15,36843,37514,36779,36875,1455570
2020-12-16,37098,37098,36843,36938,910670
2020-12-17,36938,36970,36299,36299,1496400
2020-12-18,36299,36779,36139,36779,1086810
2020-12-21,36811,37354,36683,37162,1158010
2020-12-22,37162,38378,36906,38346,2236430
2020-12-23,38410,38793,37770,37770,995990
2020-12-24,37770,38218,36779,37322,1132960
2020-12-25,37098,38058,37034,37898,1008790
2020-12-28,37994,38250,37418,37514,933380
2020-12-29,37450,37738,37450,37482,702300
2020-12-30,37482,38026,37418,37514,860030
2020-12-31,37514,38218,37514,38026,891550
2021-01-04,38378,38570,38154,38570,1147400
2021-01-05,38378,39209,38250,38985,967500
2021-01-06,39337,39337,38602,38793,995500
2021-01-07,38538,38761,38282,38633,1118100
2021-01-08,38633,39305,38633,38953,1277600
2021-01-11,39017,40424,39017,40360,1504500
2021-01-12,40360,40424,39945,40360,1352600
2021-01-13,40360,40808,40328,40360,1101300
2021-01-14,40360,41032,40297,40904,1433000
2021-01-15,40936,41032,40712,40872,845000
2021-01-18,40872,40936,40360,40424,768800
2021-01-19,40201,40424,37738,38378,1659900
2021-01-20,38697,39273,37098,39273,1682900
2021-01-21,39817,40265,39273,39977,1034000
2021-01-22,39977,40744,39913,40680,1422700
2021-01-25,40712,42343,40680,42215,2134100
2021-01-26,42503,42695,41608,42215,1356200
2021-01-27,42055,43143,41928,42695,2106900
2021-01-28,40137,41640,39721,39721,1843300
2021-01-29,39497,42439,38058,42439,2812400
2021-02-01,41576,41864,39497,39561,2508200
2021-02-02,39337,41032,38538,40936,1400700
2021-02-03,40936,41352,39689,40776,1798800
2021-02-04,40776,41864,40137,41096,1597800
2021-02-05,41096,41992,40936,41736,1479700
2021-02-08,41576,41672,40233,41096,1952500
2021-02-09,40936,41576,40297,41416,1326800
2021-02-17,41736,44134,41736,44134,2121400
2021-02-18,44102,44742,43527,44614,1550600
2021-02-19,44166,44454,43814,44006,727200
2021-02-22,43814,44102,43239,43814,996100
2021-02-23,43655,44390,42535,43559,1867800
2021-02-24,43814,43974,42695,42791,1009200
2021-02-25,43175,43431,42567,43399,659600
2021-02-26,42695,43399,42567,43175,1163300
2021-03-01,43814,43814,42855,43111,1200200
2021-03-02,43335,43559,43015,43431,571000
2021-03-03,43751,43814,43431,43559,755600
2021-03-04,43623,43719,41576,42471,893000
2021-03-05,42311,42343,41704,42279,844200
2021-03-08,42279,42631,41800,41832,750000
2021-03-09,41576,41576,40904,40968,1485600
2021-03-10,41256,41800,40616,41736,724600
2021-03-11,42215,42503,42055,42375,513500
2021-03-12,42535,42535,41736,41928,414300
2021-03-15,41960,42823,41768,42439,766800
2021-03-16,42439,42695,42087,42599,605800
2021-03-17,42695,42695,42471,42471,521000
2021-03-18,42695,42791,39977,42727,914000
2021-03-19,42535,42695,42215,42535,376700
2021-03-22,42471,42535,42055,42183,377300
2021-03-23,41896,42215,41576,41896,625000
2021-03-24,41416,41864,40968,41544,528300
2021-03-25,41416,41832,41160,41192,506500
2021-03-26,41096,41576,39977,41576,585900
2021-03-29,41704,42183,41320,41608,870000
2021-03-30,41608,41864,41256,41384,318600
2021-03-31,41384,41736,41128,41480,326800
2021-04-01,41576,43015,41096,42951,1239000
2021-04-02,43463,43495,42951,43111,796700
2021-04-05,43495,43495,42759,42887,364100
2021-04-06,42695,43335,42503,42631,1035200
2021-04-07,42407,43015,42247,43015,327200
2021-04-08,43015,43015,42695,42855,310500
2021-04-09,42855,42855,42471,42631,464700
2021-04-12,42631,43175,42535,43143,852600
2021-04-13,43239,44006,42919,43143,1232700
2021-04-14,42695,43303,42695,43303,472400
2021-04-15,43367,43782,42759,42759,1036700
2021-04-16,42215,43239,42215,42855,781400
2021-04-19,43175,43942,42375,43942,1203800
2021-04-20,44454,46053,44294,45573,2184800
2021-04-22,45573,47332,44806,45573,2536100
2021-04-23,45414,47173,44934,47173,2198500
2021-04-26,47141,47141,45573,45573,1271300
2021-04-27,45573,46053,44934,45382,818300
2021-04-28,44774,45254,44454,44774,994100
2021-04-29,44614,45158,44166,45062,662300
2021-05-04,44294,44742,44134,44582,730900
2021-05-05,44582,45765,44518,45062,1124900
2021-05-06,45062,45733,44902,45414,923300
2021-05-07,45094,45669,44742,44838,923400
2021-05-10,44774,44774,43974,44166,1744900
2021-05-11,44134,44774,43942,43974,1382900
2021-05-12,43974,44614,43942,44614,830000
2021-05-13,44294,44934,44294,44774,986800
2021-05-14,44934,45893,44838,45573,818500
2021-05-17,45893,46053,45062,45254,535700
2021-05-18,45254,45414,44998,45318,594800
2021-05-19,45094,45414,44934,45318,599700
2021-05-20,44998,47972,44998,47972,1409800
2021-05-21,46981,47332,46373,46501,979600
2021-05-24,46373,46853,46085,46693,539500
2021-05-25,46693,46853,46373,46693,789800
2021-05-26,46693,46757,46213,46341,781800
2021-05-27,46373,46373,45414,45541,848200
2021-05-28,45541,45797,45286,45637,743300
2021-05-31,44774,45254,44294,44294,1269800
2021-06-01,43974,44134,43175,43655,1074000
2021-06-02,43495,44774,43463,44390,579400
2021-06-03,44710,44710,43814,44454,593700
2021-06-04,44454,44454,43814,43974,617400
2021-06-07,43974,44006,43271,43527,684700
2021-06-08,43495,44134,43399,43495,715300
2021-06-09,43495,43974,43175,43623,739900
2021-06-10,43175,43814,43175,43271,679100
2021-06-11,43239,43814,43207,43814,830800
2021-06-14,44134,44390,43751,44166,740900
2021-06-15,44166,44454,43974,44102,437500
2021-06-16,44070,44070,43655,43814,499600
2021-06-17,43655,46021,43495,44454,1284500
2021-06-18,44934,45254,44774,45094,384900
2021-06-21,44966,46661,44966,46629,1179900
2021-06-22,46725,46757,44614,46693,736900
2021-06-23,46437,46533,46053,46053,443700
2021-06-24,46053,46693,45989,46053,394400
2021-06-25,46053,46373,45893,45957,717200
2021-06-28,46213,46693,45957,46533,669700
2021-06-29,46533,47173,46373,47013,556700
2021-06-30,47013,49219,47013,48612,1221500
2021-07-01,48612,48772,48132,48324,727200
2021-07-02,48292,50211,48292,50147,964000
2021-07-05,51490,53409,51490,53249,1355400
2021-07-06,53889,54592,49571,49571,956200
2021-07-07,51170,53025,49571,53025,1457700
2021-07-08,55008,56031,53569,55168,1585700
2021-07-09,55040,57534,54944,56447,1012200
2021-07-12,56287,57215,52769,56479,1907000
2021-07-13,57023,57023,55008,55967,651400
2021-07-14,55328,55616,52577,53249,1384700
2021-07-15,52737,54688,52130,53441,1104100
2021-07-16,53761,53889,53089,53761,679400
2021-07-19,51586,52130,50051,50051,1868000
2021-07-20,50531,52641,50051,52641,1053200
2021-07-21,53089,53281,51842,52258,520200
2021-07-22,51970,53857,51746,52833,982100
2021-07-23,52162,52833,51490,51714,1223900
2021-07-26,51298,51490,50499,51266,1139800
2021-07-27,51810,51810,50211,50531,1477400
2021-07-28,50467,51330,49923,50243,455700
2021-07-29,51106,52066,49891,52066,1317800
2021-07-30,51650,52737,51010,52481,1779200
2021-08-02,52449,55168,52290,54336,1632800
2021-08-03,54336,54368,53729,54336,868900
2021-08-04,54400,54656,53889,54368,829400
2021-08-05,54240,55744,54049,55328,989800
2021-08-06,55328,56127,54848,54848,1032700
2021-08-09,54688,55712,54208,55584,638000
2021-08-10,55648,55712,54880,55616,882000
2021-08-11,55648,57343,55200,55967,1670800
2021-08-12,55488,55967,54368,54368,1172100
2021-08-13,54208,54688,53537,54688,1116800
2021-08-16,54848,55008,53729,54400,1029800
2021-08-17,54336,54400,53697,54336,1104300
2021-08-18,54049,55488,53921,55168,864600
2021-08-19,55168,55168,54208,55168,785700
2021-08-20,55008,55008,52449,52449,2037300
2021-08-23,52130,52449,50531,50563,1619300
2021-08-24,50786,51938,50563,51330,1060900
2021-08-25,51490,52449,51202,51650,600100
2021-08-26,52417,52577,51682,51810,616200
2021-08-27,51874,52737,51874,52609,1336200
2021-08-30,53463,54040,53222,53222,1266900
2021-08-31,53415,53415,52933,53415,629100
2021-09-01,53078,53415,52404,53030,670400
2021-09-06,53415,53463,53174,53415,1121700
2021-09-07,53607,53655,52933,53078,894000
2021-09-08,53078,53607,52933,53607,684800
2021-09-09,53800,57216,53607,57216,2544800
2021-09-10,57264,57409,56350,57216,922100
2021-09-13,57216,60152,57168,60152,2267600
2021-09-14,59670,60055,58756,59911,1073100
2021-09-15,59430,60152,59093,59959,728800
2021-09-16,59911,59911,59093,59478,778300
2021-09-17,59478,59670,58804,59189,919200
2021-09-20,60103,61114,58419,59189,1370300
2021-09-21,58275,60392,58275,59574,1328400
2021-09-22,59670,60825,59622,60488,1293000
2021-09-23,60873,64194,60873,63520,2591600
2021-09-24,63616,64482,62606,62798,1318800
2021-09-27,62076,62076,60633,60633,3738200
2021-09-28,59959,61114,59622,60970,1344700
2021-09-29,61018,61836,61018,61499,1208800
2021-09-30,61499,62076,60970,61499,1044400
2021-10-01,61114,61499,60633,60729,1086600
2021-10-04,60152,60729,59333,60729,2190000
2021-10-05,60633,61018,60200,61018,939300
2021-10-06,60970,62558,60825,61740,1692400
2021-10-07,61258,61740,61258,61595,966000
2021-10-08,61355,62317,61258,61980,1503700
2021-10-11,62028,62413,61355,62317,1749700
2021-10-12,62317,63905,62317,63568,2282000
2021-10-13,63664,64579,63568,64434,1892600
2021-10-14,64482,64867,63520,64242,1925700
2021-10-15,64242,64338,63520,63712,827400
2021-10-18,63616,63953,62894,62894,1467200
2021-10-19,62509,63039,62124,62413,1151000
2021-10-20,62509,63039,61595,62173,1333900
2021-10-21,62173,62558,61114,61114,1471700
2021-10-22,61740,61788,61162,61403,925700
2021-10-25,61595,62461,61595,61788,926200
2021-10-26,61595,61595,61066,61595,992900
2021-10-27,61595,63953,61595,63520,2063400
2021-10-28,63183,63761,61836,63520,1189400
2021-10-29,63279,63472,62991,63231,1344400
2021-11-01,63279,63424,62076,62558,1140200
2021-11-02,61836,62509,61836,62028,866800
2021-11-03,62028,62558,61355,61980,1405000
2021-11-04,61836,62846,61595,62509,950100
2021-11-05,64001,64001,63039,63520,1635800
2021-11-08,63520,64001,63328,63328,1126300
2021-11-09,63424,63520,62558,62558,1048900
2021-11-10,62558,63279,62317,63279,765400
2021-11-11,63279,65445,62798,64964,4441400
2021-11-12,65445,65445,64434,65445,1184800
2021-11-15,65589,67322,65589,67081,2631500
2021-11-16,66407,66888,65445,66359,1490600
2021-11-17,66263,66407,65541,66359,862200
2021-11-18,66552,68092,65830,66888,2132400
2021-11-19,67370,67851,65445,66888,1378000
2021-11-22,67370,67562,66407,66696,1115100
2021-11-23,66696,69295,66455,68813,1926200
2021-11-24,68813,69295,67995,69295,1487500
2021-11-25,69343,69776,68573,69776,845700
2021-11-26,69680,70016,68092,68092,1262400
2021-11-29,66840,67707,66119,66167,2370000
2021-11-30,66648,67322,65878,66840,1089100
2021-12-01,65685,67370,65493,66840,1496400
2021-12-02,66792,66792,65830,65926,615900
2021-12-03,65589,65926,64242,64242,1052100
2021-12-06,64242,64242,61066,63231,1673200
2021-12-07,63231,64242,63231,64242,663600
2021-12-08,64290,64964,64001,64434,688700
2021-12-09,64434,64964,64242,64482,692300
2021-12-10,64049,64916,64001,64531,707100
2021-12-13,64675,64916,64482,64916,645900
2021-12-14,64819,65445,64242,65156,664800
2021-12-15,65156,65445,64482,65397,601100
2021-12-16,65445,65445,64290,64290,809500
2021-12-17,64290,64964,64049,64723,735100
2021-12-20,64242,64771,63761,64001,792900
2021-12-21,64001,64001,63568,64001,473600
2021-12-22,64290,65926,64194,64867,1300200
2021-12-23,64867,65349,63424,64290,933200
2021-12-24,64290,64771,63761,64771,560900
2021-12-27,64819,65156,64001,64916,723100
2021-12-28,65204,65349,64049,65349,745000
2021-12-29,64771,65445,64531,64675,637000
2021-12-30,64723,65156,64482,64627,832700
2021-12-31,64627,65397,64194,65397,1128900
2022-01-04,65397,66985,64916,66311,1327900
2022-01-05,66311,67033,65974,65974,1178700
2022-01-06,65974,66792,65685,66167,771100
2022-01-07,66167,66167,65204,65204,921200
2022-01-10,65204,65204,64001,64001,927000
2022-01-11,64001,64723,63376,63424,773400
2022-01-12,63424,65445,62558,65445,928600
2022-01-13,65685,65685,63520,65204,925000
2022-01-14,64964,64964,64097,64482,468400
2022-01-17,64001,64434,62558,62558,817400
2022-01-18,62076,63520,61884,62606,816200
2022-01-19,62654,64482,62558,64242,954800
2022-01-20,64001,64482,63568,64482,896900
2022-01-21,64482,64482,63183,64097,655100
2022-01-24,63616,64097,62509,62509,867600
2022-01-25,62461,63039,61403,63039,802500
2022-01-26,63039,63472,62076,63472,954300
2022-01-27,62991,63664,62173,63279,530600
2022-01-28,63183,63761,62413,63761,716300
2022-02-07,64001,65300,64001,64434,932400
2022-02-08,64434,65830,64434,65589,1450000
2022-02-09,65589,66167,65445,65926,1207000
2022-02-10,65926,66022,64723,65589,902700
2022-02-11,64964,65445,64964,65108,541500
2022-02-14,64434,64964,63520,63520,957300
2022-02-15,63857,64434,63279,64146,572400
2022-02-16,64579,64579,63328,63953,562000
2022-02-17,63520,64723,63472,64723,1031400
2022-02-18,63568,64482,63568,64482,467800
2022-02-21,63761,64916,63761,64434,612100
2022-02-22,64001,66985,63712,66263,3272600
2022-02-23,66263,67658,65878,66311,1609600
2022-02-24,65926,66263,65204,65830,1174200
2022-02-25,65878,67273,65445,66215,2690300
2022-02-28,65685,66407,65204,65445,1802000
2022-03-01,65878,65926,65012,65445,1210200
2022-03-02,65349,65349,64482,64723,1670200
2022-03-03,64964,65685,64290,65685,1057800
2022-03-04,65685,65734,64771,65349,1073200
2022-03-07,64723,64964,64482,64579,1144500
2022-03-08,64482,64723,63712,64579,1996900
2022-03-09,64531,64531,63761,64386,1148900
2022-03-10,64482,64482,63809,64242,883000
2022-03-11,64194,64194,63520,64001,653000
2022-03-14,63568,63905,62317,63376,1226700
2022-03-15,62894,63231,62076,63231,1005300
2022-03-16,63135,63520,62558,63231,1054600
2022-03-17,63424,63520,62943,62943,691400
2022-03-18,62943,63424,62943,63328,791100
2022-03-21,63520,64916,63279,64916,921700
2022-03-22,64964,65445,64290,65060,1046000
2022-03-23,64819,65637,64771,64964,794300
2022-03-24,64964,64964,64001,64482,913200
2022-03-25,64819,67562,64338,66840,3782700
2022-03-28,66985,69343,66840,69295,3833100
2022-03-29,70016,71845,69295,70498,2341100
2022-03-30,70016,70690,67418,69487,1692600
2022-03-31,69295,71460,68573,70161,1798700
2022-04-01,70979,75069,70786,75069,4130400
2022-04-04,76272,76368,74588,74588,1401900
2022-04-05,73866,75358,73625,74684,1260100
2022-04-06,74107,77956,73818,76416,2980900
2022-04-07,76898,77042,73914,74588,3100900
2022-04-08,74588,74588,72182,72182,2207100
2022-04-12,72182,73481,70257,73481,2644500
2022-04-13,72663,75550,72422,75165,3406000
2022-04-14,75165,78341,74588,76753,2925900
2022-04-15,75791,77908,75647,77090,2339800
2022-04-18,77475,77956,76561,77090,2616900
2022-04-19,76850,77523,74588,75069,3285000
2022-04-20,74636,76705,74010,75069,1900700
2022-04-21,74203,75791,73962,74828,2304500
2022-04-22,75358,75550,69824,74973,4049300
2022-04-25,74107,74732,69728,69728,3711100
2022-04-26,67851,72615,66888,71604,2718900
2022-04-27,70257,70979,68813,70834,1718600
2022-04-28,70979,71701,69680,69776,1526100
2022-04-29,69872,72182,69872,71797,1739800
2022-05-04,72182,72904,71460,71941,1151100
2022-05-05,72422,72422,69824,71893,1168700
2022-05-06,70498,71652,70305,70546,1085500
2022-05-09,69391,69439,65637,65637,2693800
2022-05-10,64964,67418,64001,67418,1818800
2022-05-11,67466,67851,66022,67851,1167000
2022-05-12,67322,67322,64675,64675,1705600
2022-05-13,64675,65012,60200,60200,2746800
2022-05-16,63761,63761,58323,59189,1334500
2022-05-17,60103,63328,58708,63328,1055800
2022-05-18,63376,64338,62461,64242,805600
2022-05-19,62558,64242,62221,64001,839200
2022-05-20,63761,65349,63520,64482,869200
2022-05-23,64964,64964,62558,62943,542100
2022-05-24,62991,64001,62461,64001,577700
2022-05-25,64675,68092,64482,66888,1558000
2022-05-26,67370,67610,65445,66888,716100
2022-05-27,66985,70690,66985,70594,2550700
2022-05-30,70594,70979,69006,69872,1262200
2022-05-31,69872,69872,68813,69728,739500
2022-06-01,69728,70738,69295,70016,1058700
2022-06-02,70498,72422,70016,71075,1806000
2022-06-03,71075,74251,71075,73722,1668100
2022-06-06,74107,75310,74107,74444,1887900
2022-06-07,74592,74592,72170,74107,1845100
2022-06-08,74737,76481,74301,74301,2076800
2022-06-09,74301,75076,73284,74010,1131100
2022-06-10,74592,75076,72654,72654,1940500
2022-06-13,70232,71443,67810,67810,3229000
2022-06-14,67084,69893,66842,69506,1606100
2022-06-15,70232,71540,69748,71540,2560200
2022-06-16,76529,76529,75173,76529,6038900
2022-06-17,76529,76529,73913,75270,3500500
2022-06-20,75560,75560,71298,71588,4483400
2022-06-21,72654,73429,68779,71201,3368300
2022-06-22,73235,73235,67035,67617,3815800
2022-06-23,67810,71201,67617,70232,4908000
2022-06-24,71201,71201,69167,69651,2716400
2022-06-27,69457,70232,68876,69264,3160200
2022-06-28,68779,70620,68779,70523,4121400
2022-06-29,70523,71685,68876,70717,3154200
2022-06-30,70814,70814,68973,69264,2401100
2022-07-01,69360,69360,66648,68101,3285200
2022-07-04,67810,67907,64517,65679,5181500
2022-07-05,65679,65679,61998,63451,3983400
2022-07-06,63451,64226,61998,61998,2398000
2022-07-07,62095,62967,61901,61998,1590000
2022-07-08,62676,64420,62386,62967,2586800
2022-07-11,62773,62870,61998,62483,1370100
2022-07-12,62773,62773,61998,62386,1606300
2022-07-13,61998,62192,59964,61611,3099000
2022-07-14,60933,61998,60351,60642,2134700
2022-07-15,60836,61223,59576,59576,3080300
2022-07-18,59576,60933,58317,59092,2540800
2022-07-19,59286,59286,57639,58123,2118000
2022-07-20,57348,61029,56380,59286,7377800
2022-07-21,59286,62483,59286,62095,5004300
2022-07-22,62870,64711,62192,62483,5454700
2022-07-25,62773,63742,60739,61320,4019200
2022-07-26,61901,61901,60836,61029,1808800
2022-07-27,58220,61029,58220,60158,1866300
2022-07-28,61029,61029,60061,60061,1950500
2022-07-29,60448,60448,59092,59092,3375000
2022-08-01,59092,59964,58123,59383,3256100
2022-08-02,59867,60545,59383,60061,2121500
2022-08-03,60061,60254,59383,59867,2660300
2022-08-04,60254,61029,60158,60739,4344000
2022-08-05,60933,61514,60642,60739,2712000
2022-08-08,60739,60933,60351,60933,2490100
2022-08-09,61126,61611,60933,61320,2806100
2022-08-10,61320,62289,61029,61611,1974900
2022-08-11,61998,62192,60545,61029,2719100
2022-08-12,60933,61708,60254,61029,2419300
2022-08-15,61320,62967,61029,62967,4433600
2022-08-16,62967,64904,62967,63936,3910700
2022-08-17,63936,64323,62967,62967,2518800
2022-08-18,62967,63742,61901,62483,4073800
2022-08-19,62483,63354,61126,62095,2276400
2022-08-22,62579,64807,62483,64420,5855600
2022-08-23,63839,65679,63839,64807,4014500
2022-08-24,64807,65098,64226,64711,2219300
2022-08-25,65582,66551,65195,66261,5153200
2022-08-26,66551,70814,66551,69942,10847500
2022-08-29,69554,71685,68489,71685,7689600
2022-08-30,72170,72654,70620,71007,4227200
2022-08-31,70232,71685,70232,71685,4620000
2022-09-05,71588,71588,70232,70232,2694200
2022-09-06,70329,71007,70135,70620,2599300
2022-09-07,70329,70523,68392,68489,5672100
2022-09-08,69264,70039,68295,69264,3748300
2022-09-09,69748,70135,68585,69748,2784800
2022-09-12,69942,73042,69845,71685,7354133
2022-09-13,71685,72073,71007,71782,1960520
2022-09-14,70426,71588,70329,71395,3706738
2022-09-15,71395,72460,71104,71588,3184721
2022-09-16,71104,71395,69167,69748,4281035
2022-09-19,69748,70523,66939,68295,4173407
2022-09-20,68682,69748,67035,69457,3382503
2022-09-21,68779,68779,67810,67810,3106928
2022-09-22,66939,68585,66164,67907,4254969
2022-09-23,67907,67907,66454,67229,2718479
2022-09-26,65679,66067,63548,65873,5241158
2022-09-27,65292,65873,64711,65001,1537087
2022-09-28,64032,64904,62967,62967,2725160
2022-09-29,64420,64420,61708,61998,2546850
2022-09-30,61708,62192,59770,61998,4372056
2022-10-03,60933,60933,57736,57736,4027193
2022-10-04,59286,59383,58220,59092,4025959
2022-10-05,59092,61126,59092,60254,2125024
2022-10-06,60254,60351,56186,56186,3171640
2022-10-07,54733,56089,52311,52311,5576279
2022-10-10,51439,55508,51342,55314,3912559
2022-10-11,55314,55798,52408,53667,2335001
2022-10-12,53764,56961,53764,55701,2887107
2022-10-13,55217,56380,54733,55798,1531659
2022-10-14,56186,58414,56186,58026,2990959
2022-10-17,57736,57736,55992,57058,2675521
2022-10-18,58026,58608,56767,57155,2055294
2022-10-19,57348,57639,56476,57155,1408159
2022-10-20,56380,57155,56089,56573,1811483
2022-10-21,56476,56476,52698,52698,4240401
2022-10-24,52795,53280,49017,49017,4829842
2022-10-25,49114,52311,47467,50373,4401686
2022-10-26,50470,50858,49017,50277,1529211
2022-10-27,49695,52214,49695,51633,2991224
2022-10-28,51827,52698,51148,51536,1803002
2022-10-31,50761,51245,47952,49986,3906387
2022-11-01,50373,50858,48533,48533,2000853
2022-11-02,48436,48727,45336,46499,4319689
2022-11-03,47467,48727,46595,47952,2600862
2022-11-04,46063,46499,44610,44610,5744789
2022-11-07,44561,45094,41510,41510,5346395
2022-11-08,41510,44174,40008,43205,4118453
2022-11-09,43592,44997,43157,44077,2159108
2022-11-10,43544,43544,41025,41025,3674262
2022-11-11,42042,43011,41655,41655,3566703
2022-11-14,40686,41413,39136,39379,3516167
2022-11-15,37005,38264,36666,36666,2985953
2022-11-16,34147,39185,34147,39185,8558556
2022-11-17,40444,41558,39524,40493,2859582
2022-11-18,39718,40928,38652,40832,4369206
2022-11-21,40638,40638,39379,39379,1763869
2022-11-22,38943,40299,38604,38943,3709117
2022-11-23,39039,39621,38846,39233,1511420
2022-11-24,37974,37974,36521,36521,7868880
2022-11-25,36375,37102,35358,36618,2596645
2022-11-28,37102,39136,37102,38894,4323631
2022-11-29,39233,41461,39233,41461,5271229
2022-11-30,42236,43592,41655,42721,3780348
2022-12-01,43592,44174,41413,42672,5858952
2022-12-02,42042,45530,42042,45530,6467262
2022-12-05,45578,47322,45578,46111,4148944
2022-12-06,45724,45724,42963,42963,4096883
2022-12-07,42963,43592,42139,43447,2931794
2022-12-08,44367,45530,43786,44561,2628066
2022-12-09,44561,45142,43932,44755,1676448
2022-12-12,44755,45821,43592,44464,3476222
2022-12-13,44319,44949,43011,44949,1957477
2022-12-14,45821,45821,44367,44997,2188885
2022-12-15,44997,46014,44706,45530,2540280
2022-12-16,45288,46450,44464,46353,3004841
2022-12-19,46111,47274,45675,45675,3784507
2022-12-20,45142,45385,42817,45046,3354354
2022-12-21,45046,45288,42963,44949,2053535
2022-12-22,44900,45239,43883,45046,1520601
2022-12-23,45046,45046,44125,44367,1585070
2022-12-26,44077,44319,41268,41268,2561308
2022-12-27,40202,42430,40202,42430,2326113
2022-12-28,41655,41849,40589,41655,1389971
2022-12-29,41171,41558,40783,41558,1212724
2022-12-30,41461,41655,40735,41558,1653186
2023-01-03,41461,42624,41171,42575,1999853
2023-01-04,41752,42914,41752,42139,1873869
2023-01-05,42527,42624,41946,42236,1103361
2023-01-06,42236,42478,41800,41800,1508425
2023-01-09,41800,41946,40686,40686,2665426
2023-01-10,40686,41268,40589,40880,1425793
2023-01-11,40977,41849,40977,41219,1462267
2023-01-12,41219,41655,40735,40783,987240
2023-01-13,41074,41316,40735,40735,1089091
2023-01-16,40735,40977,40396,40589,1410393
2023-01-17,41074,42042,40880,41703,2762746
2023-01-18,42139,43786,41897,43544,3690606
2023-01-19,43544,44658,43350,44174,3495793
2023-01-27,44949,45433,44464,44464,2481714
2023-01-30,44464,45336,43980,44755,3209143
2023-01-31,44464,45046,43932,45046,2725262
2023-02-01,44755,45675,44271,45627,7837651
2023-02-02,45481,48339,44852,48339,4862781
2023-02-03,46547,47080,46305,46305,6221989
2023-02-06,45530,45724,44271,45675,2654268
2023-02-07,45191,46499,44271,44271,2020211
2023-02-08,44271,44561,43108,43108,1648404
2023-02-09,43011,44028,42624,42624,1473690
2023-02-10,42624,43060,40783,40783,2034509
2023-02-13,40783,41171,40202,41171,1728005
2023-02-14,41461,41655,41074,41171,803972
2023-02-15,41171,42139,41171,41413,1085663
2023-02-16,41849,42139,41461,41946,945539
2023-02-17,41946,41946,41510,41897,960037
2023-02-20,41849,42914,41413,42914,1876037
2023-02-21,43011,43835,43011,43108,1406799
2023-02-22,42624,43108,41655,41655,1645659
2023-02-23,41461,41655,40686,41655,1315362
2023-02-24,41171,41607,40299,40783,1626718
2023-02-27,39718,40589,39233,39233,1976668
2023-02-28,39233,39911,38604,38749,1570002
2023-03-01,38749,39718,38022,39524,1521649
2023-03-02,39524,39718,38749,39039,869666
2023-03-03,39039,39330,38168,38168,1859162
2023-03-06,38700,39233,38168,38168,1475314
2023-03-07,38749,38943,37974,38458,1586839
2023-03-08,37780,38313,37441,38168,2031091
2023-03-09,38361,39282,38313,38749,2116997
2023-03-10,38652,38846,38168,38507,1573983
2023-03-13,38507,38749,38168,38168,1349865
2023-03-14,38071,38361,37102,37393,1613633
2023-03-15,38361,38846,38168,38749,1900097
2023-03-16,38749,38749,37586,38168,1666012
2023-03-17,38652,38652,37635,38168,954532
2023-03-20,37780,38168,36860,36908,2299614
2023-03-21,37586,37586,36327,37296,1411862
2023-03-22,37441,37441,36763,36763,1507857
2023-03-23,36424,36763,36327,36618,1239092
2023-03-24,36424,37005,36424,36763,1730574
2023-03-27,36811,37247,36666,36908,2466133
2023-03-28,37005,38071,36908,37877,4199780
2023-03-29,38022,38119,37490,37490,1831381
2023-03-30,37586,37974,36957,37393,2667622
2023-03-31,37344,37732,37054,37344,1816890
2023-04-03,37780,37974,37490,37780,2113683
2023-04-04,37877,38700,37829,38555,3134952
2023-04-05,38555,38604,38264,38507,1737309
2023-04-06,38749,38749,37829,37877,1972689
2023-04-07,37635,37829,37296,37780,2033345
2023-04-10,37974,39863,37974,39718,5831948
2023-04-11,39718,39718,38943,39427,2853861
2023-04-12,39233,40396,39233,39475,3972340
2023-04-13,39718,40008,39379,39766,3135863
2023-04-14,39960,40105,38749,38749,2680877
2023-04-17,38604,38749,38313,38604,1407908
2023-04-18,39282,39475,38700,38700,2756760
2023-04-19,38797,40008,38749,39233,2950858
2023-04-20,39233,39233,38652,39136,1417250
2023-04-21,39136,39136,38071,38071,2812378
2023-04-24,37974,38071,37054,37199,3212748
2023-04-25,37393,37586,36327,36521,2737524
2023-04-26,36521,37199,36472,37199,1836035
2023-04-27,37296,37441,36957,37441,1287338
2023-04-28,37441,37974,37393,37974,2518354
2023-05-04,36908,37683,36715,36715,2464073
2023-05-05,36715,36908,36472,36618,1174614
2023-05-08,36618,37054,36618,36666,1274575
2023-05-09,36666,37150,36666,36763,932276
2023-05-10,36860,37780,36715,37780,2355670
2023-05-11,37925,38119,37344,37490,1661428
2023-05-12,37538,37877,37005,37780,2034774
2023-05-15,37925,38168,37635,37683,2783699
2023-05-16,37683,37732,37005,37247,2130949
2023-05-17,37247,37441,36763,36957,1328466
2023-05-18,37344,37490,36908,36908,1748245
2023-05-19,36908,37102,36618,37102,1643998
2023-05-22,37150,37441,36860,37344,1524228
2023-05-23,37441,37586,37005,37054,1468977
2023-05-24,37199,37247,36715,36763,1247445
2023-05-25,36763,37199,36618,36811,1478099
2023-05-26,36860,37199,36811,37005,883288
2023-05-29,37247,37490,36957,37490,2264314
2023-05-30,37635,38555,37635,38168,4820420
2023-05-31,38071,38216,37732,37974,1976357
2023-06-01,38119,38264,37490,38071,2908840
2023-06-02,38216,39572,37974,39524,5710123
2023-06-05,39718,40299,39524,39911,6620203
2023-06-06,39911,40735,39766,40493,4667805
2023-06-07,40493,40638,39766,40493,4747524
2023-06-08,40686,40686,39330,39379,4516411
2023-06-09,39718,40105,39233,40105,4125445
2023-06-12,40347,41655,40202,41655,7251229
2023-06-13,42042,42042,41268,41655,3400762
2023-06-14,41655,41655,40735,40735,3322797
2023-06-15,40735,41074,40153,40396,2812441
2023-06-16,40638,40977,39863,40057,4411810
2023-06-19,40057,40396,39814,40202,2064443
2023-06-20,40299,41171,40299,41171,2477638
2023-06-21,41171,41364,40880,41364,2566898
2023-06-22,41510,42285,41025,41703,4107626
2023-06-23,41703,41849,41364,41558,2159521
2023-06-26,42188,43108,41268,42963,5460663
2023-06-27,42963,43496,42382,42817,2479494
2023-06-28,42817,43060,41849,42527,3991248
2023-06-29,42139,42527,41364,41364,3291147
2023-06-30,41364,42527,41171,41946,3506719
2023-07-03,42091,42285,41461,41655,1800545
2023-07-04,41558,42285,41316,41897,4438690
2023-07-05,42091,43060,41994,41994,7265503
2023-07-06,42042,42382,41510,41849,4542969
2023-07-07,41703,44077,41703,44077,7403196
2023-07-10,44610,46256,44367,46256,10237213
2023-07-11,46111,47274,45869,47274,8180319
2023-07-12,46838,47758,46692,47613,4794314
2023-07-13,47661,48339,47613,47806,4816337
2023-07-14,47806,47903,46983,47903,5907160
2023-07-17,47952,48291,47128,47128,2787371
2023-07-18,46886,47080,46256,46547,4615820
2023-07-19,46886,47419,46450,46983,3485687
2023-07-20,46886,47952,46886,47564,5456116
2023-07-21,47564,50858,47419,50858,11737279
2023-07-24,51342,52795,50373,52795,4075122
2023-07-25,52795,52795,51245,51923,4432365
2023-07-26,51923,52505,50373,50955,5449341
2023-07-27,51248,53302,51052,52910,5825787
2023-07-28,52715,53693,52030,53302,3873654
2023-07-31,52813,53008,51443,52519,7866990
2023-08-01,52910,52910,50563,50563,7534240
2023-08-02,50563,51346,50465,50563,5320635
2023-08-03,50661,52519,50270,51541,7999352
2023-08-04,51835,52030,51150,51835,7530800
2023-08-07,52519,53693,52128,52617,6497600
2023-08-08,52813,53106,52226,52421,5737101
2023-08-09,52226,52226,50857,51443,8968473
2023-08-10,51835,51835,50563,50857,4981838
2023-08-11,51052,52128,49879,52128,6320880
2023-08-14,52715,53106,51443,53008,9618178
2023-08-15,53399,54671,52813,52813,8383729
2023-08-16,52813,53106,51835,52617,5142872
2023-08-17,52910,53986,52226,52715,7229061
2023-08-18,52715,52715,49096,49096,14268431
2023-08-21,48901,49390,47678,47923,7068735
2023-08-22,48020,49096,46309,48901,10148835
2023-08-23,49585,49585,48118,48607,4959606
2023-08-24,48607,49683,48607,49194,5728745
2023-08-25,49194,50270,48901,49390,7140456
2023-08-28,49781,50759,49292,50563,8497280
2023-08-29,50661,52030,50368,51737,8306622
2023-08-30,51835,53302,51737,52617,7315759
2023-08-31,52813,53204,52324,52617,5208145
2023-09-05,52617,54280,52226,53106,8357697
2023-09-06,53106,54377,52617,53791,5123732
2023-09-07,53986,54573,53106,53791,5996024
2023-09-08,53302,55258,53302,54280,7808735
2023-09-11,54573,54964,52617,53302,8461620
2023-09-12,53302,54573,52813,54573,4796329
2023-09-13,54866,57996,54280,56236,16056442
2023-09-14,56431,57214,55844,56040,8441884
2023-09-15,56236,56236,54182,54671,7841594
2023-09-18,54377,54377,52910,53791,6613680
2023-09-19,53888,54280,51835,54280,8839812
2023-09-20,53888,54964,53399,54573,6837562
2023-09-21,54573,54573,53008,53008,9503597
2023-09-22,51932,52226,50172,50954,11807845
2023-09-25,50465,51835,48803,49879,7695967
2023-09-26,49976,50563,49390,50368,8273148
2023-09-27,49976,50857,49096,50857,4905680
2023-09-28,51737,53497,51346,51835,8911121
2023-09-29,52617,52617,51443,51443,4946857
2023-10-02,51443,51835,50661,50759,4209425
2023-10-03,50368,50368,47238,47923,8979521
2023-10-04,46945,48901,46945,48118,4827784
2023-10-05,48803,48803,45967,45967,6351866
2023-10-06,45869,47434,45282,47238,5190443
2023-10-09,47287,47825,46602,46896,6459890
2023-10-10,47336,48363,47336,47776,4822623
2023-10-11,47923,48216,47531,48216,3479735
2023-10-12,48216,48412,47140,47336,13703483
2023-10-13,47434,48412,47385,48412,9847272
2023-10-16,48412,49585,47531,47531,8505305
2023-10-17,47825,47825,45282,45282,7889509
2023-10-18,45771,45967,42690,43717,11420383
2023-10-19,43228,43717,42055,42055,8075310
2023-10-20,42055,44011,42055,43717,7024807
2023-10-23,43717,43864,41663,42055,8579051
2023-10-24,42152,42641,40832,42055,8222000
2023-10-25,42055,43228,42055,42544,4772364
2023-10-26,41272,41468,39609,41077,15056097
2023-10-27,41370,41566,40490,41077,4693444
2023-10-30,40196,40832,39609,39609,4252683
2023-10-31,39512,39805,36871,36871,13216953
2023-11-01,36186,36871,34328,34328,21104571
2023-11-02,35111,36578,32861,36186,21185932
2023-11-03,36675,38338,36186,38094,12416768
2023-11-06,38142,38142,36773,37213,12646693
2023-11-07,37067,38583,36675,37360,10426803
2023-11-08,37067,38729,35893,38729,19613332
2023-11-09,39609,40441,39023,39414,12150047
2023-11-10,38876,39414,38142,38534,11059138
2023-11-13,38680,39414,38191,39120,9196304
2023-11-14,40098,41174,39903,40588,15240382
2023-11-15,41468,41566,40441,40979,10343364
2023-11-16,40588,40685,39805,40588,10537234
2023-11-17,40588,41566,39756,40490,11001159
2023-11-20,39267,40734,39267,39658,7561129
2023-11-21,40588,40588,39707,40001,5781077
2023-11-22,39903,39952,38436,38925,14508132
2023-11-23,39120,39414,36480,36480,8076930
2023-11-24,37067,37702,36333,37702,11185898
2023-11-27,37653,37702,37164,37164,5272406
2023-11-28,37213,37311,36529,37164,6135515
2023-11-29,37311,38583,37311,37947,8522004
2023-11-30,37996,38240,37653,37653,4034735
2023-12-01,37898,38142,37213,37898,4164096
2023-12-04,38045,39561,37947,39072,10601673
2023-12-05,39072,39218,38827,39120,6200896
2023-12-06,39120,40147,39072,40050,9057986
2023-12-07,40147,40196,38631,39952,10598704
2023-12-08,39903,42055,39512,41663,16810802
2023-12-11,41663,41712,40979,41566,6211799
2023-12-12,41566,41663,41174,41566,5958365
2023-12-13,41859,42641,40636,40783,10867507
2023-12-14,41174,41370,40490,40685,6546661
2023-12-15,40685,40685,39609,39854,9353465
2023-12-18,40050,40050,38631,38729,8702188
2023-12-19,38631,40001,38338,39756,5741334
2023-12-20,39756,41468,39609,41468,12455352
2023-12-21,41272,41761,40930,41712,7209719
2023-12-22,41517,41712,41077,41419,6077323
2023-12-25,41419,42739,41419,41712,8482228
2023-12-26,41614,42201,41419,41761,6771030
2023-12-27,41761,42103,41614,41908,5244966
2023-12-28,41908,42299,41859,42103,6374234
2023-12-29,42250,42348,41712,41859,4183218
2024-01-02,42152,42348,41223,41517,7143270
2024-01-03,41468,42495,41077,42250,6086184
2024-01-04,42250,42837,42055,42250,8519623
2024-01-05,42250,43130,42055,42886,9044887
2024-01-08,43326,43326,42250,42250,6215699
2024-01-09,42201,42250,41468,41761,9020560
2024-01-10,41761,41957,40979,41321,6773587
2024-01-11,41321,42201,41272,41517,4994094
2024-01-12,40930,41663,40881,40979,7142308
2024-01-15,41614,42348,41321,41957,8988879
2024-01-16,41957,43424,41859,43326,17424732
2024-01-17,43326,44597,43326,43913,12491662
2024-01-18,43913,44842,43619,44842,8905753
2024-01-19,44989,45673,44304,45037,10722345
2024-01-22,45086,45282,44157,45135,7240140
2024-01-23,45135,45135,44255,44402,6107162
2024-01-24,44206,44451,43375,43424,9688323
2024-01-25,43277,44206,43130,44206,7539783
2024-01-26,44011,44500,43766,43913,3786071
2024-01-29,43962,44157,43522,43619,4132041
2024-01-30,43619,44451,43522,44402,7142787
2024-01-31,44695,44891,43668,44011,8747005
2024-02-01,44011,45673,44011,45184,11309166
2024-02-02,45478,46358,45086,46358,11953031
2024-02-05,46456,46553,45771,46358,7541893
2024-02-06,46456,46456,45771,45967,5406983
2024-02-07,45918,46015,45429,45575,5709528
2024-02-15,45918,45967,44842,44842,9344418
2024-02-16,45380,45575,44793,45282,5004113
2024-02-19,45478,46162,45135,45771,7508409
2024-02-20,45918,45918,44989,45771,7874063
2024-02-21,45673,45673,44989,45086,6482170
2024-02-22,45282,45282,44206,44304,11207252
2024-02-23,44304,44548,42984,43033,17645284
2024-02-26,43033,43522,42103,43375,13536146
2024-02-27,43717,44206,43424,43766,9639563
2024-02-28,44011,44842,43766,44304,13794972
2024-02-29,45380,45967,44989,45184,13896914
2024-03-01,45526,46260,45086,45575,15367910
2024-03-04,45575,46896,45575,46358,16601088
2024-03-05,46553,48901,46456,48901,22389795
2024-03-06,48901,49194,47238,47629,15090680
2024-03-07,47629,48167,47042,47923,9444782
2024-03-08,48167,48167,45967,46700,20605075
2024-03-11,46456,47238,45233,45380,13810505
2024-03-12,45135,46847,45037,45722,16655934
2024-03-13,45771,47629,45771,47482,8938689
2024-03-14,47727,47923,46064,46211,13310287
2024-03-15,46211,46651,45526,46309,8872873
2024-03-18,46162,46896,44646,44891,12159957
2024-03-19,44989,45380,44353,44500,8067807
2024-03-20,44597,47580,44597,46945,20647586
2024-03-21,47434,47874,46945,47434,9100016
2024-03-22,47629,48314,46945,48020,12088266
2024-03-25,47923,49194,47238,47238,10372726
2024-03-26,47238,47825,46749,47580,7526287
2024-03-27,47727,50270,47482,49585,12745979
2024-03-28,49683,51052,49292,49879,11657703
2024-03-29,49879,50857,49683,49976,11817070
2024-04-01,49683,51443,49585,50270,13705151
2024-04-02,49879,50465,48852,50465,12316214
2024-04-03,49879,50074,48803,49096,14389427
2024-04-04,48901,49585,47923,49585,13053485
2024-04-05,48901,50368,48363,49879,8147867
2024-04-08,49879,49879,48705,48901,6087872
2024-04-09,48901,51932,48705,51639,19495883
2024-04-10,51737,52030,50563,50857,10164178
2024-04-11,50074,51639,50074,51150,6972154
2024-04-12,51150,51443,50465,50857,6668264
2024-04-15,50563,50857,48412,48803,16511173
2024-04-16,48412,48901,47629,48803,11621543
2024-04-17,49292,49292,47874,48314,6953731
2024-04-19,48167,48216,46993,47140,9476611
2024-04-22,48118,48314,47091,47531,12295137
2024-04-23,48020,49194,47580,48705,18045910
2024-04-24,49096,51150,48754,51150,11536286
2024-04-25,50954,52617,50270,52617,19326311
2024-04-26,52324,53791,51835,53693,11871272
2024-05-02,54769,55551,53497,54377,21962618
2024-05-03,54475,55942,53791,54475,29623206
2024-05-06,54866,57507,54573,57018,11265169
2024-05-07,57507,58192,56236,57996,9467128
2024-05-08,57312,57996,56920,57801,8131162
2024-05-09,57703,57898,57116,57605,10479475
2024-05-10,57507,57703,56138,57605,9755665
2024-05-13,57605,57605,56725,57018,7244896
2024-05-14,57214,59659,56725,58779,16227401
2024-05-15,59268,60735,58681,59463,13076073
2024-05-16,59561,59757,58387,58583,12949145
2024-05-17,58485,58974,57703,58290,8968094
2024-05-20,58681,60246,58192,58681,9205739
2024-05-21,59268,59952,58681,59170,4734596
2024-05-22,59268,60246,58290,59659,8949719
2024-05-23,59365,60637,58681,60637,8863412
2024-05-24,59854,60343,57605,59170,13652574
2024-05-27,58779,59170,57898,58681,6370667
2024-05-28,59072,61419,58779,60148,9936155
2024-05-29,60246,60637,59170,59170,6886334
2024-05-30,58583,61419,57898,61419,14766103
2024-05-31,61419,62984,61028,62202,10266854
2024-06-03,62495,62691,61810,62593,8262258
2024-06-04,62593,62788,61713,62397,6573371
2024-06-05,61615,61908,60246,60637,13787924
2024-06-06,60637,61126,60246,60539,7075634
2024-06-07,60930,61419,60441,60735,4301690
2024-06-10,60832,61908,60637,61615,4853340
2024-06-11,61908,62006,60441,60930,6442107
2024-06-12,61224,62495,60637,62006,5027446
2024-06-13,62299,62984,61713,62593,7867076
2024-06-14,62593,62788,61615,61615,8122406
2024-06-17,61419,61419,59659,60637,9508710
2024-06-18,60735,61126,59757,60832,7177615
2024-06-19,60539,62299,60246,61908,7690035
2024-06-20,61810,62104,61126,62104,5640281
2024-06-21,61615,63277,61028,62104,7139460
2024-06-24,62104,62104,60148,60637,11383093
2024-06-25,60637,61321,60246,60637,6383936
2024-06-26,61126,61810,59952,61224,8188670
2024-06-27,60637,62202,60637,62006,8299953
2024-06-28,62204,62204,60725,61514,6190923
2024-07-01,61711,64866,61120,64866,21794068
2024-07-02,64866,65063,63781,65063,9250617
2024-07-03,64964,65457,64176,64570,7440330
2024-07-04,64767,65359,63978,64176,5864615
2024-07-05,64274,64866,64077,64668,7943334
2024-07-08,64668,66443,64668,66049,10455136
2024-07-09,66246,66246,65359,65851,7983193
2024-07-10,65753,65851,64274,64274,10913791
2024-07-11,64471,64767,63683,63880,8305703
2024-07-12,63880,64471,63190,63880,8740735
2024-07-15,63978,64077,63190,63387,3696509
2024-07-16,63683,64373,63190,63190,7683411
2024-07-17,63781,63781,61317,62598,16988598
2024-07-18,62598,64077,62500,64077,7940635
2024-07-19,64077,65359,63781,64668,12010974
2024-07-22,64274,64471,62894,64373,5886642
2024-07-23,64077,64077,61120,61613,9203393
2024-07-24,60725,61120,57768,60528,15070437
2024-07-25,59148,60134,58852,60134,4906818
2024-07-26,59641,60134,59542,60134,4385963
2024-07-29,60528,61514,60232,61120,5343067
2024-07-30,61120,62303,61021,62105,5472963
2024-07-31,62993,63584,62598,62894,10337623
2024-08-01,62894,62894,60627,61218,10609909
2024-08-02,60134,62007,59838,62007,7608084
2024-08-05,60627,61415,59444,60725,11581727
2024-08-06,60922,61415,59739,61415,6422290
2024-08-07,61415,61613,60627,61415,4796608
2024-08-08,61120,62007,61021,61514,5793851
2024-08-09,61810,64866,61613,64668,17526008
2024-08-12,64964,65851,64668,65654,11016974
2024-08-13,65851,66246,64570,65753,9396736
2024-08-14,65851,66049,64866,65654,6296454
2024-08-15,65359,65457,64373,64964,7151226
2024-08-16,65063,68513,64964,68020,18529166
2024-08-19,68020,68710,67626,68020,6423896
2024-08-20,68020,68513,67330,68513,8141978
2024-08-21,68415,69203,67922,68809,8951937
2024-08-22,68710,69203,68119,69006,5284532
2024-08-23,69006,69203,68316,69006,4429255
2024-08-26,69006,69795,68612,68809,5965744
2024-08-27,68415,68809,66837,68809,14482117
2024-08-28,68710,68710,67724,68415,6604598
2024-08-29,67922,68415,67626,68119,4227863
2024-08-30,68119,68809,67724,68809,5298059
2024-09-04,67724,68710,67232,68119,4464829
2024-09-05,67823,67922,66640,66936,8484028
2024-09-06,66640,67034,65851,67034,8349711
2024-09-09,66739,67034,66246,66542,3679402
2024-09-10,66542,67724,66542,66837,6458432
2024-09-11,66837,66936,66147,66837,6806260
2024-09-12,67034,67034,66246,66542,3875544
2024-09-13,66246,66542,65556,66246,7129047
2024-09-16,65950,66049,65063,65161,5298849
2024-09-17,65260,65851,64570,65851,8764583
2024-09-18,65950,67626,65851,67232,10681518
2024-09-19,67527,67527,66739,67232,5283173
2024-09-20,67626,67724,67034,67034,5019168
2024-09-23,67034,67034,65851,66344,5050063
2024-09-24,66542,67823,66542,67133,6643981
2024-09-25,67527,67724,67034,67724,5448917
2024-09-26,67823,68513,67330,67330,7186856
2024-09-27,67626,67626,65851,66542,13137510
2024-09-30,66542,67133,65950,67133,5929874
2024-10-01,67330,67724,66837,66837,9999390
2024-10-02,66542,66936,66049,66443,7160079
2024-10-03,66443,66443,64866,65359,14750853
2024-10-04,65556,65851,65260,65457,5275165
2024-10-07,65753,66147,64964,65359,5551286
2024-10-08,65753,65753,64077,64274,11013225
2024-10-09,64077,64373,62697,63288,20856754
2024-10-10,63584,64471,63190,64077,8672895
2024-10-11,64077,64373,62598,63584,10014598
2024-10-14,63978,64077,62697,62697,8411163
2024-10-15,62993,63880,62795,63486,12473279
2024-10-16,63486,64767,63387,64570,13714898
2024-10-17,64866,64866,64274,64866,6631676
2024-10-18,64964,65161,64274,64767,6165300
2024-10-21,64373,65063,63978,64866,4335467
2024-10-22,65359,65851,64570,65359,9785541
2024-10-23,65161,65359,64176,64767,6102276
2024-10-24,64471,65063,63978,64471,4643461
2024-10-25,64471,65063,64077,64570,4952910
2024-10-28,64570,64668,63978,64570,3960667
2024-10-29,64668,65556,64471,65556,9541809
2024-10-30,65556,65556,64767,65063,8929924
2024-10-31,65063,65556,64668,65556,6148018
2024-11-01,64964,65161,64570,65063,21334802
2024-11-04,64964,64964,63781,64176,9366267
2024-11-05,63978,64668,63880,64668,5273396
2024-11-06,64767,64767,64077,64668,5417070
2024-11-07,64866,64866,63880,64471,5245828
2024-11-08,64471,64471,63584,64077,4700721
2024-11-11,63584,64077,62007,62105,9395316
2024-11-12,62204,62303,59937,59937,10608648
2024-11-13,59937,61415,59444,61021,7235706
2024-11-14,60627,60725,59838,60430,4484483
2024-11-15,59937,60232,58951,59049,6654179
2024-11-18,59049,59049,56289,58064,12086406
2024-11-19,58162,58162,56684,56684,5341277
2024-11-20,56388,57275,55205,55993,9757972
2024-11-21,56191,58064,55698,57866,8169014
2024-11-22,57866,58557,57571,58162,5807948
2024-11-25,57965,58458,57768,58162,4571207
2024-11-26,58458,59247,58162,59148,4372919
2024-11-27,59049,60035,58655,59345,4939448
2024-11-28,59444,59739,58852,59148,3776527
2024-11-29,59148,59641,58064,59641,5589666
2024-12-02,59838,59838,59049,59542,2792248
2024-12-03,59247,59444,58754,58951,4021266
2024-12-04,58557,58951,57176,57275,8862185
2024-12-05,57571,60331,57275,60134,8618282
2024-12-06,59937,61021,59641,60232,7828290
2024-12-09,60725,60725,59937,60232,4413080
2024-12-10,60232,60331,59641,59937,4228901
2024-12-11,59838,59937,59049,59148,4823524
2024-12-12,59444,59641,59049,59148,3774368
2024-12-13,58951,60430,58754,60134,5598809
2024-12-16,60134,60528,59345,60134,3623325
2024-12-17,60134,60134,59345,59444,3678021
2024-12-18,59345,59641,59049,59345,4077386
2024-12-19,58951,59049,58557,58951,7105999
2024-12-20,59148,59937,58754,59739,3753221
2024-12-23,59739,60232,59641,60134,5540395
2024-12-24,60331,60430,59838,60430,3064249
2024-12-25,60430,61415,60430,61317,6304627
2024-12-26,61514,61514,59641,60627,6556865
2024-12-27,59739,60725,59542,60528,6950296
2024-12-30,59641,60331,59641,60134,4179698
2024-12-31,60035,60134,59641,60134,4521742
2025-01-02,60035,60331,59444,59739,3970635
2025-01-03,59739,59838,57768,57768,6610570
2025-01-06,57571,58458,56191,56191,5415257
2025-01-07,56486,56979,55599,56289,5536744
2025-01-08,56289,57275,55698,57275,3070560
2025-01-09,57176,57176,56684,56881,1739942
2025-01-10,56684,57176,56092,56684,3596280
2025-01-13,55796,56881,55698,56486,3793651
2025-01-14,56486,56684,55796,56388,2919301
2025-01-15,56585,57078,55993,56486,3243475
2025-01-16,56388,57176,56191,56979,3795657
2025-01-17,56486,56979,56388,56881,2703470
2025-01-20,56881,57078,56486,56684,2218939
2025-01-21,56881,57374,56388,56881,3422893
2025-01-22,57078,57176,56585,56585,3105097
2025-01-23,56486,58655,56486,58359,5661722
2025-01-24,58359,59247,57768,59247,6760582
2025-02-03,58162,58754,57669,58754,5160264
2025-02-04,59049,59049,58162,58754,3640401
2025-02-05,58754,58951,58261,58557,2782352
2025-02-06,58655,58754,57866,58261,4151144
2025-02-07,58064,58162,56979,58064,6959361
2025-02-10,57472,57472,56585,56585,5929539
2025-02-11,56585,56585,55599,55599,5990105
2025-02-12,55993,56486,55599,55599,4851864
2025-02-13,55205,55205,54022,54022,11359816
2025-02-14,54318,54515,53036,54416,11180612
2025-02-17,54416,54416,53332,53332,5939777
2025-02-18,53233,54219,53036,53726,4501805
2025-02-19,53923,55303,53628,55008,7551249
2025-02-20,55106,55895,54909,55895,6198922
2025-02-21,55993,57472,55796,57275,10130322
2025-02-24,57275,57669,56486,57571,6248568
2025-02-25,57275,57571,56585,57472,7932855
2025-02-26,57472,58261,56979,57866,4981065
2025-02-27,57866,57965,57374,57768,3225515
2025-02-28,57176,57866,56979,57472,5285879
2025-03-03,57374,58261,56979,57965,5941106
2025-03-04,57866,59049,57571,58655,6418646
2025-03-05,58951,59345,58458,58754,7193772
2025-03-06,58951,61021,58754,61021,13459391
2025-03-07,60922,61120,60430,61021,5408360
2025-03-10,61120,61415,60528,61317,8130427
2025-03-11,60528,62303,60528,62105,9583971
2025-03-12,62105,62105,61021,61810,8822656
2025-03-13,61810,61908,60331,60627,7331367
2025-03-14,60627,61415,60331,60627,8763578
2025-03-17,60824,61120,60528,61120,3543755
2025-03-18,61317,61613,60528,60922,5352042
2025-03-19,60331,60528,58162,58655,13424048
2025-03-20,58951,59148,58162,59148,4066186
2025-03-21,59148,59444,58557,59444,3132058
2025-03-24,58951,59444,58655,59444,2857765
2025-03-25,59542,60430,59049,59641,5516767
2025-03-26,59739,60331,59641,59937,2417112
2025-03-27,59937,59937,59148,59542,3191408
2025-03-28,59247,59838,58064,58951,7231956
2025-03-31,58162,58359,57275,58162,6539616
2025-04-01,57768,58064,56881,57768,5645419
2025-04-02,57768,58852,57176,57965,7444709
2025-04-03,54318,55501,53923,53923,14968976
2025-04-04,50177,52740,50177,52050,28993304
2025-04-08,48501,49290,48452,48452,11938411
2025-04-09,45100,48501,45100,45593,20211880
2025-04-10,48748,48748,48748,48748,412041
2025-04-11,50276,52149,49881,52149,12782340
2025-04-14,54219,55796,53529,55796,15369038
2025-04-15,55205,56782,54318,56289,12065610
2025-04-16,55796,56881,54810,55993,9257458
2025-04-17,55106,55993,54810,55993,5400779
2025-04-18,56092,56782,55402,55402,6358026
2025-04-21,55501,55796,54515,54810,4635405
2025-04-22,54613,56486,51262,56486,16310795
2025-04-23,57669,58458,57374,57965,8399402
2025-04-24,57965,59049,57571,58852,7687446
2025-04-25,58655,59641,58557,59641,10320018
2025-04-28,60035,61120,58754,60035,7713867
2025-04-29,59937,60232,59641,59937,5704973
2025-05-05,59937,60528,59148,60134,5103811
2025-05-06,60134,60331,59247,59641,4114085
2025-05-07,59049,59641,58261,59247,7748231
2025-05-08,59247,59444,58064,59444,9470780
2025-05-09,59444,60134,59247,59542,4783972
2025-05-12,59838,60035,59247,59937,6438625
2025-05-13,60331,62795,60134,62598,17099075
2025-05-14,62894,63387,62697,63091,9934733
2025-05-15,63091,63683,62105,63387,9785012
2025-05-16,62894,63584,62598,62894,5359136
2025-05-19,62598,63486,62204,62795,6538196
2025-05-20,62598,64274,62401,63781,11907079
2025-05-21,63978,63978,62697,63387,6785707
2025-05-22,62993,63880,62697,63387,8717989
2025-05-23,63288,63387,62401,63288,7280780
2025-05-26,63288,64077,61514,63584,7022812
2025-05-27,63880,63978,62598,63387,8167305
2025-05-28,63387,64570,63091,63486,10280647
2025-05-29,63584,63683,62500,63387,7335641
2025-05-30,62894,62993,61218,61218,12825483
2025-06-02,61120,61120,59148,60134,14340007
2025-06-03,60134,61908,60134,61514,6569658
2025-06-04,61908,61908,60232,60430,6684468
2025-06-05,60134,61317,60134,60824,5370039
2025-06-06,60331,60430,59542,59641,6297070
2025-06-09,59641,59838,59049,59641,7253988
2025-06-10,60134,62007,59739,60627,10562804
2025-06-11,60627,61317,60627,61021,4244023
2025-06-12,61613,62598,61218,62598,10600498
2025-06-13,61810,62500,60922,62303,8837505
2025-06-16,62105,63387,61711,63387,8364630
2025-06-17,63486,63584,62894,63486,5188927
2025-06-18,63387,64373,62697,62795,7684831
2025-06-19,62697,63387,62204,63091,7901958
2025-06-20,63091,63683,62795,63190,4817307
2025-06-23,62993,64077,62303,64077,7783484
2025-06-24,64866,64964,63978,63978,8026986
2025-06-25,63880,64274,63584,64077,6371460
2025-06-26,64077,64373,63288,63584,5209101
2025-06-27,63781,65359,63683,64866,11074982
2025-06-30,65260,65359,64471,64570,5035793
2025-07-01,64570,64866,63387,63584,7115966
2025-07-02,63584,64176,63387,63880,5789872
2025-07-03,63781,65654,63781,64471,12688301
2025-07-04,64964,65556,64570,65359,6186262
2025-07-07,65654,65851,64866,65556,6690099
2025-07-08,65654,66344,65063,66246,8527473
2025-07-09,66542,66739,65851,66739,7528756
2025-07-10,67034,67429,66344,67034,6949852
2025-07-11,67034,67133,66344,66936,5784473
2025-07-14,66936,68020,65457,68020,8677135
2025-07-15,68415,70386,68316,68316,10084554
2025-07-16,68217,69006,67527,69006,6388393
2025-07-17,68809,69795,68612,69499,6850006
2025-07-18,69499,70978,68710,69696,7746874
2025-07-21,69992,69992,68217,69006,7606269
2025-07-22,69006,69400,68020,69400,7912554
2025-07-23,69795,69992,69006,69499,7553965
2025-07-24,70000,70000,68800,69500,6611350
2025-07-25,69500,71100,69200,70100,6473832
2025-07-28,70600,71000,69600,70200,9577988
2025-07-29,70200,70200,66400,66600,18369536
2025-07-30,67500,67900,66100,67100,13167433
2025-07-31,67200,67800,65200,65300,14558661
2025-08-01,65400,66700,65200,65200,8232595
2025-08-04,65200,67000,65200,67000,8215628
2025-08-05,67300,69500,66000,69300,15704906
2025-08-06,68900,72400,68500,72400,18016382
2025-08-07,72700,72800,71600,72400,8105016
2025-08-08,72600,72800,70500,72000,11125451
2025-08-11,72000,73700,71700,72100,10686203
2025-08-12,72300,72500,71000,72200,7814892
2025-08-13,72500,72500,70000,70900,11749045
2025-08-14,71000,71900,70100,71900,9938554
2025-08-15,72000,72300,69800,70500,9122157
2025-08-18,70600,71000,69200,70000,8208078
2025-08-19,70000,70000,68000,68000,14144388
2025-08-20,68500,70700,68100,69400,11471523
2025-08-21,69400,71600,69200,71000,12503773
2025-08-22,69900,70600,68400,70300,10910851
2025-08-25,70300,70600,68600,68800,6392472
2025-08-26,69000,73600,68600,73600,16825728
2025-08-27,75000,76600,74600,75000,12575457
2025-08-28,75000,77300,74500,77300,11889870
2025-08-29,78000,78200,76600,78000,9411617
2025-09-03,76900,77600,75700,75800,8076082
2025-09-04,76000,77500,73900,77500,12041813
2025-09-05,78000,78300,75000,75000,9778613
2025-09-08,74500,76800,74000,74000,13722262
2025-09-09,74600,76000,73700,76000,6940217
2025-09-10,75600,76300,74500,75500,7774276
2025-09-11,75400,79400,74000,78800,18135707
2025-09-12,78800,79400,77800,79000,7908487
2025-09-15,79000,79600,78100,79500,8403827
2025-09-16,79600,81400,78900,80300,8936871
2025-09-17,79800,81100,78000,78000,8307393
2025-09-18,78000,78500,76700,78500,8724263
2025-09-19,78500,78900,77400,78600,4282595
2025-09-22,77900,77900,76000,76500,8132520
2025-09-23,76800,78200,76300,77800,4471236
2025-09-24,77700,79200,77100,79200,4396211
2025-09-25,78800,79000,78100,79000,5306248
2025-09-26,78300,79100,77900,77900,4086442
2025-09-29,77900,77900,76600,77000,6027119
2025-09-30,76800,77800,76200,77700,7821516
2025-10-01,77500,78300,77200,77700,4992436
2025-10-02,77800,78500,76900,77100,4731035
2025-10-03,77000,77400,75400,77000,9676970
2025-10-06,78400,78700,77200,77600,9456645
2025-10-07,78000,79500,77500,78000,7206504
2025-10-08,79000,81300,78500,80800,17350628
2025-10-09,80800,81900,80500,81500,7791717
2025-10-10,81400,82000,80600,82000,7599600
2025-10-13,81200,83000,81000,83000,7971132
2025-10-14,83900,85000,82400,84200,12106352
2025-10-15,84000,84700,83000,83300,5697998
2025-10-16,83300,84800,83000,84500,6639067
2025-10-17,84800,85900,83800,84500,9887629
2025-10-20,87000,87900,79800,80900,14241862
2025-10-21,82300,83000,80500,83000,12073027
2025-10-22,83000,84500,81600,84500,8212646
2025-10-23,86000,86800,84600,85700,9163005
2025-10-24,85500,85900,82800,85700,9661384
2025-10-27,85700,85700,81000,81000,9895556
2025-10-28,80900,84400,80400,84200,8286285
2025-10-29,83000,84400,83000,84100,5080239
2025-10-30,84200,84400,83500,83900,5656340
2025-10-31,83900,84000,82000,82600,6458177
2025-11-03,83000,83300,81000,81000,6153121
2025-11-04,80900,82000,78500,81800,13694914
2025-11-05,81500,81500,80100,80200,4684623
2025-11-06,80300,81000,78800,80300,4504729
2025-11-07,79600,80500,75500,76500,8654756
2025-11-10,76300,79300,76300,76800,7283809
2025-11-11,77500,79100,77500,78000,5885763
2025-11-12,78000,80500,77900,80500,5087433
2025-11-13,80100,80500,79500,80100,3802423
2025-11-14,79200,82000,79200,81400,3956866
2025-11-17,81200,82400,81200,82400,4519774
2025-11-18,82500,83200,81900,83000,4422687
2025-11-19,83000,83200,81600,82400,6069611
2025-11-20,82300,82300,80800,81000,5083959
2025-11-21,80400,80400,78100,80000,8338133
2025-11-24,80300,80400,79200,79300,4153218
2025-11-25,79000,79800,78500,78500,4227051
2025-11-26,78500,80200,78500,80200,4737820
2025-11-27,80000,80100,79500,80000,3508603
2025-11-28,80000,80100,79200,79900,3029654
