date,open,high,low,close,volume
2015-01-05,9317,9435,9229,9376,310010
2015-01-06,9376,9993,9376,9993,1684600
2015-01-07,10023,10170,9729,9876,1430340
2015-01-08,9905,10287,9876,10170,904240
2015-01-09,10258,10875,10258,10846,2286680
2015-01-12,10875,11110,10787,10934,3059730
2015-01-13,10875,10963,10728,10875,1496280
2015-01-14,10816,11198,10816,10992,2338820
2015-01-15,10934,11110,10816,10816,1083780
2015-01-16,10816,10816,10610,10669,678030
2015-01-19,10699,10934,10405,10405,922600
2015-01-20,10405,10610,10375,10581,802390
2015-01-21,10581,10581,10405,10405,536600
2015-01-22,10405,10846,10258,10640,1904310
2015-01-23,10728,11169,10669,10904,1369330
2015-01-26,10904,11022,10757,10757,498570
2015-01-27,10728,10816,10434,10669,1039610
2015-01-28,10669,11051,10581,10992,1341830
2015-01-29,10992,10992,10816,10846,591880
2015-01-30,10816,10816,10463,10493,1161160
2015-02-02,10434,10610,10405,10493,608170
2015-02-03,10463,10522,9787,9787,1492700
2015-02-04,9552,9787,9376,9729,1365870
2015-02-05,9846,10287,9846,10258,814650
2015-02-06,10287,10581,10287,10581,688720
2015-02-09,10522,10787,10434,10640,1011240
2015-02-10,10699,10846,10669,10699,592970
2015-02-11,10699,10963,10669,10904,531780
2015-02-12,10992,10992,10669,10669,578600
2015-02-13,10669,10816,10669,10728,388300
2015-02-24,10875,11463,10787,11463,1012520
2015-02-25,11433,11727,11198,11198,890900
2015-02-26,11316,11727,11286,11580,740750
2015-02-27,11610,11610,11139,11286,701990
2015-03-02,11257,11375,11081,11286,310940
2015-03-03,11257,11463,11169,11316,565220
2015-03-04,11404,11404,11198,11404,446280
2015-03-05,11375,11375,11139,11139,692720
2015-03-06,11110,11169,10787,10963,1411330
2015-03-09,10963,10963,10610,10699,1180460
2015-03-10,10610,10875,10610,10816,596890
2015-03-11,10816,10846,10699,10728,576700
2015-03-12,10699,10846,10699,10816,378150
2015-03-13,10875,10992,10787,10787,498020
2015-03-16,10287,10669,10287,10375,2068770
2015-03-17,10434,10610,10434,10493,600760
2015-03-18,10463,10552,10375,10522,305040
2015-03-19,10463,10463,10375,10434,1024340
2015-03-20,10375,10699,10375,10581,4058430
2015-03-23,10581,10640,10316,10346,989730
2015-03-24,10287,10405,10140,10375,1639950
2015-03-25,10316,10434,10287,10405,661510
2015-03-26,10258,10493,10258,10287,1339170
2015-03-27,10287,10463,10258,10375,1452040
2015-03-30,10316,10434,10316,10316,664600
2015-03-31,10316,10463,10287,10316,677180
2015-04-01,10316,10375,10228,10287,881700
2015-04-02,10287,10522,10258,10493,538520
2015-04-03,10493,10522,10434,10493,435220
2015-04-06,10434,10493,10434,10434,346120
2015-04-07,10434,10552,10316,10522,696080
2015-04-08,10493,10522,10405,10434,1039830
2015-04-09,10405,10640,10405,10522,532290
2015-04-10,10522,10699,10522,10581,566250
2015-04-13,10640,10699,10581,10699,666920
2015-04-14,10757,10787,10669,10699,1090910
2015-04-15,10669,10787,10669,10757,685160
2015-04-16,10757,11051,10728,10963,1034230
2015-04-17,10963,11081,10963,10992,918190
2015-04-20,11022,11022,10846,10963,526550
2015-04-21,10904,10963,10757,10787,685380
2015-04-22,10787,10904,10787,10875,669760
2015-04-23,10875,10904,10787,10875,408610
2015-04-24,10934,10963,10875,10934,185110
2015-04-27,10904,10963,10640,10640,201080
2015-05-04,10640,10787,10434,10463,511240
2015-05-05,10463,10934,10434,10934,473810
2015-05-06,10875,10992,10787,10904,429770
2015-05-07,10904,11081,10846,11051,686100
2015-05-08,11051,11492,10963,11375,1036170
2015-05-11,11375,11522,11345,11433,312920
2015-05-12,11492,11492,11257,11345,432980
2015-05-13,11345,11345,11022,11198,364050
2015-05-14,11110,11316,11110,11257,61900
2015-05-15,11257,11433,11139,11286,465740
2015-05-18,11139,11375,11081,11345,556660
2015-05-19,11257,11610,11198,11492,350870
2015-05-20,11492,11668,11463,11639,482750
2015-05-21,11757,11904,11668,11757,685570
2015-05-22,11845,12433,11757,12403,1282150
2015-05-25,12286,12462,12227,12344,686420
2015-05-26,12344,12815,12315,12638,1016490
2015-05-27,12403,12815,12403,12609,757720
2015-05-28,12521,12991,12491,12668,1048640
2015-05-29,12580,12932,12550,12727,1080710
2015-06-01,12727,13520,12727,13432,1207510
2015-06-02,13491,14167,13461,13491,2101670
2015-06-03,13520,13667,12932,13079,667560
2015-06-04,13021,13373,12903,13079,403010
2015-06-05,12932,13432,12844,13256,602160
2015-06-08,13256,13491,13109,13314,452900
2015-06-09,13226,13314,12903,12991,691070
2015-06-10,13050,13050,12580,12727,630440
2015-06-11,12815,13109,12609,12844,805370
2015-06-12,12815,12932,12785,12815,257260
2015-06-15,12815,13314,12815,13314,454090
2015-06-16,13314,13373,13079,13079,360950
2015-06-17,12932,13256,12903,13050,272520
2015-06-18,13021,13344,13021,13197,462680
2015-06-19,13167,13667,13138,13667,1800460
2015-06-22,13697,13990,13697,13990,614680
2015-06-23,13961,14020,13814,13990,400240
2015-06-24,13990,14020,13785,13785,503260
2015-06-25,13785,13932,13667,13785,497890
2015-06-26,14025,14085,13424,13424,689150
2015-06-29,13274,14175,13244,14115,801070
2015-06-30,13995,14685,13995,14655,1268430
2015-07-01,14655,14685,14205,14565,543510
2015-07-02,14535,15466,14505,15466,977550
2015-07-03,15466,16517,15466,16367,784290
2015-07-06,16367,16667,15917,16367,1229700
2015-07-07,16217,16818,16067,16217,1003450
2015-07-08,16217,16367,15166,15616,1655430
2015-07-09,15466,16367,15166,15766,1079840
2015-07-10,16217,16217,15766,15766,464880
2015-07-13,15917,16067,15616,15766,525230
2015-07-14,15766,15917,15016,15766,514730
2015-07-15,15766,15766,15316,15316,400670
2015-07-16,15316,15616,15016,15316,375790
2015-07-17,15466,15616,15316,15316,343320
2015-07-20,15316,15316,14805,14835,426470
2015-07-21,14835,15166,14685,14775,605660
2015-07-22,14775,15766,14715,15616,1103990
2015-07-23,15766,15917,15466,15466,399180
2015-07-24,15466,15616,15166,15166,353890
2015-07-27,15166,15466,15016,15316,925380
2015-07-28,15466,15917,15316,15466,748360
2015-07-29,15466,15616,15316,15316,396810
2015-07-30,15316,15316,15016,15316,320770
2015-07-31,15466,15466,14986,14986,373390
2015-08-03,14956,14956,14055,14385,1106740
2015-08-04,14325,14445,13814,13814,747010
2015-08-05,13814,14055,13724,13844,1028160
2015-08-06,13844,14085,13484,13544,892770
2015-08-07,13544,13604,13214,13484,1371930
2015-08-10,13394,13935,13394,13935,412410
2015-08-11,14055,14385,13905,14145,1507950
2015-08-12,13995,14055,13604,13664,1038470
2015-08-13,13664,13664,13184,13214,1183060
2015-08-14,13214,13334,12733,13004,1536800
2015-08-17,13034,13154,12103,12313,1552820
2015-08-18,12313,12763,12253,12763,1044970
2015-08-19,12703,13064,12373,13004,1125290
2015-08-20,12853,13064,12673,12883,768710
2015-08-21,12673,12733,12193,12733,1153140
2015-08-24,12613,12613,11862,11862,2073440
2015-08-25,11412,12223,11412,12043,1945960
2015-08-26,12043,12553,12043,12313,1029560
2015-08-27,12523,12853,12403,12493,1471170
2015-08-28,12493,13034,12493,13034,2136610
2015-08-31,13064,13094,12763,12763,1309110
2015-09-01,12793,12913,12613,12763,657910
2015-09-03,12703,12853,12403,12493,1436900
2015-09-04,12493,12703,12493,12613,545040
2015-09-07,12613,12793,12583,12643,593370
2015-09-08,12643,13334,12613,13334,2703220
2015-09-09,13604,13995,13514,13754,1813760
2015-09-10,13514,14055,13454,13814,1389010
2015-09-11,13664,13844,13394,13454,892160
2015-09-14,13424,13724,12974,12974,1161100
2015-09-15,12974,13034,12793,12823,728090
2015-09-16,12913,13244,12913,13214,573270
2015-09-17,13304,13304,13094,13094,389220
2015-09-18,13214,13454,13214,13214,3095740
2015-09-21,13214,13454,13214,13424,368840
2015-09-22,13424,13544,13334,13394,297400
2015-09-23,13334,13394,13214,13364,748260
2015-09-24,13424,13514,13244,13244,551100
2015-09-25,13244,13304,13184,13214,468130
2015-09-28,13244,13244,12913,12913,1007870
2015-09-29,12823,12883,12703,12853,906190
2015-09-30,12943,13034,12883,12883,343930
2015-10-01,12913,12974,12883,12913,280230
2015-10-02,12943,13064,12823,13004,346420
2015-10-05,13004,13124,12913,13064,336080
2015-10-06,13214,13634,13214,13604,1309620
2015-10-07,13694,13935,13574,13574,1526700
2015-10-08,13634,14145,13634,14085,1338160
2015-10-09,14265,14265,13965,13965,711050
2015-10-12,14055,14535,13995,14445,1523040
2015-10-13,14355,14415,14265,14385,738570
2015-10-14,14385,14385,14175,14175,921110
2015-10-15,14235,14295,14145,14235,504420
2015-10-16,14235,14355,14025,14025,682110
2015-10-19,14025,14025,13814,13814,872090
2015-10-20,13844,13844,13604,13634,939520
2015-10-21,13634,13995,13634,13694,664260
2015-10-22,13814,13874,13694,13874,360190
2015-10-23,13995,14145,13965,14085,760300
2015-10-26,14145,14175,14025,14025,758050
2015-10-27,13995,14085,13935,13995,395950
2015-10-28,13995,14025,13814,13844,662770
2015-10-29,13874,14025,13814,14025,758130
2015-10-30,14025,14325,14025,14325,1711470
2015-11-02,14325,14565,14295,14325,1229570
2015-11-03,14325,14475,14145,14475,715650
2015-11-04,14505,14655,14475,14475,935950
2015-11-05,14355,14445,14325,14385,374890
2015-11-06,14385,14565,14205,14415,832310
2015-11-09,14415,14805,14355,14745,1119460
2015-11-10,14715,14745,14505,14505,613510
2015-11-11,14505,14595,14325,14325,491500
2015-11-12,14265,14325,14025,14295,879940
2015-11-13,14325,14355,14145,14265,571470
2015-11-16,14145,14295,14085,14145,426970
2015-11-17,14145,14415,14115,14175,448710
2015-11-18,14115,14265,14115,14175,302580
2015-11-19,14235,14235,14085,14115,359250
2015-11-20,14115,14205,14115,14115,268060
2015-11-23,14145,14175,14025,14025,463650
2015-11-24,14025,14025,13814,13874,402700
2015-11-25,13935,13935,13664,13814,391200
2015-11-26,13754,13814,13634,13634,281040
2015-11-27,13544,13634,13244,13304,673400
2015-11-30,13274,13304,12883,12883,977620
2015-12-01,12883,13034,12613,12643,880030
2015-12-02,12643,12823,12613,12673,1737010
2015-12-03,12613,12943,12613,12793,986090
2015-12-04,12883,12883,12643,12703,483880
2015-12-07,12643,12643,12223,12253,1415520
2015-12-08,12253,12974,12013,12943,909680
2015-12-09,12943,12943,12373,12433,892100
2015-12-10,12433,12553,12313,12373,406020
2015-12-11,12373,12583,12253,12403,579040
2015-12-14,12463,12583,12373,12493,634120
2015-12-15,12493,13094,12493,12974,1248200
2015-12-16,13064,13274,13004,13064,663090
2015-12-17,13124,13274,13094,13214,675360
2015-12-18,13064,13244,12373,12373,3155650
2015-12-21,12613,12763,12613,12763,1032900
2015-12-22,12823,12883,12703,12763,502820
2015-12-23,12643,12793,12613,12733,846590
2015-12-24,12793,12853,12673,12673,228290
2015-12-25,12703,12883,12673,12763,587920
2015-12-28,12853,12913,12763,12763,431580
2015-12-29,12763,13244,12733,13214,1440210
2015-12-30,13244,13484,13184,13304,1125780
2015-12-31,13364,13364,13154,13184,749830
2016-01-04,13154,13214,12793,12974,761750
2016-01-05,12883,13034,12733,12763,1133260
2016-01-06,12763,12974,12763,12913,699490
2016-01-07,12853,12883,12613,12763,935460
2016-01-08,12703,12793,12523,12673,676340
2016-01-11,12673,12733,12553,12583,742390
2016-01-12,12613,12823,12613,12823,481040
2016-01-13,12853,12883,12703,12703,448800
2016-01-14,12553,12673,12463,12553,641380
2016-01-15,12553,12613,12193,12193,880150
2016-01-18,11862,12013,11412,11592,1614080
2016-01-19,11592,12133,11592,12103,771340
2016-01-20,12013,12313,11862,12013,733790
2016-01-21,11862,12013,11742,11832,654450
2016-01-22,12013,12043,11592,11892,777540
2016-01-25,12013,12583,12013,12523,1367810
2016-01-26,12163,12403,12103,12193,656340
2016-01-27,12403,12403,12163,12163,582060
2016-01-28,12103,12253,12103,12163,562170
2016-01-29,12163,12433,12103,12433,1019250
2016-02-01,12433,12463,12223,12223,223320
2016-02-02,12133,12253,12103,12133,603810
2016-02-03,12013,12013,11802,11892,802180
2016-02-04,12013,12193,12013,12013,286750
2016-02-05,11892,12133,11892,12043,268300
2016-02-15,11952,12193,11832,12103,800790
2016-02-16,12043,12253,12043,12103,390050
2016-02-17,12103,12193,11952,11952,827530
2016-02-18,12013,12283,11982,12103,735780
2016-02-19,12193,12193,12043,12043,473670
2016-02-22,12043,12163,12013,12133,653090
2016-02-23,12223,12493,12223,12313,1130660
2016-02-24,12313,12913,12223,12703,1653800
2016-02-25,12763,12913,12493,12553,1236220
2016-02-26,12613,12613,12403,12613,493160
2016-02-29,12553,12613,12313,12313,887030
2016-03-01,12313,12463,12223,12223,849900
2016-03-02,12343,12583,12313,12523,647420
2016-03-03,12583,12643,12463,12493,464550
2016-03-04,12493,12763,12463,12553,681190
2016-03-07,12613,12673,12523,12553,567700
2016-03-08,12553,12613,12433,12493,775770
2016-03-09,12523,12583,12403,12433,469530
2016-03-10,12463,12523,12313,12493,643780
2016-03-11,12553,12583,12463,12493,510750
2016-03-14,12523,12523,12403,12523,807110
2016-03-15,12463,12643,12463,12613,1294120
2016-03-16,12643,13064,12643,12974,1864950
2016-03-17,13064,13124,12823,12823,1074970
2016-03-18,12793,12853,12673,12763,3546350
2016-03-21,13004,13184,12853,12883,1862820
2016-03-22,12913,13004,12853,13004,592130
2016-03-23,13004,13004,12853,12883,645700
2016-03-24,12883,12913,12613,12643,825250
2016-03-25,12613,12853,12493,12853,1381530
2016-03-28,12883,12913,12793,12853,533900
2016-03-29,12883,12883,12613,12613,325890
2016-03-30,12493,12703,12493,12643,444490
2016-03-31,12613,12673,12313,12313,937910
2016-04-01,12313,12433,12253,12283,554870
2016-04-04,12373,12403,12163,12283,439520
2016-04-05,12283,12433,12223,12313,610190
2016-04-06,12313,12613,12283,12613,920280
2016-04-07,12673,12673,12343,12523,594270
2016-04-08,12463,12523,12403,12433,653640
2016-04-11,12433,12613,12283,12493,985640
2016-04-12,12493,12793,12313,12643,970780
2016-04-13,12703,12733,12553,12583,633990
2016-04-14,12583,12763,12553,12703,774160
2016-04-15,12763,13064,12703,12763,1187790
2016-04-19,12793,13004,12673,12733,983900
2016-04-20,12763,12853,12643,12853,769750
2016-04-21,12853,12974,12793,12883,818280
2016-04-22,12883,13754,12883,13724,2478140
2016-04-25,13784,14055,13784,13784,1300050
2016-04-26,13664,14175,13664,14175,835300
2016-04-27,14175,14265,13784,13814,1194570
2016-04-28,13814,14055,13724,13874,693290
2016-04-29,13694,14055,13694,13814,726380
2016-05-04,13754,14025,13574,13844,747740
2016-05-05,13965,14355,13905,14145,1076200
2016-05-06,14235,14655,14175,14595,1525690
2016-05-09,14595,14805,14415,14415,831230
2016-05-10,14415,14595,14295,14595,544750
2016-05-11,14595,14775,14505,14715,713460
2016-05-12,14715,14805,14415,14415,488750
2016-05-13,14415,14505,14115,14295,679240
2016-05-16,14235,14505,14175,14505,377280
2016-05-17,14475,14655,14385,14505,663200
2016-05-18,14505,14956,14475,14715,1259090
2016-05-19,14715,14715,14445,14445,402860
2016-05-20,14595,14655,14175,14235,1038420
2016-05-23,14205,14355,13844,13844,701070
2016-05-24,13935,13965,13664,13784,757630
2016-05-25,13965,14025,13814,13814,272480
2016-05-26,13814,13905,13604,13604,722940
2016-05-27,13634,13694,13454,13604,591480
2016-05-30,13724,14055,13634,14055,535160
2016-05-31,14085,14265,13995,14025,490340
2016-06-01,13965,14115,13965,14085,370980
2016-06-02,14055,14205,13995,14145,290780
2016-06-03,14115,14265,14115,14205,440430
2016-06-06,14145,14565,14145,14355,783790
2016-06-07,14415,14505,14325,14445,435960
2016-06-08,14445,14595,14355,14385,912800
2016-06-09,14385,14505,14325,14445,401410
2016-06-10,14445,14745,14445,14565,885040
2016-06-13,14565,14685,14505,14535,1201150
2016-06-14,14445,14595,14355,14505,789760
2016-06-15,14475,14475,14325,14355,603140
2016-06-16,14385,14445,14295,14325,627180
2016-06-17,14205,14325,14145,14145,946910
2016-06-20,14145,14205,13905,14085,622260
2016-06-21,14085,14145,14055,14115,527750
2016-06-22,14115,14145,13965,14055,483280
2016-06-23,14085,14415,14055,14415,688340
2016-06-24,14385,14415,13424,14055,827980
2016-06-27,13935,13935,13634,13874,341850
2016-06-28,13754,14055,13754,13935,403030
2016-06-29,13995,14235,13995,14205,544530
2016-06-30,14145,14265,14115,14205,478490
2016-07-01,14205,14355,14115,14265,523850
2016-07-04,14265,14835,14265,14775,1206430
2016-07-05,14835,15616,14835,15166,1658790
2016-07-06,15016,15466,14986,15016,592020
2016-07-07,15166,15316,14956,15316,714940
2016-07-08,15316,15766,15016,15316,834180
2016-07-11,15466,16067,15316,15616,1538540
2016-07-12,15616,16217,15616,16217,725030
2016-07-13,16217,17268,16217,17268,1442560
2016-07-14,17418,17568,16818,16818,921830
2016-07-15,16818,17118,16217,16217,850920
2016-07-18,16067,16818,15917,16667,736570
2016-07-19,16818,17118,16517,16818,559050
2016-07-20,16968,16968,16217,16517,422540
2016-07-21,16517,16667,15917,16667,657360
2016-07-22,16517,16667,15616,15616,886600
2016-07-25,15616,16067,15466,15917,318900
2016-07-26,15917,16217,15616,15917,268770
2016-07-27,15766,16367,15766,16367,402240
2016-07-28,16367,16517,16067,16517,91390
2016-07-29,16367,16517,16067,16217,225610
2016-08-01,16217,16217,15917,15917,365040
2016-08-02,15917,15917,15316,15466,634560
2016-08-03,15316,15466,14866,15166,324230
2016-08-04,15316,16217,15166,15616,537660
2016-08-05,15766,15766,15166,15316,327970
2016-08-08,15466,15616,15166,15616,348760
2016-08-09,15616,15917,15466,15917,181050
2016-08-10,15766,16217,15766,16067,310040
2016-08-11,16067,16818,16067,16818,737430
2016-08-12,16667,16818,16067,16367,331030
2016-08-15,16067,16517,16067,16367,165580
2016-08-16,16217,16517,16067,16217,513280
2016-08-17,16217,16217,15616,15917,635370
2016-08-18,16217,16517,15917,15917,577820
2016-08-19,15917,16367,15917,16067,250570
2016-08-22,16517,16517,16067,16067,466900
2016-08-23,15917,16217,15766,15917,559330
2016-08-24,16067,16367,16067,16217,275230
2016-08-25,16217,16367,16067,16217,453540
2016-08-26,16818,17268,16667,17268,1821780
2016-08-29,17869,18169,17268,17268,1324350
2016-08-30,16968,17118,16517,16667,1550890
2016-08-31,16667,16968,16067,16217,2593570
2016-09-01,16367,16517,15466,15766,3427730
2016-09-05,15766,15766,14956,15166,4191860
2016-09-06,15316,15466,15016,15166,1844160
2016-09-07,15316,15616,15016,15166,1582570
2016-09-08,15316,15316,15016,15166,1899730
2016-09-09,15717,16172,15634,16006,3353710
2016-09-12,15965,15965,15303,15489,1033010
2016-09-13,15510,15510,14890,14890,2161880
2016-09-14,14703,15469,14703,15096,1555400
2016-09-15,15220,15344,14890,14890,717270
2016-09-16,14890,14931,14476,14476,7265480
2016-09-19,14765,15241,14765,15158,1527320
2016-09-20,15179,15551,15014,15489,1203310
2016-09-21,15303,15551,15303,15489,1739860
2016-09-22,15634,15841,15489,15510,1593200
2016-09-23,15510,15572,15386,15448,836780
2016-09-26,15448,15696,15324,15551,1147450
2016-09-27,15551,15986,15469,15965,2049090
2016-09-28,16048,16213,15944,16130,1753620
2016-09-29,16130,16192,15717,15841,1749200
2016-09-30,15841,16048,15717,15841,1402860
2016-10-03,15841,15965,15593,15675,1293590
2016-10-04,15675,15965,15634,15675,1653180
2016-10-05,15924,15965,15779,15799,931670
2016-10-06,15799,15986,15799,15861,1173090
2016-10-07,15903,15986,15634,15696,1316880
2016-10-10,15696,15799,15303,15510,1014570
2016-10-11,15593,15634,15138,15634,2070950
2016-10-12,15634,15696,15489,15551,532610
2016-10-13,15593,15593,15344,15427,587930
2016-10-14,15427,15593,15386,15386,840790
2016-10-17,15386,15386,15055,15055,1573680
2016-10-18,15055,15262,14931,15076,943960
2016-10-19,15220,15386,15138,15179,960210
2016-10-20,15220,15303,15179,15179,590370
2016-10-21,15179,15303,15138,15179,775760
2016-10-24,15220,15303,14931,14931,682740
2016-10-25,14931,14931,14641,14786,1336590
2016-10-26,14786,14807,14600,14600,694100
2016-10-27,14600,15014,14600,15014,844890
2016-10-28,15014,15055,14848,15014,435980
2016-10-31,15014,15076,14890,14890,672940
2016-11-01,14807,14972,14765,14848,519580
2016-11-02,14807,14869,14641,14641,508170
2016-11-03,14538,14579,14373,14476,984650
2016-11-04,14559,14559,14435,14476,613830
2016-11-07,14517,15014,14497,14993,1085380
2016-11-08,15055,15076,14890,15055,1088300
2016-11-09,15014,15014,14476,14890,1690880
2016-11-10,15055,15138,15034,15055,792150
2016-11-11,15096,15220,14910,14993,898610
2016-11-14,14993,14993,14786,14807,745100
2016-11-15,14786,14993,14786,14807,278870
2016-11-16,14807,14848,14724,14807,455210
2016-11-17,14807,14807,14621,14745,737730
2016-11-18,14683,14745,14662,14703,628230
2016-11-21,14703,14807,14683,14765,592840
2016-11-22,14765,14890,14745,14890,623270
2016-11-23,14931,15076,14890,15014,938330
2016-11-24,14931,15034,14848,14890,632950
2016-11-25,14890,14931,14765,14807,689900
2016-11-28,14765,14765,14621,14683,1062520
2016-11-29,14600,14683,14393,14476,1322100
2016-11-30,14310,14559,14228,14559,2063550
2016-12-01,14683,14683,14559,14579,866550
2016-12-02,14559,14621,14517,14600,751530
2016-12-05,14517,14538,14435,14435,548780
2016-12-06,14455,14455,14062,14124,1338320
2016-12-07,14124,14228,14124,14228,779510
2016-12-08,14228,14662,14145,14476,677500
2016-12-09,14393,14538,14393,14497,566840
2016-12-12,14310,14476,14310,14435,557230
2016-12-13,14435,14435,14166,14228,775830
2016-12-14,14166,14414,14166,14393,500040
2016-12-15,14393,14600,14269,14476,540870
2016-12-16,14476,14517,14352,14517,1269760
2016-12-19,14517,14600,14476,14538,847210
2016-12-20,14600,14600,14414,14455,449350
2016-12-21,14435,14559,14352,14455,314930
2016-12-22,14517,14517,14414,14435,422940
2016-12-23,14455,14724,14414,14724,985440
2016-12-26,14745,14972,14724,14931,1005930
2016-12-27,14972,15055,14890,14890,821630
2016-12-28,14931,14931,14724,14724,647070
2016-12-29,14848,14848,14641,14662,482410
2016-12-30,14662,14765,14641,14662,565850
2017-01-03,14724,15510,14724,15407,2018750
2017-01-04,15510,15551,15220,15303,1339740
2017-01-05,15262,15427,15241,15365,855250
2017-01-06,15386,15882,15344,15675,2495910
2017-01-09,15799,16110,15758,16006,2379510
2017-01-10,15882,15986,15861,15882,1234210
2017-01-11,15882,16027,15820,15903,1498220
2017-01-12,15882,15924,15634,15675,1863070
2017-01-13,15551,15841,15489,15489,1164660
2017-01-16,15510,15634,15324,15448,641920
2017-01-17,15510,16192,15510,16110,2340000
2017-01-18,16027,16192,15841,15841,1143460
2017-01-19,15882,15924,15717,15717,521040
2017-01-20,15799,15924,15717,15717,908930
2017-01-23,15861,15861,15696,15758,717890
2017-01-24,15737,15965,15717,15965,899030
2017-01-25,16089,16254,15882,16254,1352580
2017-02-02,16378,16378,16089,16316,1368580
2017-02-03,16337,16337,16006,16006,1546040
2017-02-06,16006,16089,15882,16006,1288900
2017-02-07,16048,16234,16027,16234,1527190
2017-02-08,16296,16461,16172,16441,1792740
2017-02-09,16482,16503,16337,16420,1203520
2017-02-10,16399,16399,16254,16254,1754030
2017-02-13,16254,16254,16006,16068,1490330
2017-02-14,16068,16172,15924,16006,1325510
2017-02-15,16068,16254,15965,16130,1419820
2017-02-16,16213,16358,15924,15965,1359740
2017-02-17,16006,16027,15841,15841,1220700
2017-02-20,15924,15924,15675,15696,1322360
2017-02-21,15717,15903,15696,15882,1076370
2017-02-22,15924,15924,15634,15675,802090
2017-02-23,15675,15799,15531,15551,1453770
2017-02-24,15634,15655,15427,15489,785650
2017-02-27,15386,15861,15386,15799,902460
2017-02-28,15799,15799,15469,15469,703780
2017-03-01,15469,15551,15386,15386,753500
2017-03-02,15551,15593,15262,15262,1147120
2017-03-03,15386,15551,15262,15510,516470
2017-03-06,15717,15717,15427,15427,510190
2017-03-07,15510,15510,15344,15510,561990
2017-03-08,15427,15799,15427,15593,892080
2017-03-09,15696,15882,15634,15634,1001970
2017-03-10,15675,15799,15448,15510,596520
2017-03-13,15344,15469,15324,15324,885720
2017-03-14,15324,15469,15324,15324,502570
2017-03-15,15407,15407,15282,15282,561660
2017-03-16,15303,15407,15282,15344,574840
2017-03-17,15344,15531,15282,15303,3101080
2017-03-20,15469,15675,15469,15531,1083060
2017-03-21,15675,15717,15551,15717,975510
2017-03-22,15717,15861,15551,15593,1941850
2017-03-23,15593,15924,15551,15820,1640470
2017-03-24,15924,15944,15613,15717,1411600
2017-03-27,15717,15882,15613,15634,1677100
2017-03-28,15634,15737,15448,15469,1950220
2017-03-29,15407,15510,15365,15427,1380040
2017-03-30,15427,15551,15386,15386,1000760
2017-03-31,15386,15469,15262,15262,1648790
2017-04-03,15262,15324,15014,15055,2231080
2017-04-04,15096,15344,15076,15220,1012810
2017-04-05,15220,15427,15220,15241,620740
2017-04-07,15138,15262,15138,15220,746360
2017-04-10,15262,15344,15179,15179,701010
2017-04-11,15179,15303,15179,15262,494890
2017-04-12,15303,15303,15158,15220,925540
2017-04-13,15158,15365,15158,15200,771230
2017-04-14,15179,15200,14890,15034,1028920
2017-04-17,15034,15076,14683,14683,1031640
2017-04-18,14683,14827,14641,14827,534340
2017-04-19,14807,14931,14765,14848,571690
2017-04-20,14848,14848,14641,14641,1002210
2017-04-21,14641,14848,14641,14683,517030
2017-04-24,14683,14786,14517,14517,450210
2017-04-25,14517,14600,14455,14517,656130
2017-04-26,14517,14559,14476,14497,709260
2017-04-27,14559,14600,14352,14414,2240170
2017-04-28,14393,14579,14373,14517,1522920
2017-05-03,14517,14890,14497,14683,899880
2017-05-04,14683,15138,14641,15014,2186490
2017-05-05,15014,15014,14848,14931,783900
2017-05-08,14931,15014,14765,14786,863080
2017-05-09,14786,15138,14745,15076,1633890
2017-05-10,15076,15303,15076,15200,1447800
2017-05-11,15220,15303,15200,15220,1216160
2017-05-12,15200,15220,15034,15076,898130
2017-05-15,15055,15096,14952,15014,1127830
2017-05-16,14931,15055,14890,14910,1005430
2017-05-17,14890,15034,14890,14972,1250660
2017-05-18,14931,15117,14931,15034,1050880
2017-05-19,15055,15200,15014,15200,1089810
2017-05-22,15344,15799,15200,15510,3432310
2017-05-23,15510,15593,15386,15386,1332510
2017-05-24,15365,15737,15324,15613,1579160
2017-05-25,15634,15655,15344,15344,1692550
2017-05-26,15324,15407,15179,15179,1241870
2017-05-29,15344,15469,15055,15055,1697170
2017-05-30,15179,15179,14972,15014,1368210
2017-05-31,15179,15179,14807,14972,1478930
2017-06-01,15055,15158,14972,15014,972860
2017-06-02,15014,15096,14931,15014,1088530
2017-06-05,15055,15427,15034,15386,1909000
2017-06-06,15427,15986,15386,15986,4750190
2017-06-07,16006,16068,15799,15841,2419330
2017-06-08,15799,15841,15634,15675,1634700
2017-06-09,15758,15965,15675,15882,1972850
2017-06-12,15882,15903,15696,15861,971550
2017-06-13,15737,15986,15717,15944,986280
2017-06-14,15944,16296,15944,16213,2818810
2017-06-15,16213,16378,16151,16337,2996650
2017-06-16,16482,16482,16234,16337,2708280
2017-06-19,16482,16544,16296,16420,1526720
2017-06-20,16461,16461,16254,16337,2278990
2017-06-21,16254,16275,15717,15986,2270290
2017-06-22,16006,16027,15758,15758,1355410
2017-06-23,15737,15799,15613,15758,1880570
2017-06-26,15841,15965,15779,15924,1214450
2017-06-27,16048,16068,15820,15820,1026510
2017-06-28,15820,15841,15655,15737,1400580
2017-06-29,15841,15861,15675,15799,841580
2017-06-30,15841,15965,15758,15924,854400
2017-07-03,15924,16192,15882,16089,1812960
2017-07-04,16130,16130,15924,16006,819980
2017-07-05,16130,16130,15903,16068,799160
2017-07-06,16048,16337,16048,16275,2378800
2017-07-07,16337,16399,16006,16006,1164990
2017-07-10,16089,16172,15717,15758,1364350
2017-07-11,15717,15841,15551,15841,1103920
2017-07-12,15924,15924,15655,15717,1299690
2017-07-13,15924,15924,15717,15799,467540
2017-07-14,15799,15861,15737,15820,386280
2017-07-17,15820,15861,15593,15593,703340
2017-07-18,15551,15717,15531,15613,1396110
2017-07-19,15634,15696,15510,15551,1170570
2017-07-20,15510,15551,15344,15489,1086130
2017-07-21,15551,15593,15303,15303,1058900
2017-07-24,15303,15427,15158,15427,914230
2017-07-25,15386,15448,15262,15427,483370
2017-07-26,15489,15551,15386,15469,1240450
2017-07-27,15469,15531,15448,15448,661800
2017-07-28,15448,15634,15427,15510,1246630
2017-07-31,15510,15675,15510,15613,1097910
2017-08-01,15717,16006,15717,15882,1710380
2017-08-02,15758,15882,15634,15758,943280
2017-08-03,15841,15882,15758,15841,677010
2017-08-04,15841,15882,15675,15737,755620
2017-08-07,15758,15820,15717,15737,748690
2017-08-08,15737,16110,15737,15882,1643470
2017-08-09,15882,15944,15510,15634,1227850
2017-08-10,15531,15675,15489,15593,1133390
2017-08-11,15489,15531,15427,15489,580140
2017-08-14,15489,15634,15489,15572,363540
2017-08-15,15551,15593,15427,15427,466800
2017-08-16,15427,15531,15407,15510,388380
2017-08-17,15510,15531,15365,15427,521370
2017-08-18,15427,15634,15365,15510,720950
2017-08-21,15510,15551,15427,15469,257280
2017-08-22,15510,15510,15262,15262,547530
2017-08-23,15303,15344,15179,15303,551970
2017-08-24,15365,15489,15262,15324,326460
2017-08-25,15324,15469,15324,15365,222240
2017-08-28,15365,15489,15344,15489,664630
2017-08-29,15489,15510,15303,15303,691290
2017-08-30,15303,15427,15262,15303,697600
2017-08-31,15262,15489,15241,15344,697650
2017-09-01,15469,15510,15344,15489,655740
2017-09-05,15469,15841,15365,15779,1658120
2017-09-06,15717,15779,15613,15717,589690
2017-09-07,15717,15717,15593,15593,558020
2017-09-08,15717,15758,15572,15593,753240
2017-09-11,15634,16089,15593,15593,1858420
2017-09-12,15593,15758,15572,15737,1335940
2017-09-13,15882,15882,15675,15737,774520
2017-09-14,15799,15924,15675,15841,2432090
2017-09-15,15841,15882,15675,15717,2799180
2017-09-18,15717,15799,15551,15551,2916990
2017-09-19,15489,15634,15427,15469,2466890
2017-09-20,15489,15799,15489,15634,2168280
2017-09-21,15634,15779,15613,15655,1215880
2017-09-22,15655,15675,15551,15572,1052820
2017-09-25,15572,15613,15489,15510,1065690
2017-09-26,15510,15593,15427,15572,871840
2017-09-27,15675,15717,15531,15593,1377060
2017-09-28,15719,15825,15677,15740,1573710
2017-09-29,15740,15951,15719,15888,2122200
2017-10-02,15973,16099,15825,15909,1205110
2017-10-03,15973,16015,15846,15888,1417210
2017-10-04,15846,16480,15846,16395,4836990
2017-10-05,16564,16902,16353,16353,5672370
2017-10-06,16353,16543,16332,16501,2322970
2017-10-09,16628,16754,16543,16649,2500440
2017-10-10,16649,16860,16564,16754,2583380
2017-10-11,16818,16860,16501,16628,2835470
2017-10-12,16628,16670,16501,16501,1767480
2017-10-13,16480,16649,16480,16628,1784200
2017-10-16,16670,16691,16459,16501,1542490
2017-10-17,16501,17325,16480,17325,3062770
2017-10-18,17283,17494,17135,17198,3053330
2017-10-19,17198,17283,17029,17114,1482080
2017-10-20,17135,17452,17092,17240,2072400
2017-10-23,17261,17473,16818,16860,3568930
2017-10-24,16839,17029,16691,16902,1212060
2017-10-25,16902,17240,16902,17219,1385130
2017-10-26,17219,17430,16987,17156,1922030
2017-10-27,17156,17747,17092,17747,2347090
2017-10-30,17874,18149,17536,17705,3808170
2017-10-31,17705,17790,17494,17494,1322440
2017-11-01,17578,17684,17473,17578,2149100
2017-11-02,17578,18128,17367,17367,2341010
2017-11-03,17494,17705,17240,17705,1399850
2017-11-06,17747,18128,17663,17959,2460760
2017-11-07,17959,18107,17747,17937,1712940
2017-11-08,17937,18592,17832,18423,2695690
2017-11-09,18508,18592,18212,18212,1899000
2017-11-10,18170,18445,18085,18212,2187370
2017-11-13,18381,18466,18170,18339,2104320
2017-11-14,18381,18761,18318,18508,3008230
2017-11-15,18508,18677,18423,18423,1304050
2017-11-16,18487,18952,18423,18888,2077060
2017-11-17,18930,19078,18740,18761,2063770
2017-11-20,18761,19015,18740,19015,1783000
2017-11-21,19142,20156,19100,19733,3799100
2017-11-22,19733,20325,19733,20283,3116060
2017-11-23,20578,20663,19797,20240,2666680
2017-11-24,20071,20156,19860,20029,1363450
2017-11-27,20071,20367,19776,20240,2242960
2017-11-28,20325,20452,20071,20367,1712500
2017-11-29,20283,20705,20283,20705,1440140
2017-11-30,20621,21128,20494,20494,1997210
2017-12-01,20536,20663,20283,20409,2085760
2017-12-04,20494,20874,20409,20874,1939700
2017-12-05,20705,21128,20325,20325,1975550
2017-12-06,20283,20409,19902,20283,2102030
2017-12-07,20283,20283,19733,20114,2737090
2017-12-08,20114,20114,19649,19881,1517040
2017-12-11,19438,19818,18846,18846,1447900
2017-12-12,19142,19184,17578,18888,2440280
2017-12-13,19015,19057,18466,18592,1177420
2017-12-14,18592,19226,18550,19142,2166840
2017-12-15,19142,19649,19100,19438,2574240
2017-12-18,19860,20367,19691,20198,2349430
2017-12-19,20240,20473,20008,20177,1958480
2017-12-20,20177,20853,20029,20705,2587600
2017-12-21,20705,20790,20494,20494,1547200
2017-12-22,20367,21466,20304,21466,4459390
2017-12-25,21550,21846,21466,21719,1491740
2017-12-26,21762,21846,21339,21719,1701570
2017-12-27,21719,22311,21593,22184,2214360
2017-12-28,22184,23198,22184,22860,2321870
2017-12-29,22818,23241,22776,22945,2753570
2018-01-02,22818,23410,22649,23241,2801720
2018-01-03,23452,23536,23029,23198,1843870
2018-01-04,23072,23410,22945,23410,1990040
2018-01-05,23283,23283,22776,22818,2045200
2018-01-08,22818,23452,22395,23410,2071140
2018-01-09,23663,24720,23029,24720,2853160
2018-01-10,24635,25015,24212,24508,2842830
2018-01-11,24297,24846,24170,24846,1766240
2018-01-12,24846,25100,24508,24508,2525840
2018-01-15,24508,25353,24086,25353,2061850
2018-01-16,25058,25480,24846,25353,2218380
2018-01-17,25269,25311,23748,23748,2077670
2018-01-18,23663,24720,23621,24720,2845720
2018-01-19,24762,25945,24635,25776,2998270
2018-01-22,26198,26790,26072,26748,2300660
2018-01-23,26748,26748,26748,26748,0
2018-01-24,26748,26748,26748,26748,0
2018-01-25,27677,28607,26959,28607,4788340
2018-01-26,29325,29579,28100,29199,2617800
2018-01-29,29579,30213,28649,28734,2281360
2018-01-30,28100,28649,27973,28311,2818520
2018-01-31,28311,29114,27973,28142,1936300
2018-02-01,28058,28649,27804,28142,2166810
2018-02-02,28523,28523,28142,28480,1652660
2018-02-05,27889,28311,26494,26494,2687810
2018-02-06,24677,26621,24677,26198,6724710
2018-02-07,27466,27551,26537,26832,1635780
2018-02-08,26452,26832,25987,26579,855160
2018-02-09,24720,26325,24720,25734,2408810
2018-02-12,26198,26832,25649,26832,1847850
2018-02-13,27170,27424,26875,27044,1527780
2018-02-21,27466,28692,27255,27973,2132410
2018-02-22,27720,28480,27635,28227,2352100
2018-02-23,28311,30170,28184,30170,4825770
2018-02-26,31396,31396,30170,30382,3453290
2018-02-27,30804,31058,30297,30931,2249770
2018-02-28,30466,31692,30424,31185,3475320
2018-03-01,30678,31523,30001,30213,3615670
2018-03-02,29579,30424,29579,30340,2525210
2018-03-05,30424,30635,28734,28734,2914810
2018-03-06,29156,30213,28607,30086,3103920
2018-03-07,30213,30382,28945,29410,2277620
2018-03-08,29410,29748,29072,29368,1554260
2018-03-09,29790,30213,29410,30001,3236520
2018-03-12,30424,31016,30213,30424,2899140
2018-03-13,30424,30678,29832,30424,2146470
2018-03-14,30678,31396,30678,31185,4053460
2018-03-15,30847,31480,30762,31185,2111990
2018-03-16,31480,31818,31311,31565,5327050
2018-03-19,31945,32326,30847,31396,2803610
2018-03-20,30973,31649,30973,31269,1836040
2018-03-21,31480,31776,31058,31058,2952180
2018-03-22,31269,31269,30424,30424,3871380
2018-03-23,28945,29875,28945,29537,4563730
2018-03-26,29579,30382,29410,30382,1821910
2018-03-27,30762,30804,29832,30001,2322350
2018-03-28,29537,30128,29494,29790,1643300
2018-03-29,29917,30255,29621,30001,1457380
2018-03-30,30001,30170,29663,29790,1280140
2018-04-02,30001,31269,29917,31269,3055600
2018-04-03,31269,31818,31058,31396,3500060
2018-04-04,31480,31607,31058,31058,2089100
2018-04-05,31185,31269,30678,31058,1763710
2018-04-06,31100,31607,31016,31058,2346040
2018-04-09,31058,31396,31058,31185,2693260
2018-04-10,31480,31818,31100,31480,5026810
2018-04-11,31565,31607,29579,30086,3911130
2018-04-12,29959,30213,29579,29959,3262970
2018-04-13,30128,30170,28523,28692,5148440
2018-04-16,28396,28565,27508,27846,3992890
2018-04-17,27889,28311,27677,28311,2104840
2018-04-18,28649,28649,27382,27382,2005410
2018-04-19,27213,27255,25776,25776,4909820
2018-04-20,25860,27044,25649,27044,2996320
2018-04-23,27255,27382,25184,25184,2876760
2018-04-24,24931,25649,24508,25353,4451970
2018-04-26,25353,25903,24508,24593,4669710
2018-04-27,24593,25438,24550,25353,2940100
2018-05-02,25607,25776,24424,24593,2862030
2018-05-03,24593,25227,24043,25184,3451890
2018-05-04,25438,25649,24889,24931,3234250
2018-05-07,25269,26241,25058,26241,3511210
2018-05-08,25903,26283,25776,25776,2947160
2018-05-09,25649,25776,25142,25142,2787480
2018-05-10,25311,25438,23494,23874,4433980
2018-05-11,23874,24508,23029,24466,3954360
2018-05-14,24593,24720,24043,24635,1522180
2018-05-15,24635,25269,24593,24804,2498910
2018-05-16,24720,24889,24086,24086,2368960
2018-05-17,24086,24255,23748,24001,2079780
2018-05-18,24043,24128,23156,23874,2437850
2018-05-21,23874,24255,23536,23536,1835620
2018-05-22,23198,23452,21973,22564,3235250
2018-05-23,22395,23029,21973,23029,2045320
2018-05-24,23029,23156,22395,22522,1312180
2018-05-25,22564,22691,21128,21128,2718610
2018-05-28,20705,20959,19776,19776,4579370
2018-05-29,20071,21128,19776,21128,2610350
2018-05-30,21550,22311,21339,21973,4432950
2018-05-31,21762,23029,21719,22860,3736400
2018-06-01,22860,24297,22776,24086,5930650
2018-06-04,23874,25184,23663,25058,3837380
2018-06-05,24762,25184,24381,24762,3532580
2018-06-06,24550,25227,24339,24973,2183260
2018-06-07,24931,25058,24677,24804,2538580
2018-06-08,24635,25522,24635,25227,2693680
2018-06-11,25100,25480,24720,24931,2453150
2018-06-12,24720,24931,23874,24508,3024500
2018-06-13,24339,25311,24339,25311,2054850
2018-06-14,25311,25311,24508,24550,2814340
2018-06-15,24297,24931,24255,24931,2557670
2018-06-18,24889,24931,23663,23874,2461860
2018-06-19,23029,23874,22818,23874,5149160
2018-06-20,24086,24804,23748,24550,2767440
2018-06-21,24508,24593,23832,24086,1637920
2018-06-22,23705,24804,23452,24804,2529630
2018-06-25,25353,25438,24889,25100,2415610
2018-06-26,24720,25100,24508,25058,1346430
2018-06-27,24931,25565,24508,24508,2602270
2018-06-28,24086,24804,24086,24466,2114670
2018-06-29,24466,24804,24001,24508,1439520
2018-07-02,24297,24677,23410,24550,2846420
2018-07-03,24635,24635,23663,23663,3355250
2018-07-04,23748,23874,23114,23494,2452480
2018-07-05,23410,23494,21973,21973,2865870
2018-07-06,21593,23410,21339,23241,3443450
2018-07-09,23241,23832,22818,22818,1434270
2018-07-10,23452,23452,22438,22438,1360490
2018-07-11,21931,22184,21170,21635,3312190
2018-07-12,21635,22649,21339,22142,1422890
2018-07-13,22522,23198,21973,23156,1709410
2018-07-16,23241,23452,22945,23198,1302130
2018-07-17,22818,23579,22818,23579,1594780
2018-07-18,23579,24297,23579,24297,2473610
2018-07-19,24381,24424,23959,24001,1704000
2018-07-20,23874,24170,23283,24001,2204900
2018-07-23,24001,24677,23874,23917,2618240
2018-07-24,24086,24255,23663,24086,1683260
2018-07-25,24212,24255,23367,23367,1257900
2018-07-26,23410,23959,23029,23959,2107890
2018-07-27,23959,24212,23748,23874,979280
2018-07-30,24086,24255,23874,24212,1288790
2018-07-31,24128,25058,24001,24720,3438180
2018-08-01,24973,25015,24677,24762,1902040
2018-08-02,24593,24931,24381,24931,1855340
2018-08-03,25142,25227,24550,24720,1770230
2018-08-06,24593,25184,24593,24931,1782410
2018-08-07,24846,26156,24762,25987,5488590
2018-08-08,26029,26367,25776,26241,2193510
2018-08-09,26241,26494,25903,25903,2508810
2018-08-10,25776,26832,25776,26832,3849630
2018-08-13,26621,26959,26283,26959,2397270
2018-08-14,26959,26959,26494,26537,1274800
2018-08-15,26706,26790,25565,25607,3238040
2018-08-16,25353,25776,24889,25607,3426320
2018-08-17,25818,26579,25691,26198,2711770
2018-08-20,26198,26410,25945,25945,1601770
2018-08-21,25776,26494,25776,26494,1724610
2018-08-22,26537,26621,26156,26156,1490660
2018-08-23,26198,26537,26029,26452,1301270
2018-08-24,26452,26452,26114,26198,1779380
2018-08-27,26410,26832,26367,26663,1805900
2018-08-28,26832,27170,26579,27044,2588320
2018-08-29,27001,27086,26663,26663,1117930
2018-08-30,26663,27128,26367,26959,1336350
2018-08-31,26959,27044,26198,26410,1949400
2018-09-04,26410,26452,25734,25776,2050280
2018-09-05,25776,26114,25480,25607,1766180
2018-09-06,25607,25776,25438,25480,796450
2018-09-07,25396,26283,25396,26198,1595530
2018-09-10,26198,26452,25818,26198,1505560
2018-09-11,25987,26663,25987,26621,1543540
2018-09-12,26706,26875,26410,26452,1590110
2018-09-13,26537,26790,26452,26579,1069800
2018-09-14,26706,27213,26706,27044,2405940
2018-09-17,27044,27044,26579,26579,1007490
2018-09-18,26410,26748,26325,26748,1077110
2018-09-19,26917,26917,26663,26748,1075000
2018-09-20,26748,27297,26748,27213,1709890
2018-09-21,27466,27762,27044,27297,4889170
2018-09-24,27677,27762,27382,27551,1094970
2018-09-25,27382,27551,27213,27213,1031520
2018-09-26,27213,27424,26959,26959,2099660
2018-09-27,26959,27128,26706,26790,2121040
2018-09-28,26917,27044,26621,26621,2104400
2018-10-01,26832,26832,26410,26410,1932610
2018-10-02,26410,26663,26283,26621,1601040
2018-10-03,26790,26832,26410,26621,1034920
2018-10-04,26621,27044,26537,26621,2298750
2018-10-05,26749,26963,26578,26578,1633520
2018-10-08,26535,26707,26364,26364,1347760
2018-10-09,26450,26621,26364,26407,868060
2018-10-10,26493,26535,26279,26407,781330
2018-10-11,25679,25679,24609,24695,3432840
2018-10-12,24396,25637,24396,25637,2266290
2018-10-15,25594,25679,25123,25294,1155630
2018-10-16,25251,25508,25209,25337,1079700
2018-10-17,25637,25637,25294,25337,1293490
2018-10-18,25251,25337,24781,24823,1605080
2018-10-19,24396,25080,24396,24695,1188910
2018-10-22,25037,25166,24438,24438,1204690
2018-10-23,24396,24524,23112,23882,2346810
2018-10-24,23882,24224,23754,23754,1474260
2018-10-25,22684,23625,22684,23454,1744120
2018-10-26,23925,23925,22898,22898,1220360
2018-10-29,22812,23069,22470,22641,1261730
2018-10-30,22641,23240,22555,23197,1337430
2018-10-31,23197,24267,23197,23796,1245750
2018-11-01,23882,23925,23454,23540,1221200
2018-11-02,23540,24096,23540,24053,1136910
2018-11-05,23925,24182,23796,24182,873020
2018-11-06,24396,24396,23882,23882,667710
2018-11-07,23882,24053,23582,23754,668290
2018-11-08,24267,24310,23839,23839,575720
2018-11-09,23625,23839,23240,23240,885690
2018-11-12,23112,23368,22598,23368,687980
2018-11-13,22812,23240,22812,22940,601520
2018-11-14,22940,23240,22598,22769,530120
2018-11-15,22769,22940,22470,22855,828510
2018-11-16,23112,23154,22726,22769,1227840
2018-11-19,23112,23112,22769,23112,1145500
2018-11-20,23112,23112,22812,23026,1086240
2018-11-21,22726,23711,22684,23711,1908000
2018-11-22,23540,23754,23411,23454,961120
2018-11-23,23411,23540,23112,23112,897050
2018-11-26,23112,23240,22983,23112,673900
2018-11-27,23283,23411,22769,22855,1284900
2018-11-28,22855,23582,22855,23582,1483680
2018-11-29,23796,24139,23540,23540,2360280
2018-11-30,23497,23968,23454,23711,1430640
2018-12-03,24267,24823,24053,24823,2226730
2018-12-04,24738,24952,24438,24652,1367410
2018-12-05,24396,24909,24182,24738,2014850
2018-12-06,24567,24823,24267,24353,2258320
2018-12-07,24567,24695,24438,24481,835390
2018-12-10,24481,24567,24224,24353,1050910
2018-12-11,24353,24481,24053,24310,1119050
2018-12-12,24524,24823,24310,24823,1466430
2018-12-13,24952,24995,24652,24652,851900
2018-12-14,24609,24652,24182,24182,880580
2018-12-17,23968,24139,23454,23454,1787440
2018-12-18,23154,23754,23154,23582,1459730
2018-12-19,23582,23711,23154,23283,1131780
2018-12-20,23240,23625,23240,23368,877260
2018-12-21,23326,23326,23026,23326,1690120
2018-12-24,23326,23497,22726,22726,864160
2018-12-25,22256,22684,21828,22555,1964060
2018-12-26,22512,22898,22512,22598,782180
2018-12-27,23112,23240,22898,22898,571770
2018-12-28,23026,23326,22812,22898,781690
2019-01-02,23069,23240,22898,22940,1081640
2019-01-03,23112,23154,22555,22940,1071350
2019-01-04,22812,23283,22512,23283,1307310
2019-01-07,23668,23754,23326,23368,1175810
2019-01-08,23540,23625,23326,23540,1318810
2019-01-09,23754,24010,23454,23882,1136370
2019-01-10,23882,23882,23540,23540,794870
2019-01-11,23625,23754,23497,23625,1115410
2019-01-14,23625,23754,23497,23668,759980
2019-01-15,23668,24010,23625,23925,1071080
2019-01-16,24096,24096,23540,23711,706160
2019-01-17,23668,23839,23582,23625,460060
2019-01-18,23625,23711,23454,23454,542400
2019-01-21,23368,24053,23326,23882,870530
2019-01-22,23968,23968,23625,23625,398340
2019-01-23,23497,23754,23497,23711,514720
2019-01-24,23711,23796,23540,23711,463870
2019-01-25,23754,24010,23711,23882,1008850
2019-01-28,23968,23968,23754,23754,336990
2019-01-29,23754,24267,23625,24267,973050
2019-01-30,24267,24481,24267,24267,1152720
2019-01-31,24310,24567,24310,24310,1147760
2019-02-01,24396,24567,24182,24182,827040
2019-02-11,24396,24909,24310,24866,1395030
2019-02-12,24866,25251,24738,25080,1683680
2019-02-13,25080,25637,25080,25594,1853680
2019-02-14,25594,25808,25508,25765,1629070
2019-02-15,25679,25679,25337,25380,1249180
2019-02-18,25465,25679,25465,25679,1027840
2019-02-19,25679,25765,25251,25251,1304520
2019-02-20,25380,25508,25209,25294,818480
2019-02-21,25465,25722,25294,25722,2044240
2019-02-22,25765,26707,25679,26535,2502840
2019-02-25,26749,27349,26664,27135,2079790
2019-02-26,27135,27177,26493,26963,1976570
2019-02-27,26878,26963,26364,26493,1148480
2019-02-28,26493,26749,25893,25893,2027080
2019-03-01,26107,26621,26022,26621,713500
2019-03-04,26621,26963,26621,26878,1347480
2019-03-05,26878,27306,26749,26963,1576750
2019-03-06,27006,27092,26493,26835,1081870
2019-03-07,26835,27306,26792,27006,1897450
2019-03-08,26707,26963,26578,26878,997370
2019-03-11,26707,26835,26493,26792,1020600
2019-03-12,26963,27734,26835,27734,2194380
2019-03-13,27819,27905,27605,27905,1680350
2019-03-14,27905,28675,27605,28633,2115850
2019-03-15,28761,28761,28247,28247,2616060
2019-03-18,28461,29018,28461,28932,1936700
2019-03-19,28932,28932,28547,28590,1390640
2019-03-20,28547,28761,28333,28547,2441040
2019-03-21,28633,29061,28461,28504,1525770
2019-03-22,28590,28675,28461,28633,1375420
2019-03-25,27819,28247,27391,28033,1635900
2019-03-26,28290,28461,28033,28033,1127550
2019-03-27,28205,28205,27691,28033,538180
2019-03-28,28119,28547,27991,28547,742470
2019-03-29,28675,28889,28590,28804,678050
2019-04-01,29061,29061,28932,29018,684060
2019-04-02,29103,29317,28889,28889,556970
2019-04-03,28889,28932,28461,28761,445650
2019-04-04,28761,29061,28590,28975,948960
2019-04-05,29018,29189,29018,29146,477530
2019-04-08,29146,29831,29061,29831,1121900
2019-04-09,29831,29959,29703,29874,759180
2019-04-10,29745,29745,29446,29489,719030
2019-04-11,29531,29531,28975,29317,405090
2019-04-12,29360,29360,28932,29103,355400
2019-04-16,29103,29103,28419,28847,404640
2019-04-17,29061,29189,28675,29103,516710
2019-04-18,28889,29403,28889,29061,554820
2019-04-19,29061,29317,29061,29103,232550
2019-04-22,28718,29146,28675,29061,313210
2019-04-23,29103,29103,28290,28889,1260620
2019-04-24,28889,29617,28889,29317,684540
2019-04-25,29317,29317,28975,28975,348700
2019-04-26,29018,29232,28889,29061,277260
2019-05-02,28932,29061,28419,28633,628430
2019-05-03,28590,28761,28290,28547,789780
2019-05-06,28333,28590,28205,28376,364560
2019-05-07,28376,28675,27734,28076,1103060
2019-05-08,27648,28076,27648,27862,947120
2019-05-09,27991,28247,27862,28033,659180
2019-05-10,28033,28290,27905,28076,554370
2019-05-13,28162,28290,28076,28205,475420
2019-05-14,27991,28504,27991,28504,628480
2019-05-15,28547,28847,28461,28590,734230
2019-05-16,28590,28847,28590,28590,412210
2019-05-17,28590,28675,28504,28590,449040
2019-05-20,28590,29146,28547,29018,607060
2019-05-21,29061,29275,28975,28975,473170
2019-05-22,28889,29360,28675,28761,662700
2019-05-23,28847,29103,28718,28932,378440
2019-05-24,28804,29103,28290,28461,931250
2019-05-27,28675,29018,28461,28847,341320
2019-05-28,28675,29360,28590,28847,664400
2019-05-29,28932,29146,28761,28889,313510
2019-05-30,28889,29146,28804,28975,320900
2019-05-31,28889,29103,28590,28761,712090
2019-06-03,28461,28761,27391,28461,593660
2019-06-04,28247,28889,28205,28761,387780
2019-06-05,28761,28889,28547,28547,269120
2019-06-06,28547,28547,27819,28205,394550
2019-06-07,28461,28675,27905,28076,490880
2019-06-10,28590,28889,28247,28547,585460
2019-06-11,28461,28889,28461,28847,280100
2019-06-12,28847,28889,28633,28675,212910
2019-06-13,28675,28889,28419,28804,546960
2019-06-14,28889,29788,28804,29617,2478770
2019-06-17,29617,30088,29531,29617,1018520
2019-06-18,29531,30173,29189,30088,958120
2019-06-19,30131,30259,29703,29874,767310
2019-06-20,29831,30601,29788,30601,934290
2019-06-21,30387,30815,30387,30387,1785930
2019-06-24,30601,31586,30387,31243,1407410
2019-06-25,31158,31158,30815,30987,390840
2019-06-26,30987,31029,30173,30173,918850
2019-06-27,30387,30387,29703,29745,1187150
2019-06-28,29788,30815,29275,30173,830140
2019-07-01,30387,30773,30345,30516,565640
2019-07-02,30601,30601,30088,30173,363020
2019-07-03,30173,30387,29788,29788,796720
2019-07-04,29959,31029,29831,31029,1125010
2019-07-05,31029,31072,30815,31072,425620
2019-07-08,30815,30944,30387,30516,723300
2019-07-09,30601,30773,30216,30773,668550
2019-07-10,31029,31115,30773,31029,639160
2019-07-11,31072,31928,31072,31671,1286980
2019-07-12,31671,31885,31500,31543,926210
2019-07-15,31543,32099,31543,32099,1089930
2019-07-16,32313,33383,32271,33041,1901200
2019-07-17,32741,32998,32442,32613,802350
2019-07-18,32485,33041,32356,32699,858680
2019-07-19,32699,34154,32699,33811,1316760
2019-07-22,33811,34025,33683,33811,930520
2019-07-23,33769,33940,33597,33769,626060
2019-07-24,34025,34025,32741,32913,1380620
2019-07-25,32913,33298,32827,33255,457360
2019-07-26,33255,34111,33169,33597,942260
2019-07-29,33597,34667,33512,34667,986830
2019-07-30,35095,35309,34496,34496,1133490
2019-07-31,34239,34453,34068,34325,512820
2019-08-01,34325,34453,34111,34453,538850
2019-08-02,34111,34453,33854,33854,680000
2019-08-05,33897,34111,32998,33127,857570
2019-08-06,32699,32913,32442,32656,1172520
2019-08-07,32656,33555,32656,33555,567830
2019-08-08,33597,34154,33426,33597,612530
2019-08-09,33683,33983,33555,33597,638630
2019-08-12,33597,33726,33041,33255,475000
2019-08-13,33041,33169,32485,32656,809300
2019-08-14,33383,33383,32656,32656,354750
2019-08-15,31928,33811,31928,33811,510330
2019-08-16,33298,33640,33298,33341,551180
2019-08-19,33341,33597,32827,32870,692740
2019-08-20,33298,33298,32827,32913,453760
2019-08-21,32913,34368,32827,34239,1927720
2019-08-22,34325,34410,34068,34239,762090
2019-08-23,34239,34325,33897,33897,451500
2019-08-26,33469,33640,33169,33298,672220
2019-08-27,33469,33726,32527,32741,1116480
2019-08-28,32870,33084,32870,32955,588810
2019-08-29,32913,33127,32741,32870,422240
2019-08-30,32955,33255,32955,33255,280130
2019-09-03,33298,33341,32827,33298,580830
2019-09-04,33169,33169,32913,33084,527770
2019-09-05,33041,33726,33041,33212,408900
2019-09-06,33383,33383,32955,33084,287990
2019-09-09,33084,33127,32955,33041,236440
2019-09-10,33041,33897,32998,33255,651950
2019-09-11,33084,33597,33084,33469,141450
2019-09-12,33597,34025,33597,34025,800240
2019-09-13,34154,35095,34154,35052,1408780
2019-09-16,35052,35395,34582,34667,697310
2019-09-17,34539,34796,34453,34710,896290
2019-09-18,34710,35309,34453,34496,809820
2019-09-19,34667,34967,34453,34881,527230
2019-09-20,34881,35438,34667,34667,2794080
2019-09-23,34924,35052,33811,33811,1187100
2019-09-24,34025,34582,33769,34496,791470
2019-09-25,34239,34624,33983,34539,729340
2019-09-26,34539,34796,34368,34667,1040190
2019-09-27,34796,35566,34582,35480,1388490
2019-09-30,35480,35652,35052,35138,775770
2019-10-01,35138,35780,35010,35694,795100
2019-10-02,35694,35823,34967,35095,1224650
2019-10-03,35010,35095,34496,35095,1003810
2019-10-04,35095,35737,35010,35523,1121700
2019-10-07,35951,36165,35438,35438,1134390
2019-10-08,35438,36508,35438,36422,1461940
2019-10-09,36422,36679,36165,36165,860160
2019-10-10,36336,36465,36165,36208,753670
2019-10-11,36165,36550,36122,36508,730370
2019-10-14,36593,36807,36379,36379,620800
2019-10-15,36379,36550,36251,36465,648400
2019-10-16,36893,36936,36679,36850,668740
2019-10-17,36978,36978,36294,36465,1023870
2019-10-18,36593,36722,36294,36379,417240
2019-10-21,36336,36336,35780,36037,561470
2019-10-22,36037,36722,36037,36550,473090
2019-10-23,36593,36722,36208,36508,538120
2019-10-24,36508,37235,36422,37192,660180
2019-10-25,37192,37877,37064,37663,838210
2019-10-28,37663,37749,37406,37406,383850
2019-10-29,37406,37449,36936,36978,702620
2019-10-30,36850,37749,36850,37578,607710
2019-10-31,37706,37877,37492,37535,319340
2019-11-01,37535,38262,37449,38006,1071470
2019-11-04,38220,39589,38220,39375,1091260
2019-11-05,39418,39589,38819,38862,616630
2019-11-06,38862,39504,38819,38947,673230
2019-11-07,38947,39332,38947,39076,360850
2019-11-08,39076,39332,38862,39161,416510
2019-11-11,39290,39290,38947,39076,423790
2019-11-12,39118,39418,39076,39247,595820
2019-11-13,39461,39461,38519,38733,706550
2019-11-14,38733,39118,38605,38904,375320
2019-11-15,38519,38947,38262,38391,565270
2019-11-18,38305,38476,37449,37492,700550
2019-11-19,37663,38947,37663,38947,526560
2019-11-20,38947,38947,38305,38305,516280
2019-11-21,38134,38391,37449,37449,1000670
2019-11-22,36593,37877,36465,36593,1346230
2019-11-25,36593,36807,35352,36165,1445550
2019-11-26,36165,36722,36165,36251,727130
2019-11-27,36593,37235,36508,36936,484360
2019-11-28,36807,36936,36336,36508,494650
2019-11-29,36636,36722,36379,36508,318000
2019-12-02,36508,36679,35523,35737,438800
2019-12-03,35523,35994,35095,35095,635370
2019-12-04,35052,36294,34881,36251,376730
2019-12-05,36379,36679,36208,36294,378490
2019-12-06,36294,36465,36122,36336,256400
2019-12-09,36336,36679,36122,36465,400740
2019-12-10,36508,36764,36379,36550,512290
2019-12-11,36807,36807,36465,36764,415080
2019-12-12,36850,37663,36807,37449,464750
2019-12-13,37706,37877,37449,37834,746800
2019-12-16,37834,37834,36379,36807,665550
2019-12-17,36978,37235,36508,36508,266250
2019-12-18,36550,37107,36508,37107,845740
2019-12-19,37107,37749,36807,37663,1014960
2019-12-20,37663,37877,37578,37792,389360
2019-12-23,38048,38947,38048,38904,937250
2019-12-24,38862,38862,38048,38519,507600
2019-12-25,38519,38904,38091,38476,230880
2019-12-26,38733,38733,38091,38262,404110
2019-12-27,38220,38733,37792,38733,498870
2019-12-30,39077,39811,38861,39293,660140
2019-12-31,39120,39336,38904,38948,230770
2020-01-02,38948,39466,38732,39207,386290
2020-01-03,39509,39638,38818,38818,536130
2020-01-06,38516,38645,37782,37782,880110
2020-01-07,37566,37954,36875,37911,1013270
2020-01-08,37523,37954,37220,37566,722280
2020-01-09,37868,38386,37868,38300,722670
2020-01-10,38300,39034,37954,38645,1526920
2020-01-13,38429,38775,38429,38602,1044640
2020-01-14,38645,38861,38473,38602,1001130
2020-01-15,38688,38688,38343,38559,1471860
2020-01-16,38559,38991,38386,38645,1171580
2020-01-17,38645,40804,38645,40804,2219790
2020-01-20,40804,40934,40372,40588,832190
2020-01-21,40545,40847,40416,40588,749590
2020-01-22,40588,41020,40200,40329,877710
2020-01-30,39768,39897,37566,38386,3541560
2020-01-31,37998,38775,37868,38300,1270160
2020-02-03,36314,38948,35839,38300,1457070
2020-02-04,38429,38775,37868,38775,1118410
2020-02-05,38948,39034,38343,38386,731310
2020-02-06,38429,39250,38343,38602,889570
2020-02-07,38775,39207,38429,38861,1170540
2020-02-10,38516,38645,38214,38386,607060
2020-02-11,38429,38645,38386,38516,520210
2020-02-12,38775,38775,38473,38602,609750
2020-02-13,38516,38645,38343,38559,633270
2020-02-14,38429,38775,38429,38559,432800
2020-02-17,38559,38818,38473,38602,343900
2020-02-18,38688,38688,38429,38602,432880
2020-02-19,38429,38645,38429,38645,208280
2020-02-20,38732,39034,38516,38645,541120
2020-02-21,38645,38645,38429,38429,898350
2020-02-24,37134,37998,37134,37652,995910
2020-02-25,37134,37566,37048,37220,1229530
2020-02-26,37134,37134,36270,36702,1163030
2020-02-27,36270,36530,35795,36270,1227980
2020-02-28,34586,36011,34586,35580,1710080
2020-03-02,35191,35493,35105,35321,668980
2020-03-03,36055,36055,35493,35493,848270
2020-03-04,35407,35407,34975,35277,581530
2020-03-05,35493,36098,35493,35882,833710
2020-03-06,35839,37004,35407,36486,884750
2020-03-09,34111,34932,33939,33939,1209500
2020-03-10,33680,34500,32557,34500,1433230
2020-03-11,34716,34716,32125,33248,1806190
2020-03-12,31089,31521,30959,30959,1582400
2020-03-13,28800,31521,28800,30657,1859750
2020-03-16,30657,30657,28714,28973,1022550
2020-03-17,27462,29146,27462,29146,1364590
2020-03-18,29362,30528,29362,29923,1099800
2020-03-19,29060,29664,28498,28498,1191150
2020-03-20,28498,28628,26555,26555,2763360
2020-03-23,24871,25260,24698,24698,1875070
2020-03-24,24698,25217,24439,25044,1498070
2020-03-25,25907,26771,25778,26771,1835730
2020-03-26,26771,27937,26555,27289,1484590
2020-03-27,27591,28455,26987,27678,1569620
2020-03-30,25951,26512,25821,26339,1637330
2020-03-31,26598,27678,25907,26771,957500
2020-04-01,26598,28455,26555,28066,1229320
2020-04-03,28066,28628,27635,28282,1726690
2020-04-06,29146,29491,28498,29362,2111200
2020-04-07,29362,29794,28844,29448,1773570
2020-04-08,28930,29448,28844,29146,1778380
2020-04-09,29362,31089,29362,30657,1795170
2020-04-10,30657,31046,30053,30484,1599380
2020-04-13,30484,31003,30225,30571,1046830
2020-04-14,30441,30571,29275,30182,1944570
2020-04-15,30096,30787,30096,30614,1017740
2020-04-16,30225,30744,30139,30744,1057050
2020-04-17,30873,31003,30614,30830,1473140
2020-04-20,30959,31262,30571,31046,1026030
2020-04-21,30657,30873,29275,30873,2159110
2020-04-22,29794,30700,29794,29923,1612290
2020-04-23,30657,30657,29707,29880,1201610
2020-04-24,29880,30053,29146,29750,972170
2020-04-27,30182,30182,28844,28844,2547060
2020-04-28,28844,29578,28153,28930,2052860
2020-04-29,28930,29405,28930,29362,1523750
2020-05-04,29362,29405,28844,29103,852260
2020-05-05,29060,29232,28844,28844,1007640
2020-05-06,29060,29232,28714,29189,855770
2020-05-07,29275,30096,29232,30096,1936540
2020-05-08,30225,32039,30139,31737,3865590
2020-05-11,31737,32168,31305,32168,1696160
2020-05-12,32212,32816,32125,32643,2199500
2020-05-13,32643,33032,31089,32643,1851970
2020-05-14,32384,32989,32341,32816,2121750
2020-05-15,32989,33032,32643,32816,1596240
2020-05-18,32946,34111,32730,33896,1002690
2020-05-19,34500,34586,34025,34111,1129270
2020-05-20,33852,34414,33852,34371,710200
2020-05-21,34543,35061,34371,35061,1425500
2020-05-22,35061,35105,34543,34975,805710
2020-05-25,34932,35105,34889,35018,708710
2020-05-26,34975,35666,34975,35623,740930
2020-05-27,35839,36443,35795,35795,817770
2020-05-28,35839,36745,35839,36486,1849310
2020-05-29,36702,37134,36486,36789,1161180
2020-06-01,36918,37436,36918,37350,725310
2020-06-02,37523,37523,37264,37393,1009040
2020-06-03,37566,37954,37523,37954,462750
2020-06-04,37998,38429,37998,38429,450240
2020-06-05,38473,38559,37566,38429,810570
2020-06-08,38429,38948,38170,38602,802240
2020-06-09,38818,38861,38602,38645,417690
2020-06-10,38645,38775,38559,38688,793590
2020-06-11,38645,38688,37566,37998,1163900
2020-06-12,35623,37350,35623,36961,1612920
2020-06-15,36961,37048,35321,35407,1218540
2020-06-16,36270,36270,35580,36141,802980
2020-06-17,36702,36789,36184,36357,737830
2020-06-18,36270,37350,36227,36702,1809780
2020-06-19,36702,37134,36702,36875,723970
2020-06-22,36918,36961,36702,36918,1308600
2020-06-23,36918,37566,36832,37134,917230
2020-06-24,37134,37134,36314,36573,710160
2020-06-25,35709,36443,35709,36141,506650
2020-06-26,36314,36573,35839,35968,355930
2020-06-29,35968,35968,35018,35191,594140
2020-06-30,35623,35623,34543,34673,709990
2020-07-01,34673,35709,34543,35709,404440
2020-07-02,35925,35925,34975,35666,469040
2020-07-03,35623,35968,35493,35839,370340
2020-07-06,35839,36011,35580,35795,1218830
2020-07-07,36270,36357,35968,36011,1336830
2020-07-08,35925,36011,35752,35839,485190
2020-07-09,36227,36227,35968,36098,962170
2020-07-10,36011,36098,35450,35709,918560
2020-07-13,36011,36055,35580,35795,371630
2020-07-14,35795,35839,35493,35839,427110
2020-07-15,35925,36184,35925,36055,1198530
2020-07-16,36184,36227,35795,36055,1091190
2020-07-17,36098,36098,35752,35752,628000
2020-07-20,35623,35709,35277,35493,696830
2020-07-21,35623,35752,35277,35623,681740
2020-07-22,35623,35623,35493,35623,625320
2020-07-23,35623,35752,35450,35623,1350870
2020-07-24,35450,35536,33896,34975,1341540
2020-07-27,32816,34543,32816,33248,1274570
2020-07-28,33248,34025,33032,33896,910690
2020-07-29,32816,33680,32428,33464,833570
2020-07-30,33507,33896,33377,33421,937680
2020-07-31,32816,33421,32816,32989,672940
2020-08-03,32816,34025,32816,34025,422820
2020-08-04,34543,35364,34284,35364,616840
2020-08-05,35364,35839,34716,35709,778840
2020-08-06,35709,35882,35364,35752,802350
2020-08-07,35839,35839,35580,35795,518660
2020-08-10,35839,35925,35364,35364,576570
2020-08-11,35623,35666,35321,35450,312920
2020-08-12,35450,35536,35364,35450,310430
2020-08-13,35839,35839,35407,35839,385320
2020-08-14,35839,35882,35364,35407,820270
2020-08-17,35407,35795,35277,35536,389480
2020-08-18,35536,35666,35277,35536,331690
2020-08-19,35536,35839,35407,35839,586790
2020-08-20,35839,36486,35839,35839,1093620
2020-08-21,35839,35925,35666,35795,1281740
2020-08-24,35839,36530,35839,36227,1530010
2020-08-25,36227,36659,36227,36227,1748400
2020-08-26,36227,36227,36011,36055,1585740
2020-08-27,36055,36227,35925,36055,1003280
2020-08-28,36098,36227,35968,36011,1645430
2020-08-31,36270,36486,35752,35839,971310
2020-09-01,35839,35968,35795,35839,1625600
2020-09-03,36141,37350,36141,37220,2503810
2020-09-04,36702,37177,36616,36659,2425360
2020-09-07,36659,36745,36098,36098,1181750
2020-09-08,36098,36227,35536,35623,1985560
2020-09-09,35407,35925,35191,35493,1472680
2020-09-10,35839,35968,35450,35450,689700
2020-09-11,35450,35666,35321,35536,665690
2020-09-14,35752,35882,35709,35839,594680
2020-09-15,35839,36055,35623,35623,998970
2020-09-16,35666,35882,35407,35795,628030
2020-09-17,35623,35839,35407,35623,1043250
2020-09-18,35580,35839,35580,35795,1188400
2020-09-21,35882,36098,35839,35839,1671360
2020-09-22,35839,36443,35752,36270,1746960
2020-09-23,36357,36918,36357,36875,1395190
2020-09-24,36314,37220,36314,37177,1628730
2020-09-25,37177,37220,36918,37134,1107270
2020-09-28,37048,37220,36875,37134,1254760
2020-09-29,37134,37177,36184,36530,1609090
2020-09-30,36702,36702,36184,36314,584450
2020-10-01,36745,36745,36357,36616,367030
2020-10-02,36616,36702,34543,36270,890840
2020-10-05,36486,36702,36011,36055,811740
2020-10-06,36184,36443,35925,36227,1105060
2020-10-07,36098,36789,35882,36702,988270
2020-10-08,36918,36918,36184,36616,549140
2020-10-09,36486,36702,36486,36616,366200
2020-10-12,37134,37566,36616,37091,1574610
2020-10-13,37134,37523,36918,37350,814530
2020-10-14,37479,38429,37436,38084,1206380
2020-10-15,38084,38257,37479,38257,1424740
2020-10-16,38214,38257,37782,38084,668850
2020-10-19,37998,38127,37782,37782,1052250
2020-10-20,37566,37911,37523,37868,1075780
2020-10-21,37911,38257,37091,37220,1452050
2020-10-22,37177,37393,36745,37393,1320610
2020-10-23,37523,37782,37436,37782,657830
2020-10-26,37782,37911,37134,37134,911390
2020-10-27,37134,37695,36918,37134,1169320
2020-10-28,37134,37350,36055,36357,866330
2020-10-29,36443,36616,36055,36098,764720
2020-10-30,36141,36443,35752,35839,1090610
2020-11-02,35839,37048,35839,37048,366300
2020-11-03,37048,37091,36573,36702,308550
2020-11-04,36702,36918,36400,36702,394660
2020-11-05,36918,36918,36616,36702,507960
2020-11-06,36745,36745,36270,36702,323160
2020-11-09,36702,37048,36616,36918,1007000
2020-11-10,37177,37695,36745,36745,1511520
2020-11-11,36918,37393,36659,36659,1032520
2020-11-12,37004,37350,36961,37307,405350
2020-11-13,37393,37523,37220,37523,417840
2020-11-16,37652,37911,36702,37048,1250340
2020-11-17,37048,37825,36918,37825,548250
2020-11-18,37825,37868,37566,37825,906810
2020-11-19,37868,38948,37739,38948,2584440
2020-11-20,39293,39941,38904,39941,1231960
2020-11-23,39768,39897,39293,39552,648830
2020-11-24,39725,39897,39207,39897,996580
2020-11-25,39941,40675,39854,40372,1088020
2020-11-26,40372,40588,39984,40588,698350
2020-11-27,40588,40804,40243,40804,1210580
2020-11-30,40459,40588,39509,40157,1448340
2020-12-01,39163,40243,39163,39725,1162270
2020-12-02,39725,40372,39509,40372,746710
2020-12-03,40372,40545,39897,40372,736760
2020-12-04,40243,40372,39336,39336,860900
2020-12-07,39466,40286,39466,40200,945460
2020-12-08,40157,40545,39509,40200,702820
2020-12-09,40416,41668,40243,41668,1198160
2020-12-10,41668,42186,41625,41970,1299820
2020-12-11,41970,42013,41409,41970,776190
2020-12-14,41970,43136,41409,43136,931080
2020-12-15,42747,43093,41668,42229,1433260
2020-12-16,42316,43136,42229,43136,740700
2020-12-17,42575,42575,41020,41452,2305960
2020-12-18,41452,42704,41452,42704,1053200
2020-12-21,43053,43096,42356,43053,697030
2020-12-22,42661,42705,42443,42618,748840
2020-12-23,42443,42879,42182,42443,666390
2020-12-24,42618,42618,41790,42356,815730
2020-12-25,42226,42487,42095,42487,314960
2020-12-28,42661,42748,42356,42661,836090
2020-12-29,42661,43445,42574,43183,696510
2020-12-30,43183,43358,42443,42618,509510
2020-12-31,42618,43096,42226,42618,367140
2021-01-04,42661,43445,42356,43096,855900
2021-01-05,43096,43793,43096,43227,739200
2021-01-06,43314,46231,43227,45708,2080400
2021-01-07,45273,47232,45273,46579,889000
2021-01-08,47014,47014,45491,45621,963900
2021-01-11,45534,46013,45317,45491,847400
2021-01-12,45969,45969,45360,45969,634900
2021-01-13,45969,46187,45273,45621,1064200
2021-01-14,45708,45795,44968,45229,832200
2021-01-15,45665,45665,44620,44925,1099800
2021-01-18,45055,45708,44838,44968,1060400
2021-01-19,44881,44968,41834,43096,1130300
2021-01-20,43096,46100,42661,43140,2093000
2021-01-21,43140,44838,42661,44838,1283700
2021-01-22,44838,45273,44402,44838,1268500
2021-01-25,44011,44838,44011,44620,725900
2021-01-26,44620,44620,43096,43923,970500
2021-01-27,43140,43532,40876,42400,1566800
2021-01-28,40049,40615,39440,39440,1205500
2021-01-29,37220,42182,37220,40484,1359000
2021-02-01,41790,41790,39614,39657,1309600
2021-02-02,40049,42095,40049,42008,1064500
2021-02-03,42443,43096,42052,43053,1454600
2021-02-04,43053,43096,40876,43053,967300
2021-02-05,43053,43532,42618,43532,897400
2021-02-08,43053,43445,40528,40963,2902200
2021-02-09,41573,42400,40528,42313,2978900
2021-02-17,42443,43532,42443,43532,1054100
2021-02-18,43096,44402,42661,44402,1688900
2021-02-19,43183,44272,43140,44098,1851200
2021-02-22,43967,44402,43662,43793,1388700
2021-02-23,43532,43967,43183,43532,1441400
2021-02-24,43749,43967,42008,42705,1265300
2021-02-25,43096,43314,42487,42748,896100
2021-02-26,42356,43096,42226,42748,1070700
2021-03-01,42748,43227,42748,43183,911200
2021-03-02,43532,44315,42661,43227,1189600
2021-03-03,42792,43271,42748,42835,915600
2021-03-04,42922,43314,40528,42356,1118100
2021-03-05,42269,42313,41355,41965,1661600
2021-03-08,42226,42226,41355,41442,1501800
2021-03-09,41355,41355,40528,41355,1344300
2021-03-10,41355,41703,40920,41573,1063900
2021-03-11,41703,42139,41703,41921,1009800
2021-03-12,41921,42008,41137,41703,1259800
2021-03-15,41790,42226,41573,41921,1438400
2021-03-16,41790,41790,41399,41660,655800
2021-03-17,41573,41703,41355,41616,1239400
2021-03-18,41878,42443,41573,42443,1609100
2021-03-19,42269,42269,41007,41007,1595700
2021-03-22,41790,42443,41529,42226,1902000
2021-03-23,42182,42182,41529,41703,940800
2021-03-24,41355,41747,40963,41225,1422500
2021-03-25,41225,41790,41137,41399,1160300
2021-03-26,41355,41573,40789,41312,1196800
2021-03-29,41442,41703,40702,41486,1195800
2021-03-30,41486,41486,40963,41268,1748700
2021-03-31,41137,41399,40963,41268,944600
2021-04-01,41442,42530,41442,42182,2697600
2021-04-02,42443,42879,42182,42574,2277500
2021-04-05,43096,44751,42922,44402,3592400
2021-04-06,44402,44620,43749,44359,2243200
2021-04-07,44054,44402,43706,44359,1182700
2021-04-08,44359,44359,43314,43532,1575400
2021-04-09,43314,43314,42443,42443,2101700
2021-04-12,42879,43183,42400,43053,2670100
2021-04-13,43532,43532,42443,42443,1670900
2021-04-14,42356,42966,42182,42966,1336800
2021-04-15,43445,43445,42139,42443,2152800
2021-04-16,42356,42879,41790,41921,1515900
2021-04-19,42226,42879,41703,42879,1387500
2021-04-20,43140,45708,42879,44838,6274200
2021-04-22,44838,45969,44489,44838,2981300
2021-04-23,44838,45273,43749,45273,2285300
2021-04-26,45273,45273,42618,42922,3595400
2021-04-27,42922,43358,42530,43096,1191800
2021-04-28,43096,43227,42530,43096,1426900
2021-04-29,43096,43532,42661,43532,1615700
2021-05-04,43096,43358,42661,43140,1496300
2021-05-05,43140,44402,43140,44054,1826700
2021-05-06,44054,44272,43096,43227,1161200
2021-05-07,43053,43096,42095,42226,2284800
2021-05-10,42095,42748,41747,42705,1674000
2021-05-11,42748,43227,42443,42618,1171500
2021-05-12,42618,42618,42226,42356,1218300
2021-05-13,42313,42574,42139,42139,1698000
2021-05-14,42400,42792,42052,42182,1403600
2021-05-17,42269,42356,41703,41790,1715100
2021-05-18,41486,41790,41137,41181,2103400
2021-05-19,41181,41181,40833,40963,1678100
2021-05-20,40963,43096,40963,43096,1904100
2021-05-21,41921,42661,41790,42139,1459200
2021-05-24,42443,42879,42008,42400,1814700
2021-05-25,42400,43532,42400,43445,3816000
2021-05-26,43488,44315,43401,43706,2356000
2021-05-27,43532,43706,42661,42966,1455000
2021-05-28,43096,44011,42487,43358,2196000
2021-05-31,43967,43967,42792,42922,2621000
2021-06-01,43271,45360,42966,45142,4533500
2021-06-02,45273,46797,45142,46144,4274100
2021-06-03,46187,47014,46144,46448,2802000
2021-06-04,46361,46361,45317,45665,2405800
2021-06-07,45404,45665,44054,44838,2969900
2021-06-08,44838,45273,43532,43532,2351600
2021-06-09,43532,44402,43183,44402,2393900
2021-06-10,44359,44794,43532,44315,2262500
2021-06-11,44011,45055,43749,44751,2048000
2021-06-14,44446,45012,44098,44402,1459700
2021-06-15,44446,44838,43967,44751,1420700
2021-06-16,44620,46144,44620,45273,2898400
2021-06-17,44838,45708,44402,45360,1557000
2021-06-18,45491,47450,45404,47232,3234900
2021-06-21,47014,47101,46144,46405,2107900
2021-06-22,46622,47232,46361,46840,1481900
2021-06-23,47014,48320,46579,47754,2248600
2021-06-24,47841,48233,46927,48190,1143400
2021-06-25,48190,49104,47406,49017,1688800
2021-06-28,49060,49191,48364,49017,1524500
2021-06-29,48756,49626,48538,49626,1853100
2021-06-30,49626,51019,49626,50671,2768000
2021-07-01,50802,50845,50061,50671,1836400
2021-07-02,50671,50758,49626,50018,1727200
2021-07-05,49583,49583,48277,49452,2049100
2021-07-06,48973,50061,48756,48756,1669600
2021-07-07,48756,49365,46144,49365,2679800
2021-07-08,48407,49191,47450,48320,1384100
2021-07-09,47885,48364,46492,47798,2936900
2021-07-12,47667,47667,44881,46622,2480600
2021-07-13,46535,46535,44446,45012,1686000
2021-07-14,45012,45055,43532,44315,2251700
2021-07-15,43619,45491,43619,44620,2319400
2021-07-16,44620,45012,43967,44620,1467300
2021-07-19,43532,43619,41747,42226,2542200
2021-07-20,42574,43967,40702,43619,2386000
2021-07-21,43314,43749,42792,43096,1463700
2021-07-22,43053,43836,42661,43662,1455800
2021-07-23,43227,43445,42226,42226,1700300
2021-07-26,42008,42443,41660,41790,1264200
2021-07-27,42443,42487,41355,41355,2654200
2021-07-28,41399,42226,41399,42226,1490800
2021-07-29,42400,42618,42226,42618,1191800
2021-07-30,42356,43009,42313,42661,1354600
2021-08-02,42226,42966,41965,42226,1285000
2021-08-03,42269,43009,42226,43009,1265700
2021-08-04,43183,43227,42705,42879,1160300
2021-08-05,42661,43314,42618,43271,1127700
2021-08-06,43445,43445,42705,42705,1114400
2021-08-09,42705,43053,42530,42792,1228900
2021-08-10,43096,43183,42879,43096,1556400
2021-08-11,43227,44272,43140,43749,1711800
2021-08-12,43749,43880,43314,43488,986600
2021-08-13,43488,43488,42792,43358,1328900
2021-08-16,43358,43793,43096,43793,1992400
2021-08-17,44620,44838,43967,43967,1688700
2021-08-18,43967,44620,43401,43967,1848000
2021-08-19,43836,44838,43445,44751,2576600
2021-08-20,44054,44359,43271,43575,1798500
2021-08-23,43096,43532,42052,42356,2136200
2021-08-24,43183,43183,42008,42226,1069100
2021-08-25,42226,43096,42139,42443,1069200
2021-08-26,42574,43096,42139,42139,1076900
2021-08-27,41790,42879,41790,42574,1106600
2021-08-30,42835,43271,42574,43227,1221700
2021-08-31,43314,43488,42792,43271,747500
2021-09-01,43271,43488,41790,43271,907500
2021-09-06,43271,43575,43271,43532,905000
2021-09-07,43488,43880,43445,43532,1041800
2021-09-08,43532,43575,42139,43401,863000
2021-09-09,43401,43575,42922,43227,817200
2021-09-10,43445,43445,42922,43183,857800
2021-09-13,43009,43096,42705,42705,1043100
2021-09-14,42705,42879,42226,42792,1230500
2021-09-15,42792,42792,42269,42269,798500
2021-09-16,43053,43053,42443,42705,570400
2021-09-17,42443,42835,42313,42313,1002200
2021-09-20,42356,43967,42356,43358,1277900
2021-09-21,43314,43445,42661,42661,862000
2021-09-22,42835,43314,42661,43314,362800
2021-09-23,43358,43706,42879,43314,676000
2021-09-24,43314,43445,43227,43314,454700
2021-09-27,43314,43401,42661,42661,465500
2021-09-28,42574,43227,42443,43183,484500
2021-09-29,43314,43314,42443,42879,565000
2021-09-30,42879,42922,42269,42313,1199900
2021-10-01,42356,42748,41703,41747,1611900
2021-10-04,41790,42008,41094,41181,913400
2021-10-05,41399,41834,41399,41616,973700
2021-10-06,41616,41616,41268,41616,691200
2021-10-07,41616,42139,41355,42139,797200
2021-10-08,42052,42226,41616,42226,697000
2021-10-11,42226,42835,42139,42443,1096000
2021-10-12,42792,42792,42226,42226,761100
2021-10-13,42618,42661,42226,42226,1426300
2021-10-14,42226,42313,41747,42095,1784700
2021-10-15,42139,42356,42008,42008,731500
2021-10-18,41921,42226,41355,41790,1247900
2021-10-19,41834,42008,41442,41965,836300
2021-10-20,41965,42095,40920,41355,1561000
2021-10-21,41529,41790,40920,40920,1226100
2021-10-22,41355,41355,40920,41050,240000
2021-10-25,41747,41747,40963,40963,800600
2021-10-26,40963,41181,40746,40920,632000
2021-10-27,41181,42008,41050,41834,1428600
2021-10-28,42052,42618,41834,42618,1772600
2021-10-29,42356,42835,42182,42661,1263800
2021-11-01,42705,42748,42226,42226,1057500
2021-11-02,42400,42661,42356,42618,808300
2021-11-03,42530,43009,42356,42966,1830000
2021-11-04,42966,43009,42313,42835,989400
2021-11-05,42443,43096,42226,42443,1126300
2021-11-08,42705,42835,42443,42748,1184200
2021-11-09,42661,42922,42226,42269,1377600
2021-11-10,42269,42748,42139,42487,857100
2021-11-11,42574,43227,42226,42792,1115600
2021-11-12,42792,42792,42443,42748,614800
2021-11-15,42792,43096,42313,42530,766700
2021-11-16,42530,42879,42226,42313,706300
2021-11-17,42313,42705,42313,42661,788300
2021-11-18,42792,42792,42226,42226,709700
2021-11-19,42313,42618,42269,42269,413000
2021-11-22,42356,43053,42269,43009,1017300
2021-11-23,43096,43140,42748,43140,549200
2021-11-24,43183,45969,43183,45621,1883300
2021-11-25,45708,47014,45534,46622,1473200
2021-11-26,46448,47101,45273,45708,879600
2021-11-29,44968,45665,43967,44011,851000
2021-11-30,45273,45273,43053,43053,1336500
2021-12-01,43271,44185,42792,43096,551500
2021-12-02,43662,43880,43009,43140,787700
2021-12-03,43183,43880,42443,42661,795900
2021-12-06,42661,43532,41529,41529,1008600
2021-12-07,41834,43271,41834,42748,820000
2021-12-08,42661,43271,42661,42966,507500
2021-12-09,42400,43271,42356,43183,805400
2021-12-10,43967,44751,43488,43532,1881200
2021-12-13,44402,44402,43183,43358,1038000
2021-12-14,43358,43749,43140,43227,862300
2021-12-15,43314,43836,43096,43488,732300
2021-12-16,43880,43880,42705,43140,1047100
2021-12-17,43532,43532,42008,42008,3475700
2021-12-20,42879,43314,42705,43314,736900
2021-12-21,43096,43445,42879,43053,774100
2021-12-22,43296,43745,43071,43239,1915300
2021-12-23,43577,44364,43014,43014,1489000
2021-12-24,43183,44139,43183,44139,849400
2021-12-27,44364,45151,43802,44870,934100
2021-12-28,44982,45545,43858,44982,1168800
2021-12-29,44701,44870,44476,44701,440000
2021-12-30,44870,44926,43689,44083,920300
2021-12-31,44420,44533,44083,44308,422000
2022-01-04,44420,44645,43858,44420,1133800
2022-01-05,44420,45207,43858,43858,1603100
2022-01-06,44195,44926,43802,44476,1215600
2022-01-07,44757,44926,43970,44870,966200
2022-01-10,44814,44926,44139,44701,1097000
2022-01-11,44982,44982,44139,44645,952700
2022-01-12,44645,44982,43858,44982,1801500
2022-01-13,45264,47456,45095,46051,2532800
2022-01-14,46051,46894,45545,46894,1522100
2022-01-17,46669,49481,46276,48469,2628500
2022-01-18,48075,49256,47232,49256,1696600
2022-01-19,49199,49199,47794,48806,914800
2022-01-20,47906,49199,46725,48975,2794300
2022-01-21,48862,50605,48412,50155,2502300
2022-01-24,50268,52573,49593,52292,2728300
2022-01-25,52011,53979,50043,53866,2396600
2022-01-26,53866,53866,52067,53135,2523500
2022-01-27,52292,53135,50830,51167,1732900
2022-01-28,51167,51730,50043,50043,2055700
2022-02-07,50943,52236,50324,51955,1620800
2022-02-08,51955,51955,50661,51730,1146400
2022-02-09,51280,51674,50774,51055,1582900
2022-02-10,51224,52517,51167,51336,1827200
2022-02-11,51336,51505,50605,50605,1158400
2022-02-14,49537,49930,48356,48356,3629100
2022-02-15,48356,49649,47119,48918,2453500
2022-02-16,49199,49424,48581,48918,1286000
2022-02-17,48918,49312,48806,49199,1431200
2022-02-18,48581,49199,48581,49031,1066200
2022-02-21,48693,49256,48693,49143,1017900
2022-02-22,48918,48918,47794,48806,1540200
2022-02-23,48918,48918,48244,48862,986300
2022-02-24,48750,48806,47794,47962,2078700
2022-02-25,47962,48300,47794,47850,1616500
2022-02-28,47850,47850,47456,47513,1322100
2022-03-01,47513,48019,47288,47794,1295400
2022-03-02,48131,48131,47344,47794,1655600
2022-03-03,47794,48075,47625,48075,1052200
2022-03-04,47906,48075,47681,47738,1058100
2022-03-07,47400,47738,47175,47738,1002800
2022-03-08,47119,47513,45826,45826,2936300
2022-03-09,45994,46725,45938,46669,1325300
2022-03-10,46669,47063,46613,46950,1154100
2022-03-11,47063,47175,46669,47119,876100
2022-03-14,46838,47344,46782,47344,1438200
2022-03-15,47232,47288,45545,45601,2385900
2022-03-16,45713,46782,45713,46388,1000600
2022-03-17,46669,46950,46501,46669,1222400
2022-03-18,46725,47906,46613,47344,1406600
2022-03-21,47344,48075,47232,47738,933900
2022-03-22,47738,48075,47738,47738,775100
2022-03-23,47738,48131,47738,47738,966600
2022-03-24,47738,47738,46950,46950,570200
2022-03-25,47232,47232,46107,46388,1137800
2022-03-28,46669,46669,46107,46332,725400
2022-03-29,46332,46669,45882,46051,1018600
2022-03-30,45994,46950,45826,46107,913900
2022-03-31,46107,46444,46107,46163,492400
2022-04-01,46163,47007,45601,46557,900300
2022-04-04,46782,47288,46444,46444,712000
2022-04-05,46557,46782,46444,46669,526100
2022-04-06,46613,47794,45938,47569,2009600
2022-04-07,47738,47906,46669,46669,928000
2022-04-08,47175,47175,46613,46669,788200
2022-04-12,46669,46782,45882,46332,841300
2022-04-13,46669,46725,46107,46332,850700
2022-04-14,46332,46613,45545,45545,1151400
2022-04-15,45657,45826,45095,45095,894800
2022-04-18,44982,45095,43633,43689,1237300
2022-04-19,43745,44139,43633,43689,1003400
2022-04-20,43858,44364,43689,44083,904600
2022-04-21,44083,44533,43970,44083,2178200
2022-04-22,44476,46444,44476,46219,2776600
2022-04-25,46219,46669,43296,45994,2479400
2022-04-26,44420,45264,44420,45264,1912000
2022-04-27,44926,46107,43970,45826,1429800
2022-04-28,45826,45882,44701,45826,564100
2022-04-29,45770,46276,44982,45488,1259200
2022-05-04,45488,45545,44420,44926,892600
2022-05-05,45264,45826,44757,45545,1019300
2022-05-06,44814,45657,44645,44645,775900
2022-05-09,44308,45207,43745,43802,1674200
2022-05-10,43352,44982,43352,44982,926000
2022-05-11,44982,45151,44420,44982,931300
2022-05-12,44420,44926,43296,43296,972300
2022-05-13,43296,43858,41046,41046,1963600
2022-05-16,42452,42958,41609,41721,1558800
2022-05-17,41721,43296,41103,42733,2262300
2022-05-18,43296,43296,42171,42396,881000
2022-05-19,42171,43127,42059,42733,575800
2022-05-20,42227,43014,42171,42340,661800
2022-05-23,42508,42508,41384,41834,631600
2022-05-24,42115,42565,41777,42508,898700
2022-05-25,42733,43296,42059,43296,817000
2022-05-26,43296,43352,42733,43127,978900
2022-05-27,43127,43520,42902,43520,892000
2022-05-30,43520,45545,42958,43858,1327400
2022-05-31,44364,44364,43858,44364,483700
2022-06-01,44420,45264,44420,45264,798800
2022-06-02,45432,45432,44420,44420,641400
2022-06-03,44083,44701,42958,43577,527800
2022-06-06,43577,44982,42227,44814,880500
2022-06-07,44420,46107,43914,45545,933000
2022-06-08,45545,45545,44308,44533,1164700
2022-06-09,44420,44926,43689,43745,1067500
2022-06-10,43745,44420,43520,43689,390900
2022-06-13,43296,43296,41665,42958,1105800
2022-06-14,42452,43914,41609,43296,1066200
2022-06-15,43520,44027,42340,43014,1243600
2022-06-16,43127,44982,43014,44476,1209600
2022-06-17,43296,44027,42789,42789,1050600
2022-06-20,44701,44701,42340,42733,1089700
2022-06-21,42733,43689,42283,43689,937100
2022-06-22,43802,43858,42171,42733,1069200
2022-06-23,42227,43127,42115,42677,590200
2022-06-24,42846,42902,41946,42171,648600
2022-06-27,42452,42733,42059,42115,862500
2022-06-28,42171,43296,42059,42902,1095800
2022-06-29,42621,42677,42340,42452,847500
2022-06-30,42452,42733,42059,42059,678400
2022-07-01,41890,42171,40990,41609,1383000
2022-07-04,42115,42283,41552,41665,746200
2022-07-05,42115,42115,41384,41609,1064500
2022-07-06,41440,41552,38741,40934,1548200
2022-07-07,40878,42452,40315,42452,1258400
2022-07-08,42115,42171,41552,41609,761000
2022-07-11,41215,41328,40484,40484,660800
2022-07-12,40540,40822,40315,40428,811500
2022-07-13,40372,41271,40147,40372,1379900
2022-07-14,40372,40934,40259,40709,329400
2022-07-15,40540,41328,40540,40653,597500
2022-07-18,40765,40990,40484,40484,391400
2022-07-19,40484,40540,39978,40091,812100
2022-07-20,40259,40765,40259,40765,544900
2022-07-21,40765,40990,40540,40765,1164600
2022-07-22,40540,40878,40484,40765,1009600
2022-07-25,40709,41159,40484,40990,962700
2022-07-26,41159,41834,41159,41552,1119800
2022-07-27,41609,42171,41440,42171,1259900
2022-07-28,42396,42508,42059,42340,1164800
2022-07-29,42396,42452,42002,42002,1176000
2022-08-01,42002,43296,41834,43296,1577300
2022-08-02,43296,44533,42733,44364,1777800
2022-08-03,44027,44701,43858,44701,1005700
2022-08-04,44701,46388,44645,46388,2261100
2022-08-05,46107,46332,45601,46107,1395800
2022-08-08,46107,46388,46051,46107,915000
2022-08-09,46107,46107,44926,45432,1217900
2022-08-10,45039,45545,45039,45264,507500
2022-08-11,45713,46107,45320,45826,1171500
2022-08-12,45826,46051,45488,45882,1251800
2022-08-15,46107,46276,45938,45994,1259500
2022-08-16,46107,46107,45601,45826,687100
2022-08-17,45657,45938,45657,45826,764000
2022-08-18,45713,46107,45657,45826,1568600
2022-08-19,45320,46107,45320,45488,1148000
2022-08-22,45039,45826,44982,44982,525800
2022-08-23,44982,45713,44926,45095,648000
2022-08-24,45657,46613,45151,46107,1083700
2022-08-25,46219,46219,45713,46107,538800
2022-08-26,46107,47063,46107,46388,1559500
2022-08-29,45770,46388,45488,46388,951500
2022-08-30,46388,48356,46388,48356,2502800
2022-08-31,48356,48637,47232,47232,1055900
2022-09-05,47232,47400,46388,46444,1547800
2022-09-06,46444,47232,46163,46501,1027300
2022-09-07,46107,46388,44870,44982,2293300
2022-09-08,45488,45488,43858,43858,1074300
2022-09-09,44139,44589,43970,44308,1029200
2022-09-12,44757,44814,44308,44476,707393
2022-09-13,44645,44645,44195,44195,1191450
2022-09-14,43408,44701,43296,44027,1090341
2022-09-15,44139,44589,43914,44533,614855
2022-09-16,44589,44982,44139,44982,1520836
2022-09-19,44420,45095,43858,44308,939868
2022-09-20,44308,44982,44195,44533,523224
2022-09-21,44589,44757,43802,44364,500277
2022-09-22,43689,44195,43577,43858,1183870
2022-09-23,43408,43689,42621,42677,1035807
2022-09-26,42227,43296,41665,42171,1256770
2022-09-27,42733,42733,41721,41777,654279
2022-09-28,41609,42171,41496,42171,588760
2022-09-29,42733,42733,41609,41609,588618
2022-09-30,41159,41777,40709,41159,1263216
2022-10-03,41328,41496,39528,39697,895901
2022-10-04,39360,40428,39078,40091,1281903
2022-10-05,40147,40484,39978,40203,835756
2022-10-06,40484,40484,39303,39416,752134
2022-10-07,39135,39135,36717,37504,2114289
2022-10-10,37392,38066,36042,36604,1317571
2022-10-11,36717,37110,34861,34861,1162567
2022-10-12,35424,36717,34974,35986,1518177
2022-10-13,36042,37392,35255,37392,1597432
2022-10-14,38516,38516,37841,38291,1600459
2022-10-17,37841,38235,36829,37279,1241850
2022-10-18,38235,38235,37841,38066,885675
2022-10-19,38179,38235,37841,38179,627787
2022-10-20,38179,39360,37729,38910,1517785
2022-10-21,38910,39753,38235,38235,1284429
2022-10-24,39078,39078,36998,38235,670658
2022-10-25,37110,39697,37110,39303,1536394
2022-10-26,39697,39697,38516,39360,591925
2022-10-27,39641,40990,38966,40315,1299122
2022-10-28,40765,41890,40259,40259,1562170
2022-10-31,41328,41328,40765,41328,660625
2022-11-01,41609,42171,41215,42171,826630
2022-11-02,41609,41890,40484,41384,1255849
2022-11-03,40484,41271,40484,41046,727061
2022-11-04,40203,40765,38741,40372,1538569
2022-11-07,40372,41046,39978,40372,1232957
2022-11-08,40484,42171,40259,40822,1661225
2022-11-09,41328,41721,40822,41609,1215481
2022-11-10,41552,41552,40259,40934,959263
2022-11-11,41046,42452,41046,42452,1315047
2022-11-14,42452,43014,41665,42227,1537405
2022-11-15,41834,42958,40540,42171,1582693
2022-11-16,39528,43858,39528,42227,2350806
2022-11-17,42789,43071,42452,43014,1646478
2022-11-18,42677,43239,41384,43014,1565603
2022-11-21,43014,43014,42171,42171,1107753
2022-11-22,41890,42733,40765,41328,1936869
2022-11-23,41046,41328,40709,41328,794699
2022-11-24,41328,41609,40765,41046,1082309
2022-11-25,41103,41384,40934,41103,1675974
2022-11-28,41890,43296,41496,43127,1343149
2022-11-29,42733,44870,42733,44870,1709345
2022-11-30,45151,45545,43296,45545,1324673
2022-12-01,45488,45770,44533,44982,1180842
2022-12-02,44926,47794,44589,47794,1243982
2022-12-05,47288,48918,46388,47794,1668352
2022-12-06,47794,47906,44982,44982,1309556
2022-12-07,44982,46107,43858,44139,1456577
2022-12-08,44420,45545,43296,43296,2110951
2022-12-09,44083,44533,43352,43464,1684857
2022-12-12,44308,45264,43520,43520,2106780
2022-12-13,43914,44589,43802,43970,2233239
2022-12-14,44814,44814,44139,44308,1084310
2022-12-15,44308,45376,44195,44701,1251584
2022-12-16,44701,46613,44364,44814,3160071
2022-12-19,44982,45545,44420,44533,758323
2022-12-20,44814,46107,44420,44420,1425824
2022-12-21,45770,45770,44251,44251,962690
2022-12-22,44701,45601,44589,44589,1073857
2022-12-23,45095,45657,44476,44476,1080281
2022-12-26,44533,45432,44364,44364,1204231
2022-12-27,45095,45264,44364,44476,1059104
2022-12-28,45207,46107,44701,44982,1174140
2022-12-29,46276,46388,45264,45376,1238385
2022-12-30,46613,46725,44982,44982,1512532
2023-01-03,45095,46444,45095,46444,1090345
2023-01-04,46613,46613,45994,46557,838779
2023-01-05,46557,47232,46388,47232,1080011
2023-01-06,47232,47681,47175,47232,1127163
2023-01-09,48244,48862,47681,48862,1668531
2023-01-10,48469,50549,48469,49087,2114849
2023-01-11,49087,49087,47850,47850,984111
2023-01-12,47906,47906,47119,47681,1879784
2023-01-13,47906,48637,47906,48244,822866
2023-01-16,48356,49762,48356,49087,737007
2023-01-17,49762,50268,49087,50268,645550
2023-01-18,50605,51167,50268,50605,836046
2023-01-19,50324,53979,49199,52292,1720442
2023-01-27,52292,53192,51449,52292,1554077
2023-01-30,51786,52011,50493,50549,1046115
2023-01-31,50549,51674,49368,51674,1449748
2023-02-01,51730,52011,50099,50099,1137519
2023-02-02,49818,51730,49818,50943,985306
2023-02-03,50774,52292,50099,52292,894615
2023-02-06,52067,54148,51449,53979,1154264
2023-02-07,53585,53698,51730,51730,1196748
2023-02-08,51786,54091,51786,52967,886576
2023-02-09,52742,53417,52292,52292,760552
2023-02-10,53135,53135,52180,53135,648708
2023-02-13,53304,53641,51730,52573,873881
2023-02-14,52573,52573,51280,52011,1143667
2023-02-15,52011,52967,51280,52292,899713
2023-02-16,52292,52854,51842,51955,777372
2023-02-17,52292,52461,51730,52292,919596
2023-02-20,52292,53135,52292,52742,1095988
2023-02-21,52967,53360,52854,52967,676960
2023-02-22,52967,53023,52011,52292,1026246
2023-02-23,52292,52854,51280,52461,1026332
2023-02-24,52292,52854,50605,52573,631786
2023-02-27,52292,52573,51561,52180,501731
2023-02-28,52348,52686,52067,52573,566115
2023-03-01,51898,52517,51842,52292,730121
2023-03-02,52292,52742,51617,52404,985271
2023-03-03,51617,52180,51111,51111,799049
2023-03-06,51167,51842,51167,51167,712399
2023-03-07,51449,52011,51224,51674,970761
2023-03-08,51167,51842,50999,51842,872316
2023-03-09,51730,52517,51561,52292,1098833
2023-03-10,51842,52011,51449,51786,708269
2023-03-13,51730,51730,51055,51449,759814
2023-03-14,51167,51280,50886,51167,864241
2023-03-15,51505,51730,51224,51392,808217
2023-03-16,51167,51730,50324,51167,806313
2023-03-17,51167,51224,50043,50043,2272490
2023-03-20,50043,50324,47850,47850,1035307
2023-03-21,48019,50549,48019,48637,1058061
2023-03-22,48693,50549,48693,50043,1056346
2023-03-23,49930,50999,49087,50999,850122
2023-03-24,51167,51167,49987,50043,630688
2023-03-27,50043,51167,49481,51167,730499
2023-03-28,51055,52236,50661,51617,846797
2023-03-29,52011,52011,50886,51898,423348
2023-03-30,51898,52404,51730,52123,411004
2023-03-31,52180,52404,50886,51392,951283
2023-04-03,51561,52236,51280,52180,737481
2023-04-04,52180,52236,51505,51730,270521
2023-04-05,51898,51898,51224,51786,336349
2023-04-06,51449,51786,51280,51280,376788
2023-04-07,51167,51224,50324,50605,747860
2023-04-10,50605,50605,50043,50043,639645
2023-04-11,50043,50605,49593,49593,752232
2023-04-12,49649,49818,49481,49649,518806
2023-04-13,49649,49762,49368,49593,491499
2023-04-14,49649,50099,49593,49706,415311
2023-04-17,49706,49762,49368,49706,489420
2023-04-18,49649,49818,49199,49481,695427
2023-04-19,49537,49874,49481,49762,417179
2023-04-20,49930,49930,49481,49649,258080
2023-04-21,49481,49537,49143,49199,357041
2023-04-24,49481,49762,48918,49424,506466
2023-04-25,49593,49762,49199,49649,546290
2023-04-26,49481,50324,49424,50268,710670
2023-04-27,49874,50886,49706,50605,581140
2023-04-28,50605,50886,49930,50886,705032
2023-05-04,50605,50605,49762,49762,496435
2023-05-05,49762,50549,49593,50493,226102
2023-05-08,50605,52404,50493,52292,1502235
2023-05-09,52292,52798,51898,51898,564410
2023-05-10,51674,52292,51505,51730,418041
2023-05-11,51730,51786,51167,51167,506319
2023-05-12,51167,52180,51055,52180,711269
2023-05-15,51730,52292,51280,51561,451483
2023-05-16,51730,52348,51336,52067,666940
2023-05-17,52011,52292,51898,52180,573251
2023-05-18,52236,53979,51842,53417,1680806
2023-05-19,53135,53360,52067,52967,440496
2023-05-22,52292,52798,51842,52348,623319
2023-05-23,52292,52629,51786,52180,569233
2023-05-24,52180,52180,51674,52067,342665
2023-05-25,52067,52854,51392,52404,607166
2023-05-26,52404,52573,51730,51730,284190
2023-05-29,51730,53417,51730,52348,591719
2023-05-30,52348,53304,51955,53135,565039
2023-05-31,52798,52911,52348,52854,380711
2023-06-01,53192,53192,52404,52798,646726
2023-06-02,52798,53417,52461,53360,739065
2023-06-05,53529,55497,53529,55103,1299964
2023-06-06,55103,55666,54260,55666,761266
2023-06-07,55666,55666,54541,54541,750797
2023-06-08,54541,57184,54541,56228,1341141
2023-06-09,56228,57353,55666,56509,821677
2023-06-12,56172,57071,55160,56790,436746
2023-06-13,56228,57915,56059,57634,840097
2023-06-14,57577,58477,57071,57690,842576
2023-06-15,57634,58308,57128,58196,913438
2023-06-16,58590,59827,58027,59039,1333946
2023-06-19,58252,58533,57184,57184,1141315
2023-06-20,56846,56846,56116,56172,1782749
2023-06-21,56059,56509,56059,56228,1188227
2023-06-22,57353,57353,56172,56453,717220
2023-06-23,56453,56453,55947,56172,706286
2023-06-26,55722,56734,55722,56228,807728
2023-06-27,56228,56790,56059,56228,686645
2023-06-28,56228,57465,56116,56846,822207
2023-06-29,57240,57915,56846,57296,642122
2023-06-30,56846,57240,56228,56228,557300
2023-07-03,56228,56678,56116,56228,490833
2023-07-04,56622,57296,56172,56228,683429
2023-07-05,56790,57634,56397,57353,954822
2023-07-06,57409,57465,56509,56622,1021691
2023-07-07,56509,59039,56453,59039,1066312
2023-07-10,58983,58983,57521,57746,916503
2023-07-11,57240,59039,57240,57915,888492
2023-07-12,57746,58758,57746,58477,743776
2023-07-13,59039,59039,58308,58983,929375
2023-07-14,58983,59039,58477,59039,798828
2023-07-17,59039,59039,58590,58927,792928
2023-07-18,58983,59039,58646,58646,590877
2023-07-19,58814,60220,58814,59883,927729
2023-07-20,59321,59827,58252,59039,772446
2023-07-21,59039,59039,58477,59039,664121
2023-07-24,59096,59264,58758,58814,809968
2023-07-25,60033,61428,59967,60896,2376800
2023-07-26,61029,62025,61029,62025,1149142
2023-07-27,62225,62225,61428,61561,959168
2023-07-28,61561,61760,60963,61760,1118204
2023-07-31,61760,61893,60830,60830,1469179
2023-08-01,60830,61627,60564,60564,1282915
2023-08-02,60564,60764,60432,60764,1056442
2023-08-03,60764,60764,60100,60166,838992
2023-08-04,60232,60498,59834,59834,1232691
2023-08-07,59834,60299,59768,60299,1112919
2023-08-08,60299,60564,59834,60232,825329
2023-08-09,60232,60365,59834,59900,592910
2023-08-10,60100,60100,58771,58771,1339101
2023-08-11,58771,60033,58771,60033,922105
2023-08-14,59967,59967,59103,59103,1472862
2023-08-15,59768,59768,58771,59037,1149381
2023-08-16,58971,59369,58904,59236,728443
2023-08-17,59236,59635,58838,59369,2145945
2023-08-18,59635,59967,59103,59436,2432095
2023-08-21,59568,59900,59236,59635,1711594
2023-08-22,59436,59568,58307,58705,1826735
2023-08-23,59037,59037,57178,57310,1756869
2023-08-24,57310,58572,57111,57775,904090
2023-08-25,57244,57775,57111,57244,1406166
2023-08-28,57377,58107,57244,57775,1379391
2023-08-29,57775,58771,57709,58705,1393114
2023-08-30,58771,59436,58771,59170,1351406
2023-08-31,59170,59502,58639,59170,1532410
2023-09-05,59170,60232,59170,59834,1943937
2023-09-06,59900,59900,59568,59900,2019306
2023-09-07,59768,60299,59436,59436,1767025
2023-09-08,59436,59436,59170,59436,1342875
2023-09-11,59502,59768,58439,58771,1651179
2023-09-12,59103,59768,59037,59701,1573590
2023-09-13,59768,59768,59037,59170,1583591
2023-09-14,59103,59436,58506,59170,1513444
2023-09-15,59037,59635,58838,59635,2148841
2023-09-18,59436,59568,58639,58971,721550
2023-09-19,58971,59236,57111,58506,1121369
2023-09-20,58506,58705,57377,58439,789315
2023-09-21,58439,58439,57642,57775,1070108
2023-09-22,57377,59436,57111,59303,2412619
2023-09-25,59103,59436,58639,59303,2212485
2023-09-26,59236,59369,57709,57775,1666399
2023-09-27,58174,59103,57775,58307,1207226
2023-09-28,57908,58639,57510,58439,1066237
2023-09-29,58639,58639,57842,58107,450190
2023-10-02,57842,57908,57443,57443,767433
2023-10-03,57443,57576,56978,57310,884115
2023-10-04,57310,57310,56646,57310,925262
2023-10-05,57111,57111,56115,56115,891392
2023-10-06,56115,56713,55451,56713,802652
2023-10-09,56713,56713,55783,56181,1097445
2023-10-10,56181,57244,56181,57178,735970
2023-10-11,57244,57443,56912,57443,720549
2023-10-12,57709,57709,56779,57111,715133
2023-10-13,57111,57510,56779,57510,663930
2023-10-16,56846,57510,56846,57178,333530
2023-10-17,57178,57443,56779,57045,364184
2023-10-18,56779,57111,56447,57045,1148543
2023-10-19,56779,57111,55849,56115,1364661
2023-10-20,55451,56646,54920,56314,940696
2023-10-23,56115,56115,54787,56115,967700
2023-10-24,56115,57443,55717,57111,995455
2023-10-25,56514,56978,56181,56978,660885
2023-10-26,56447,57111,55451,56115,1421717
2023-10-27,56181,56447,55650,56447,774937
2023-10-30,55451,57111,55451,57045,594248
2023-10-31,57045,57709,56381,57642,1347127
2023-11-01,57642,58307,57178,58307,1481233
2023-11-02,58439,59103,57510,59103,1060228
2023-11-03,59103,59369,58506,59037,1089983
2023-11-06,59037,59635,58771,59436,775907
2023-11-07,59103,59303,58639,58639,415337
2023-11-08,58439,59568,58373,59436,1273201
2023-11-09,59436,59436,58373,58373,1168331
2023-11-10,57842,58107,57111,57111,1353101
2023-11-13,57111,57178,56713,56779,938884
2023-11-14,57111,57443,56713,57111,988940
2023-11-15,57443,58240,57443,58240,4069328
2023-11-16,57775,58439,57576,58439,1285689
2023-11-17,58307,58373,56779,56846,1589317
2023-11-20,56846,57775,56447,57178,1099258
2023-11-21,57178,57576,56978,57510,1152379
2023-11-22,57310,57576,56779,57576,1013847
2023-11-23,57576,57642,56779,56779,648155
2023-11-24,56779,57111,56447,57111,735269
2023-11-27,57111,57111,56514,56978,443705
2023-11-28,56779,57045,56314,56978,780344
2023-11-29,56713,57045,56514,56514,734262
2023-11-30,56514,56713,56248,56248,928310
2023-12-01,56381,56447,55849,56447,715983
2023-12-04,56713,57244,56314,57111,889234
2023-12-05,57111,57178,56314,56713,994057
2023-12-06,56646,57111,56447,57045,639066
2023-12-07,56912,57111,56447,56580,993875
2023-12-08,56580,56779,56447,56447,1184278
2023-12-11,56447,56646,55849,55916,1401171
2023-12-12,56248,56248,55783,55916,1007855
2023-12-13,55916,56115,55584,55584,1154515
2023-12-14,55783,56115,55783,56049,841937
2023-12-15,55783,56049,54588,54588,2531751
2023-12-18,54986,55053,54123,54123,1805761
2023-12-19,54123,54123,53193,53924,1964252
2023-12-20,53924,53990,53459,53857,1873375
2023-12-21,53791,53791,53326,53724,2031463
2023-12-22,53724,53857,53392,53724,1581238
2023-12-25,53724,54322,53592,54322,1303639
2023-12-26,54455,54986,54455,54986,973002
2023-12-27,55053,55252,54787,54920,900989
2023-12-28,54920,55185,54721,54986,704577
2023-12-29,55451,55717,53326,53326,1623585
2024-01-02,55053,55517,54588,55451,1788420
2024-01-03,55451,56115,54986,56115,1374590
2024-01-04,56115,57244,55783,57045,2660779
2024-01-05,57045,57244,56912,57244,1181807
2024-01-08,57310,57642,57310,57642,1611721
2024-01-09,57642,58373,57642,58307,1928985
2024-01-10,58307,59436,57908,59436,1800328
2024-01-11,59436,59768,58838,59303,1491432
2024-01-12,58506,59436,58041,58904,1911967
2024-01-15,59103,59834,59037,59768,1916364
2024-01-16,59103,59834,59037,59768,1368816
2024-01-17,59103,60432,59103,60365,1581258
2024-01-18,60365,60564,59768,60498,1424696
2024-01-19,60432,61760,60033,61494,1477733
2024-01-22,62092,62092,61096,61096,1048242
2024-01-23,61162,61361,60033,60764,1259446
2024-01-24,60830,61096,60365,60498,746187
2024-01-25,60498,60830,60232,60432,505031
2024-01-26,60830,61096,60697,61096,953670
2024-01-29,60963,61096,60365,60564,732044
2024-01-30,60564,60564,59834,60432,889895
2024-01-31,60166,60166,58771,58771,947351
2024-02-01,58439,59900,58439,59635,598963
2024-02-02,59170,60100,59170,59967,734186
2024-02-05,59900,60166,59369,59768,1950335
2024-02-06,59967,60166,59170,59436,1353403
2024-02-07,59768,60299,59303,59768,1372449
2024-02-15,59768,60232,59170,59701,1047830
2024-02-16,59701,59900,59436,59502,735346
2024-02-19,59701,60100,59303,59900,1046679
2024-02-20,59834,60697,59369,60631,1405753
2024-02-21,60896,60896,60100,60564,1369259
2024-02-22,60166,60432,59436,59436,1224789
2024-02-23,59436,60697,59037,59037,1802815
2024-02-26,59037,59768,59037,59436,722488
2024-02-27,59502,60564,59170,60498,1608348
2024-02-28,60432,64682,60033,64682,4227766
2024-02-29,65412,66740,64615,64615,1902870
2024-03-01,65213,65213,63022,64615,2383117
2024-03-04,65080,65080,63486,63752,1643680
2024-03-05,64151,64151,63221,63420,1366903
2024-03-06,63420,64283,63154,63486,2072535
2024-03-07,63686,64682,63420,63619,2364334
2024-03-08,63686,64084,63154,63154,2231150
2024-03-11,63154,63752,62490,62490,1842420
2024-03-12,62490,63022,62424,62690,1108496
2024-03-13,63022,64084,62623,63752,3126592
2024-03-14,63752,63818,62822,63088,2322431
2024-03-15,63088,63088,62357,62424,2304560
2024-03-18,62623,62756,61428,61760,1843874
2024-03-19,61428,62092,61428,61428,870431
2024-03-20,61428,62490,61428,61893,899448
2024-03-21,62424,63420,62424,63221,1454765
2024-03-22,63221,64283,63221,64018,1846861
2024-03-25,63088,64350,62490,63553,1370504
2024-03-26,63752,64151,63619,63951,736873
2024-03-27,63885,63885,63486,63619,1047647
2024-03-28,63885,64018,63486,63553,1233566
2024-03-29,63686,63686,63022,63022,801942
2024-04-01,63022,63752,62889,63221,1222710
2024-04-02,63154,63221,62357,62756,970357
2024-04-03,62690,62955,62291,62291,1323149
2024-04-04,63022,63752,62690,63752,2024326
2024-04-05,62955,63486,62557,63022,780020
2024-04-08,63022,63287,62557,63022,865357
2024-04-09,63088,63354,62557,62623,688518
2024-04-10,62623,62822,62490,62756,738740
2024-04-11,62424,62822,62092,62424,778946
2024-04-12,62756,63420,62291,62822,846008
2024-04-15,62822,64084,61096,61096,1902194
2024-04-16,62291,62291,60100,60432,1860102
2024-04-17,60564,61162,59436,60100,1454446
2024-04-19,59768,60365,59568,60100,1326423
2024-04-22,60100,60697,59900,60166,999830
2024-04-23,60166,60564,59236,59834,1565162
2024-04-24,60432,60498,59834,60166,1926287
2024-04-25,60166,61693,60100,60432,1236861
2024-04-26,60896,61959,60564,60564,1699786
2024-05-02,61162,61428,60498,61029,933709
2024-05-03,61361,62025,60963,61428,1472206
2024-05-06,61693,61959,61561,61760,1148815
2024-05-07,62025,62490,61693,61693,1155689
2024-05-08,61561,61893,61162,61760,1247171
2024-05-09,61693,62025,61295,61428,607990
2024-05-10,61561,61561,60896,61096,824888
2024-05-13,61162,61361,60100,60432,1234518
2024-05-14,60498,60830,60100,60166,819950
2024-05-15,60432,60631,60299,60432,884744
2024-05-16,61096,61561,60764,61494,1715536
2024-05-17,61494,61494,60896,60963,1086438
2024-05-20,61295,61760,60963,61029,1045431
2024-05-21,61029,61096,60232,60498,1488654
2024-05-22,60764,60896,60232,60232,1349994
2024-05-23,60232,60764,60100,60432,1318403
2024-05-24,60432,60432,59768,59900,2243441
2024-05-27,60033,60166,59568,59900,1060054
2024-05-28,59635,60232,59635,60232,1351470
2024-05-29,60299,60432,59635,59635,1188182
2024-05-30,59436,59568,58771,58838,2358180
2024-05-31,58904,59103,57908,57908,3927010
2024-06-03,58439,59303,58439,58572,2111127
2024-06-04,59037,59236,58639,58904,1818442
2024-06-05,58904,59436,58838,58971,1886226
2024-06-06,59037,59568,58971,59103,1702865
2024-06-07,59170,59568,58771,58771,1131101
2024-06-10,59037,59236,58373,58439,2643949
2024-06-11,58639,58705,57842,57908,2256534
2024-06-12,58041,59236,57775,58904,2251490
2024-06-13,59037,59170,58705,58705,1603414
2024-06-14,58771,59170,58107,58107,2484887
2024-06-17,58174,58307,57842,57842,2295281
2024-06-18,58107,58771,57842,57842,1372946
2024-06-19,57975,58107,57443,57510,2176749
2024-06-20,57510,57510,56846,57111,2654038
2024-06-21,57178,57576,56779,57111,1809985
2024-06-24,57111,58041,56779,56779,2153682
2024-06-25,56912,57576,56779,56779,1567779
2024-06-26,57045,57310,56580,56580,1709970
2024-06-27,56580,57111,56580,56580,1425080
2024-06-28,57111,57111,56447,56580,1114085
2024-07-01,56978,57244,56580,57178,1180816
2024-07-02,57576,58971,57244,58572,2428337
2024-07-03,58439,58904,58307,58771,2252635
2024-07-04,58838,59568,58439,58439,3062719
2024-07-05,58506,59236,58439,58439,1849175
2024-07-08,58439,58904,57908,57908,1145562
2024-07-09,58107,58705,57576,58506,1551172
2024-07-10,58639,59236,58439,58838,1725458
2024-07-11,58838,59037,58506,58506,1446841
2024-07-12,58572,58838,58174,58174,1374637
2024-07-15,58174,58639,58107,58107,1174084
2024-07-16,58174,58838,58174,58373,1535446
2024-07-17,58971,59768,58107,58439,3365241
2024-07-18,58639,58971,58373,58439,1653687
2024-07-19,58439,58971,58107,58107,1325123
2024-07-22,58107,58639,57975,58240,1463116
2024-07-23,58307,58639,58107,58107,1412799
2024-07-24,58041,58506,58041,58107,1477891
2024-07-25,58174,58240,57908,57975,882334
2024-07-26,57975,58240,57908,57975,904427
2024-07-29,58174,58307,57975,57975,454233
2024-07-30,57975,58639,57975,58107,978889
2024-07-31,58107,59236,58107,59236,1865641
2024-08-01,59303,60697,59236,60232,4807705
2024-08-02,60033,60033,58904,58904,1512887
2024-08-05,58771,58771,57709,57709,3063084
2024-08-06,57709,58240,57576,57975,1654296
2024-08-07,58041,58240,57775,58240,714053
2024-08-08,58240,58240,57908,57975,962297
2024-08-09,58041,58639,58041,58240,1137871
2024-08-12,58705,58705,57975,58307,1061597
2024-08-13,58174,59436,58174,59436,1593947
2024-08-14,59303,59369,58307,58439,1494847
2024-08-15,58439,58971,58174,58174,922035
2024-08-16,58439,59037,58439,58506,1371799
2024-08-19,58971,59303,58639,58971,1656591
2024-08-20,59037,60299,59037,60299,3387268
2024-08-21,60299,61760,60033,61627,2751625
2024-08-22,61693,61893,61162,61361,1416616
2024-08-23,61428,61627,60100,61361,1078085
2024-08-26,61162,61494,60830,61096,1569224
2024-08-27,61096,61162,60365,60764,902760
2024-08-28,60896,61029,60498,60498,1032939
2024-08-29,60432,61361,60432,60764,1497431
2024-08-30,60764,61295,60764,60896,1671053
2024-09-04,60498,60498,59967,60432,1014236
2024-09-05,60166,60498,59834,59834,1185511
2024-09-06,59900,60299,59635,59900,785854
2024-09-09,59834,59900,59236,59900,703748
2024-09-10,59834,59900,59103,59103,1193581
2024-09-11,58838,59103,58439,58705,1029054
2024-09-12,58771,59834,58705,59436,1610394
2024-09-13,59635,59900,59170,59701,1625774
2024-09-16,59502,59768,58971,59037,728926
2024-09-17,59103,60100,58838,60100,971859
2024-09-18,60166,61029,59568,60432,1722387
2024-09-19,60432,60896,60365,60764,1346904
2024-09-20,60963,61096,60166,60166,2181722
2024-09-23,60631,60830,60365,60365,697895
2024-09-24,60365,60764,60365,60564,523790
2024-09-25,60764,61760,60564,61627,2604508
2024-09-26,61693,62291,61428,61428,1820054
2024-09-27,61428,62158,61428,61428,1073168
2024-09-30,61428,61428,61096,61096,1278350
2024-10-01,61295,62025,61096,61096,1725848
2024-10-02,61295,61561,60963,61561,1380621
2024-10-03,61494,62357,61361,61494,1700784
2024-10-04,61428,61627,61295,61295,860495
2024-10-07,61295,61428,60963,61096,611894
2024-10-08,61096,61096,60432,60764,1124515
2024-10-09,60631,60963,60365,60432,2176865
2024-10-10,61295,61760,60564,61029,1326569
2024-10-11,61029,61029,60564,60764,1084336
2024-10-14,61229,61229,60631,60697,931995
2024-10-15,60631,61162,60631,60697,1431969
2024-10-16,60697,60963,60631,60764,1293521
2024-10-17,61096,61295,60896,61229,1286287
2024-10-18,61561,61826,61096,61361,1164056
2024-10-21,61428,61959,61096,61096,1425147
2024-10-22,61096,61229,60697,60697,1260601
2024-10-23,60564,60963,60564,60764,750353
2024-10-24,61229,61295,60697,60896,756579
2024-10-25,61162,61295,60896,60963,997728
2024-10-28,60764,61295,60764,61096,1106555
2024-10-29,61162,61494,61096,61096,1298643
2024-10-30,61096,61361,60830,60896,627682
2024-10-31,60764,63088,60764,62158,2892451
2024-11-01,62424,63022,62092,62092,1732251
2024-11-04,62424,63287,61361,61428,1856395
2024-11-05,61494,61760,61096,61494,1084183
2024-11-06,61627,62025,61627,61693,1417991
2024-11-07,61893,62357,61893,61893,1420301
2024-11-08,62092,62357,61229,61229,1381249
2024-11-11,61627,61627,61029,61096,1874368
2024-11-12,61096,61893,61029,61029,1337197
2024-11-13,61029,61693,61029,61428,1332711
2024-11-14,61096,61428,61029,61096,1720202
2024-11-15,61096,61428,60830,60896,1509691
2024-11-18,60896,61295,60365,60432,1876350
2024-11-19,60764,60830,59768,59768,1577896
2024-11-20,59768,60564,59701,59967,1641687
2024-11-21,60033,60631,59900,60100,1461608
2024-11-22,60432,60631,60166,60166,1730814
2024-11-25,60365,61229,60365,60631,1814963
2024-11-26,60697,61693,60697,61361,1760827
2024-11-27,61295,61893,61295,61561,1048309
2024-11-28,61826,62092,61428,61494,1290948
2024-11-29,61494,61959,61428,61959,1011316
2024-12-02,63022,63154,62357,62557,1575332
2024-12-03,62690,62690,61494,61760,2447450
2024-12-04,61627,62357,61428,62092,1205482
2024-12-05,61760,62822,61760,62424,2334456
2024-12-06,62424,63287,62357,62557,1702183
2024-12-09,62557,63287,62357,63287,1958838
2024-12-10,63287,63287,62756,62756,914482
2024-12-11,62756,62955,61893,61959,1611488
2024-12-12,62092,62690,62092,62092,672349
2024-12-13,61893,62158,61693,61826,1228466
2024-12-16,61760,61893,61693,61826,1122982
2024-12-17,61760,61826,61627,61760,1049241
2024-12-18,61760,61959,61760,61826,531269
2024-12-19,61627,61627,61229,61361,1870599
2024-12-20,61361,61693,61295,61428,1246769
2024-12-23,61494,61627,61361,61361,707967
2024-12-24,61561,61627,61096,61162,1025356
2024-12-25,61229,62291,61229,61361,1829185
2024-12-26,61428,61627,61096,61162,2203884
2024-12-27,61428,61760,61229,61229,1640901
2024-12-30,61229,61428,61096,61096,1707785
2024-12-31,61229,61361,60564,60564,2375289
2025-01-02,60830,61428,60764,61029,1631368
2025-01-03,61029,61361,61029,61096,1403040
2025-01-06,61096,62025,61029,61693,1938268
2025-01-07,61893,61893,61295,61295,1253566
2025-01-08,61295,61361,60764,61361,1054219
2025-01-09,61096,61229,60896,61029,739048
2025-01-10,61029,61361,60697,60697,1113334
2025-01-13,60631,61029,60498,61029,938736
2025-01-14,61029,61029,60564,60896,678628
2025-01-15,61029,61029,60697,60697,446062
2025-01-16,61029,61893,60963,61561,2461599
2025-01-17,61561,61760,61229,61428,1124326
2025-01-20,61295,61428,60830,60896,1763550
2025-01-21,61162,61162,60631,60697,1266355
2025-01-22,61096,61096,60564,60564,979719
2025-01-23,60631,61693,60631,61428,1686458
2025-01-24,61162,61760,61162,61494,945437
2025-02-03,61295,61361,60830,60830,1436966
2025-02-04,61162,61229,60896,61096,855942
2025-02-05,61096,61627,61096,61494,1346904
2025-02-06,61627,62025,61561,61693,1352924
2025-02-07,61693,61893,61428,61760,2262521
2025-02-10,61693,61693,61029,61229,2299299
2025-02-11,61229,61295,60896,61029,1040604
2025-02-12,61029,61428,60764,60764,1057688
2025-02-13,61029,61029,60697,60830,863094
2025-02-14,61229,61229,60764,60830,948437
2025-02-17,60764,61096,60764,60830,788528
2025-02-18,60830,61096,60697,60830,1067903
2025-02-19,60830,60896,60631,60896,1510842
2025-02-20,61229,61295,60896,60896,1638352
2025-02-21,61162,61826,61162,61826,2515484
2025-02-24,61959,62092,61561,62092,1957924
2025-02-25,62092,62158,61428,61494,1928951
2025-02-26,61494,61693,61229,61295,771099
2025-02-27,63022,63354,62424,62424,5035025
2025-02-28,62557,62557,61959,61959,2073877
2025-03-03,62092,62092,61760,61959,1252949
2025-03-04,61893,62025,61561,61760,2501823
2025-03-05,61760,62291,61760,61760,1822854
2025-03-06,62092,62557,61893,62092,2359429
2025-03-07,62158,63287,62092,63154,4003619
2025-03-10,64018,64682,63818,64283,4434646
2025-03-11,63752,64283,63486,64283,3644714
2025-03-12,65525,68106,65128,66220,7581491
2025-03-13,66716,66716,64731,65028,4514555
2025-03-14,64929,66319,64929,65525,4929265
2025-03-17,65525,66815,65525,66815,4946897
2025-03-18,67312,67312,66319,66319,3663486
2025-03-19,66716,66716,66021,66021,3679899
2025-03-20,66021,66518,65723,66319,1693378
2025-03-21,66518,66518,65525,65525,1707373
2025-03-24,65823,66021,65028,66021,1983215
2025-03-25,66021,66120,65723,65723,2031082
2025-03-26,65922,66120,65326,65326,1511026
2025-03-27,65326,65426,65028,65028,905213
2025-03-28,65028,65227,64333,64333,1656783
2025-03-31,64234,64731,63539,63539,1775079
2025-04-01,64234,64830,63539,64036,1720587
2025-04-02,64532,65525,64135,64333,2334069
2025-04-03,63539,63936,59866,59866,9818714
2025-04-04,56292,59568,55795,59568,11892239
2025-04-08,59369,59369,55398,55398,7191341
2025-04-09,51626,59270,51626,52122,9007761
2025-04-10,55696,55696,55696,55696,175351
2025-04-11,59369,59469,57582,59369,8074134
2025-04-14,59568,59568,58277,58873,3624722
2025-04-15,58674,60462,57880,59568,5640640
2025-04-16,59270,59866,58575,58873,2632706
2025-04-17,58873,58873,57682,57682,3155687
2025-04-18,58277,59171,57682,57682,2169852
2025-04-21,58079,58476,57682,57781,1294415
2025-04-22,57682,58377,54306,58079,3860343
2025-04-23,58972,58972,57582,57582,1930757
2025-04-24,57781,58178,57582,57781,1864710
2025-04-25,57781,58575,57086,57086,3685216
2025-04-28,57285,57880,57086,57086,1657552
2025-04-29,57285,58079,56887,56887,2437717
2025-05-05,57086,57582,56590,56689,2105718
2025-05-06,56887,57582,56590,56590,2998281
2025-05-07,56689,57086,56590,56590,2419087
2025-05-08,56987,57285,56490,56689,3026860
2025-05-09,56887,57185,56192,56192,5848894
2025-05-12,56590,56887,55795,56192,6007242
2025-05-13,56689,56887,56192,56391,7406543
2025-05-14,56788,58377,56788,58277,8033608
2025-05-15,58873,59369,58277,58277,8083606
2025-05-16,58377,58575,57086,57086,8381977
2025-05-19,56987,57185,56590,56590,4795918
2025-05-20,56590,56987,56391,56689,3875082
2025-05-21,57086,57483,56590,56689,5168505
2025-05-22,56689,56987,56490,56490,3701203
2025-05-23,56490,57086,56292,56391,3554951
2025-05-26,56490,56590,55597,56590,4737429
2025-05-27,56391,56788,56292,56391,5557215
2025-05-28,56689,57185,56391,56391,4959537
2025-05-29,56788,56788,56292,56292,3911542
2025-05-30,56391,56490,55994,55994,3940554
2025-06-02,56093,56093,55696,55795,3232645
2025-06-03,56292,56490,55994,56391,3370416
2025-06-04,56490,56590,56093,56192,2695759
2025-06-05,56292,56391,55895,55895,2788584
2025-06-06,55895,56192,55696,55696,2536554
2025-06-09,55795,55994,55498,55498,2229030
2025-06-10,55597,55795,55498,55498,2235688
2025-06-11,55795,55795,55299,55299,2300663
2025-06-12,55597,55696,55299,55597,2566853
2025-06-13,55498,56689,55200,55795,5375563
2025-06-16,55795,56292,55795,56192,4344263
2025-06-17,56490,57086,56391,56788,5168205
2025-06-18,56788,56887,56093,56292,3428307
2025-06-19,56292,56590,56093,56192,2372564
2025-06-20,56292,56788,56093,56689,6892497
2025-06-23,56292,56490,56093,56192,2485826
2025-06-24,56490,56689,56192,56192,3513030
2025-06-25,56391,56490,56192,56192,2745087
2025-06-26,56292,56391,55994,55994,2847282
2025-06-27,56192,56887,55994,56292,4088599
2025-06-30,56590,56788,56490,56590,2959226
2025-07-01,56788,58377,56689,57781,10063516
2025-07-02,57880,58178,57285,57582,2921604
2025-07-03,57682,58377,57285,57483,7406255
2025-07-04,57483,58377,57384,57980,4856776
2025-07-07,58079,58476,57781,58178,8065549
2025-07-08,58377,59072,58178,58575,10404990
2025-07-09,58972,61355,58972,61057,16474683
2025-07-10,61355,61355,60561,60958,8166436
2025-07-11,61057,62646,61057,62249,12718706
2025-07-14,62447,62447,60561,61951,6488467
2025-07-15,61951,62149,60958,60958,6329827
2025-07-16,60958,61653,60660,61355,7612148
2025-07-17,61355,62249,61355,61752,10002629
2025-07-18,61851,62149,61355,61454,6924692
2025-07-21,61752,62249,60859,60859,6147587
2025-07-22,60859,61752,60462,61752,4912448
2025-07-23,62050,62149,61355,61653,5096822
2025-07-24,61752,63043,61454,61653,8723746
2025-07-25,61653,62050,61454,61554,4984788
2025-07-28,61752,62546,61653,62348,10496568
2025-07-29,62745,62745,60561,60561,10608513
2025-07-30,60561,61454,59965,60462,7282600
2025-07-31,61057,61256,59667,59767,6077831
2025-08-01,59866,60164,59270,59767,4763193
2025-08-04,59667,60958,59568,60660,4468217
2025-08-05,61057,63241,60759,61057,18607660
2025-08-06,61653,62348,61454,61851,4685719
2025-08-07,62447,62447,60859,61256,9509430
2025-08-08,61752,62844,61156,61454,10690824
2025-08-11,61653,62745,61653,62050,7276190
2025-08-12,62348,64333,62249,62546,12145378
2025-08-13,63043,63142,61554,62050,7530834
2025-08-14,63241,65823,62844,64731,19031114
2025-08-15,66915,67014,63738,63837,16686938
2025-08-18,64333,65128,63539,64036,8310087
2025-08-19,64036,64929,63738,63738,9202625
2025-08-20,64036,64135,61752,62546,10551682
2025-08-21,62844,64532,62844,63738,9648977
2025-08-22,63539,66716,63241,64135,18963941
2025-08-25,65326,65326,62944,63142,7761134
2025-08-26,63142,64532,62447,64135,7996194
2025-08-27,64532,68602,64532,68602,31104601
2025-08-28,69000,70092,68205,68503,8814793
2025-08-29,68702,69595,68007,68106,14710787
2025-09-03,68305,68305,66518,66518,14234980
2025-09-04,67014,68503,66418,68404,8952641
2025-09-05,69000,69099,67014,67014,11059084
2025-09-08,66617,67014,64830,64830,11267729
2025-09-09,65028,65723,64036,64433,6203308
2025-09-10,65128,65525,64333,65326,5013842
2025-09-11,65128,65525,63738,65227,6357770
2025-09-12,65723,65723,64532,65326,5700154
2025-09-15,65525,65525,65028,65326,5376095
2025-09-16,65525,66120,65128,65128,6774895
2025-09-17,65028,65326,64333,64333,5636500
2025-09-18,64433,64433,63142,63440,8795058
2025-09-19,63738,64036,62546,62546,6943361
2025-09-22,62546,62745,61355,61554,6074286
2025-09-23,61951,62646,61752,61752,3274863
2025-09-24,61951,62249,61355,62249,3884578
2025-09-25,62844,62944,62249,62546,3876042
2025-09-26,62745,62944,62447,62546,3987553
2025-09-29,62447,62447,61951,62149,2787923
2025-09-30,62348,62447,61355,61554,4111201
2025-10-01,62249,62249,61554,61951,3025888
2025-10-02,61951,62646,61653,61653,3664921
2025-10-03,62000,62000,61400,61700,2827042
2025-10-06,62800,64000,62800,64000,7469299
2025-10-07,64100,64100,63300,63700,4236587
2025-10-08,64200,64900,63600,64600,8121928
2025-10-09,64500,65200,63800,63800,5740726
2025-10-10,63900,64400,63600,64200,4992243
2025-10-13,63400,63800,62800,63100,8002194
2025-10-14,63500,64000,62900,63100,7019006
2025-10-15,63100,63400,62500,62500,5224622
2025-10-16,62700,63000,62500,62900,4639896
2025-10-17,62900,62900,61800,61900,5417355
2025-10-20,61800,62200,58600,59400,12127304
2025-10-21,59700,60700,59300,59300,8428085
2025-10-22,60100,60200,58500,59600,4682742
2025-10-23,58900,60300,58900,59800,4233162
2025-10-24,59800,59900,58800,59500,4379400
2025-10-27,60000,60000,59200,59200,2647739
2025-10-28,59200,60200,59100,60000,2795124
2025-10-29,60000,61000,59800,60700,3720802
2025-10-30,61000,61200,60300,60600,1951671
2025-10-31,60800,60800,59600,59600,2123483
2025-11-03,60000,60300,59300,59300,2807123
2025-11-04,59200,60400,59100,60100,2960664
2025-11-05,60000,61100,59900,60800,4607422
2025-11-06,60900,61300,60200,60300,2828112
2025-11-07,60000,60000,59000,59300,3594828
2025-11-10,59400,59700,58800,58800,2323470
2025-11-11,59100,59600,58800,58900,2546584
2025-11-12,59100,59700,59000,59500,2017657
2025-11-13,59500,60000,59200,59800,2118685
2025-11-14,59800,60400,59400,60000,2074263
2025-11-17,60000,60400,59900,60200,1590410
2025-11-18,60400,60400,59800,59900,2164351
2025-11-19,59900,60100,59300,59400,2901159
2025-11-20,59600,59700,59200,59400,2262705
2025-11-21,59100,59200,58700,59000,3457418
2025-11-24,59000,59300,58700,58800,2030875
2025-11-25,58900,59000,58200,58200,2762787
2025-11-26,58500,58600,57800,58100,5380112
2025-11-27,58200,58500,57900,57900,3122373
2025-11-28,58000,58100,57400,57400,3541230
