date,open,low,high,close,volume
2015-01-05 00:00:00,600.48,599.69,604.99,599.69,50120690
2015-01-06 00:00:00,594.37,593.46,606.45,606.37,44823080
2015-01-07 00:00:00,606.49,606.49,611.78,607.65,52993980
2015-01-08 00:00:00,607.52,605.37,609.85,606.85,35326680
2015-01-09 00:00:00,608.26,608.26,619.52,618.41,54770470
2015-01-12 00:00:00,618.04,615.49,624.18,615.73,74155790
2015-01-13 00:00:00,614.22,614.06,619.58,619.39,46041450
2015-01-14 00:00:00,620.56,611.9,621.75,616.84,46841670
2015-01-15 00:00:00,617.12,613.8,619.05,617.62,50256690
2015-01-16 00:00:00,616.89,613.4,617.52,614.72,45619400
2015-01-19 00:00:00,616.91,609.77,618.29,611.64,37281780
2015-01-20 00:00:00,611.46,608.32,614.5,609.19,27310040
2015-01-21 00:00:00,611.5,606.53,611.63,606.53,27805930
2015-01-22 00:00:00,607.68,604.35,613.35,610.35,35661460
2015-01-23 00:00:00,611.79,611.79,618.9,615.16,43465530
2015-01-26 00:00:00,618.14,612.64,619.21,612.64,27978130
2015-01-27 00:00:00,613.03,606.75,616.69,609.98,56520410
2015-01-28 00:00:00,610.54,608.41,614.95,613.53,42686560
2015-01-29 00:00:00,613.87,610.57,615.63,613.9,38860910
2015-01-30 00:00:00,613.41,604.98,613.47,606.54,33840790
2015-02-02 00:00:00,606.02,598.46,609.79,598.46,28617500
2015-02-03 00:00:00,600.02,585.47,601.33,585.47,37859200
2015-02-04 00:00:00,585.32,581.24,588.83,588.83,45743550
2015-02-05 00:00:00,587.54,587.47,593.56,591.28,29515570
2015-02-06 00:00:00,592.4,592.4,597.06,595.69,23398110
2015-02-09 00:00:00,595.69,594.77,598.82,594.77,27637200
2015-02-10 00:00:00,594.79,594.72,599.43,595.53,23232540
2015-02-11 00:00:00,596.7,596.41,607.33,607.33,36021250
2015-02-12 00:00:00,608.89,608.89,614.69,613.36,37582450
2015-02-13 00:00:00,615.33,614.96,618.46,617.2,30277560
2015-02-24 00:00:00,619.48,618.73,624.17,624.17,27534650
2015-02-25 00:00:00,623.69,619.23,627.94,619.44,37930160
2015-02-26 00:00:00,621.0,618.09,623.99,623.84,45480930
2015-02-27 00:00:00,625.35,618.39,625.35,618.39,31015980
2015-03-02 00:00:00,619.2,615.39,621.04,617.05,33074500
2015-03-03 00:00:00,618.0,618.0,627.39,627.27,46445600
2015-03-04 00:00:00,628.77,625.66,630.52,629.69,38281850
2015-03-05 00:00:00,629.58,625.25,630.72,625.25,44971620
2015-03-06 00:00:00,625.15,622.75,629.71,622.75,37192250
2015-03-09 00:00:00,619.37,618.96,622.95,621.1,48318880
2015-03-11 00:00:00,622.48,619.27,623.65,619.27,33458430
2015-03-12 00:00:00,619.0,616.52,621.81,620.24,35829930
2015-03-13 00:00:00,620.4,616.94,622.56,616.94,50022480
2015-03-16 00:00:00,613.99,609.78,616.42,610.63,52211850
2015-03-17 00:00:00,609.37,609.37,612.72,611.24,44165630
2015-03-18 00:00:00,610.31,607.08,611.2,607.18,41907400
2015-03-19 00:00:00,607.64,600.87,608.81,601.31,39520700
2015-03-20 00:00:00,600.19,599.91,604.67,603.76,105742910
2015-03-23 00:00:00,604.09,597.94,607.4,598.07,46210900
2015-03-24 00:00:00,596.65,590.18,596.65,593.8,35141090
2015-03-25 00:00:00,593.5,589.42,593.96,590.17,38156130
2015-03-26 00:00:00,587.99,585.81,590.94,586.7,30028020
2015-03-27 00:00:00,588.68,580.34,590.64,583.02,34429370
2015-03-30 00:00:00,583.22,576.41,584.99,576.6,36168370
2015-03-31 00:00:00,576.8,576.8,582.51,579.97,38523860
2015-04-01 00:00:00,580.27,568.45,580.61,569.48,49556230
2015-04-02 00:00:00,577.36,574.43,580.11,577.66,30629150
2015-04-06 00:00:00,578.14,572.71,579.56,572.71,20252990
2015-04-07 00:00:00,572.72,570.09,578.21,577.69,40889220
2015-04-08 00:00:00,578.6,574.85,580.08,575.94,26889510
2015-04-09 00:00:00,575.5,575.36,581.25,578.35,22954440
2015-04-10 00:00:00,579.53,579.53,586.9,583.34,32635700
2015-04-13 00:00:00,586.09,585.86,589.77,589.77,26926070
2015-04-14 00:00:00,589.11,587.24,592.03,587.24,20014490
2015-04-15 00:00:00,588.32,587.21,592.45,590.78,31429170
2015-04-16 00:00:00,539.91,592.84,597.01,595.09,37405150
2015-04-17 00:00:00,595.43,595.43,602.83,599.12,45870480
2015-04-20 00:00:00,599.66,593.96,599.89,595.82,21455030
2015-04-21 00:00:00,595.1,593.67,598.24,593.67,31596060
2015-04-22 00:00:00,594.89,593.99,597.4,594.0,26166660
2015-04-23 00:00:00,594.13,589.61,596.85,592.71,27232170
2015-04-24 00:00:00,594.3,593.03,596.93,596.1,19366650
2015-04-27 00:00:00,599.99,593.15,600.36,593.15,16769490
2015-05-04 00:00:00,589.54,575.16,593.95,576.52,44368030
2015-05-05 00:00:00,576.34,571.07,585.45,585.45,37348980
2015-05-06 00:00:00,585.64,578.89,585.64,579.39,24916970
2015-05-07 00:00:00,578.84,577.62,584.45,582.4,19649740
2015-05-08 00:00:00,581.87,581.35,586.21,582.91,26934510
2015-05-11 00:00:00,582.99,579.41,585.88,579.41,51360780
2015-05-12 00:00:00,580.11,570.11,580.27,571.0,30321370
2015-05-13 00:00:00,572.33,565.11,573.24,569.28,36536130
2015-05-14 00:00:00,568.77,567.28,570.66,569.89,23843460
2015-05-15 00:00:00,569.39,561.87,570.58,561.87,27114960
2015-05-18 00:00:00,559.99,552.87,560.96,552.9,47279980
2015-05-19 00:00:00,552.46,552.46,556.92,556.44,30454020
2015-05-20 00:00:00,556.99,556.99,572.34,572.34,56795640
2015-05-21 00:00:00,574.5,570.49,578.64,578.64,50168210
2015-05-22 00:00:00,577.86,574.6,586.58,586.58,45580550
2015-05-25 00:00:00,585.08,582.45,589.18,588.36,44375780
2015-05-26 00:00:00,588.5,587.77,594.3,591.13,55049100
2015-05-27 00:00:00,589.31,587.96,592.28,589.82,45576240
2015-05-28 00:00:00,589.06,588.19,599.22,594.27,65730500
2015-05-29 00:00:00,594.34,588.15,597.08,589.32,59340350
2015-06-01 00:00:00,590.44,590.13,597.2,593.61,49287110
2015-06-02 00:00:00,593.34,588.63,596.96,588.63,51861840
2015-06-03 00:00:00,587.59,585.42,591.82,585.6,66721950
2015-06-04 00:00:00,586.82,586.18,590.42,587.48,37307960
2015-06-05 00:00:00,589.16,585.86,593.95,592.22,63414230
2015-06-08 00:00:00,592.22,592.22,599.19,594.51,86060730
2015-06-09 00:00:00,593.56,591.9,599.44,593.36,60362820
2015-06-10 00:00:00,593.6,590.69,597.3,595.06,55791150
2015-06-11 00:00:00,598.47,597.27,602.96,601.4,79228760
2015-06-12 00:00:00,602.3,600.03,604.63,604.29,65167070
2015-06-15 00:00:00,605.47,601.88,606.8,604.53,75545260
2015-06-16 00:00:00,605.8,600.92,607.6,600.92,76575060
2015-06-17 00:00:00,599.52,595.35,603.62,598.25,54835100
2015-06-18 00:00:00,598.58,598.58,602.55,600.45,42399760
2015-06-19 00:00:00,603.43,601.09,606.82,603.26,124377490
2015-06-22 00:00:00,608.0,607.64,615.19,615.1,91262230
2015-06-23 00:00:00,614.86,612.7,617.35,614.42,52725810
2015-06-24 00:00:00,612.66,610.11,615.34,610.73,57373900
2015-06-25 00:00:00,610.49,606.18,611.4,609.49,45885560
2015-06-26 00:00:00,606.76,606.76,617.82,608.92,73954670
2015-06-29 00:00:00,608.75,608.75,620.22,620.22,52259200
2015-06-30 00:00:00,608.75,608.75,620.22,620.22,65958110
2015-07-01 00:00:00,624.36,617.57,624.97,622.91,45219630
2015-07-02 00:00:00,622.57,621.79,633.28,633.28,47992190
2015-07-03 00:00:00,635.89,635.34,639.87,639.87,66982000
2015-07-06 00:00:00,643.19,642.35,649.54,649.54,66835520
2015-07-07 00:00:00,647.83,644.74,656.46,653.27,68618260
2015-07-08 00:00:00,652.98,640.61,655.9,645.67,88584190
2015-07-09 00:00:00,638.89,635.73,648.91,646.58,50984080
2015-07-10 00:00:00,651.0,647.2,652.29,648.73,74168700
2015-07-13 00:00:00,652.37,648.22,655.45,652.28,53613240
2015-07-14 00:00:00,653.67,648.89,658.51,658.28,59942260
2015-07-15 00:00:00,658.81,651.45,661.97,651.45,48799450
2015-07-16 00:00:00,647.99,644.13,652.55,649.06,47413920
2015-07-17 00:00:00,649.24,648.66,653.18,651.03,39670950
2015-07-20 00:00:00,646.69,639.9,646.81,644.19,37224400
2015-07-21 00:00:00,643.83,636.91,647.03,641.45,36948050
2015-07-22 00:00:00,640.42,639.66,655.11,655.06,43578930
2015-07-23 00:00:00,656.53,655.17,662.05,655.74,47321290
2015-07-24 00:00:00,657.47,653.95,661.15,657.97,43925530
2015-07-27 00:00:00,658.63,658.16,667.17,665.66,56837830
2015-07-28 00:00:00,666.01,659.6,668.8,659.6,71458010
2015-07-29 00:00:00,659.53,651.21,662.57,651.21,54242840
2015-07-30 00:00:00,651.35,648.12,652.74,651.7,39566670
2015-07-31 00:00:00,653.03,647.36,654.56,647.36,39552960
2015-08-03 00:00:00,642.46,632.93,642.61,636.92,60167110
2015-08-04 00:00:00,637.2,631.27,638.14,631.27,32761750
2015-08-05 00:00:00,632.89,631.27,639.33,639.33,33712110
2015-08-06 00:00:00,639.96,632.97,640.52,633.53,40264030
2015-08-07 00:00:00,635.0,631.97,638.75,638.4,29630250
2015-08-10 00:00:00,637.58,637.58,649.99,649.99,34570430
2015-08-11 00:00:00,646.63,642.28,648.87,643.42,45008060
2015-08-12 00:00:00,639.7,630.99,641.12,632.9,45375650
2015-08-13 00:00:00,632.1,619.1,632.9,622.83,53404820
2015-08-14 00:00:00,621.34,615.55,625.84,618.94,39349050
2015-08-17 00:00:00,618.99,604.67,621.01,607.44,51755300
2015-08-18 00:00:00,605.42,604.7,611.8,611.8,41587200
2015-08-19 00:00:00,610.0,600.69,611.8,608.91,42680700
2015-08-20 00:00:00,608.91,597.46,609.72,598.22,48141860
2015-08-21 00:00:00,589.51,572.16,598.22,587.83,91074940
2015-08-24 00:00:00,580.86,552.23,587.83,558.92,84593460
2015-08-25 00:00:00,544.1,544.1,567.56,561.0,72789500
2015-08-26 00:00:00,561.17,561.0,577.15,574.88,61454730
2015-08-27 00:00:00,579.74,574.88,583.7,581.51,53832450
2015-08-28 00:00:00,585.35,581.51,597.81,597.81,71452660
2015-08-31 00:00:00,596.58,586.23,597.81,586.23,40143500
2015-09-01 00:00:00,586.53,583.02,591.08,583.61,30988450
2015-09-03 00:00:00,581.3,572.64,583.61,575.58,35154310
2015-09-04 00:00:00,576.94,575.88,579.89,578.78,23083890
2015-09-07 00:00:00,577.17,573.25,580.47,574.09,23193140
2015-09-08 00:00:00,572.91,572.85,583.78,583.35,40648040
2015-09-09 00:00:00,585.24,583.35,589.74,587.69,28698200
2015-09-10 00:00:00,583.91,582.79,591.1,588.54,23681500
2015-09-11 00:00:00,588.89,582.8,590.04,583.27,34013830
2015-09-14 00:00:00,583.07,574.96,585.77,576.0,26979260
2015-09-15 00:00:00,576.0,570.59,576.0,571.53,24742610
2015-09-16 00:00:00,572.47,571.53,577.24,576.78,23776190
2015-09-17 00:00:00,577.52,576.68,580.29,576.68,20035930
2015-09-18 00:00:00,578.78,576.68,586.19,582.73,59602420
2015-09-21 00:00:00,583.37,582.73,590.46,590.46,29558830
2015-09-22 00:00:00,591.81,589.01,593.93,592.78,34390930
2015-09-23 00:00:00,590.58,588.24,593.13,591.23,27630830
2015-09-24 00:00:00,591.39,589.42,593.67,589.42,28408020
2015-09-25 00:00:00,588.91,584.87,591.12,588.11,22919460
2015-09-28 00:00:00,588.69,582.42,589.64,582.42,26545720
2015-09-29 00:00:00,577.85,575.06,582.42,578.98,31614680
2015-09-30 00:00:00,580.39,578.98,583.9,580.32,22545860
2015-10-01 00:00:00,581.67,580.32,584.43,582.33,18424500
2015-10-02 00:00:00,582.47,580.74,584.06,580.74,18067740
2015-10-05 00:00:00,582.94,582.16,588.73,588.73,28032290
2015-10-06 00:00:00,596.87,588.73,599.92,599.92,70115480
2015-10-07 00:00:00,602.12,598.36,605.22,598.42,57896950
2015-10-08 00:00:00,598.61,597.73,606.08,604.91,65838150
2015-10-09 00:00:00,609.08,604.91,611.15,605.6,72464900
2015-10-12 00:00:00,605.87,605.29,612.48,609.55,52125230
2015-10-13 00:00:00,608.06,605.38,609.55,607.03,42042750
2015-10-14 00:00:00,610.78,607.03,612.59,607.57,42329930
2015-10-15 00:00:00,609.72,606.71,610.87,607.95,40378040
2015-10-16 00:00:00,607.95,607.95,616.35,609.73,51910700
2015-10-19 00:00:00,610.96,608.01,615.13,611.37,36535260
2015-10-20 00:00:00,611.81,603.94,612.26,605.56,52250290
2015-10-21 00:00:00,605.86,603.98,609.32,604.34,38509270
2015-10-22 00:00:00,604.34,603.84,611.06,609.78,33713350
2015-10-23 00:00:00,613.49,609.78,617.16,616.07,35320820
2015-10-26 00:00:00,619.09,612.21,622.09,612.21,34430620
2015-10-27 00:00:00,611.09,608.89,614.47,611.57,31830730
2015-10-28 00:00:00,612.25,609.51,615.05,609.68,41739410
2015-10-29 00:00:00,610.56,609.68,618.01,618.01,37804070
2015-10-30 00:00:00,618.41,615.66,620.37,619.21,29036220
2015-11-02 00:00:00,619.89,613.19,621.94,613.19,36686750
2015-11-03 00:00:00,613.48,611.3,623.85,623.85,38916890
2015-11-04 00:00:00,626.75,621.35,630.6,621.35,33332060
2015-11-05 00:00:00,619.95,619.93,627.17,625.71,26412580
2015-11-06 00:00:00,626.15,620.02,630.36,622.67,39322100
2015-11-09 00:00:00,623.5,619.21,623.5,619.44,49863110
2015-11-10 00:00:00,619.26,614.1,619.95,614.56,47026190
2015-11-11 00:00:00,613.81,612.71,619.59,612.71,28925030
2015-11-12 00:00:00,612.12,603.06,614.39,614.39,56061430
2015-11-13 00:00:00,613.13,613.13,622.34,622.34,52419910
2015-11-16 00:00:00,620.95,615.42,622.51,619.14,47081400
2015-11-17 00:00:00,618.62,614.13,620.89,614.39,73073450
2015-11-18 00:00:00,613.24,611.21,617.19,612.25,39565100
2015-11-19 00:00:00,613.73,609.05,615.12,609.05,40369120
2015-11-20 00:00:00,608.86,608.12,614.03,611.16,47776760
2015-11-23 00:00:00,611.14,606.93,615.96,606.93,46137270
2015-11-24 00:00:00,607.48,597.01,607.48,600.21,55366490
2015-11-25 00:00:00,599.38,593.58,603.72,602.67,61037170
2015-11-26 00:00:00,601.97,598.04,603.46,598.04,45527610
2015-11-27 00:00:00,596.93,590.59,599.63,590.59,54288420
2015-11-30 00:00:00,589.57,580.53,590.59,581.94,49379670
2015-12-01 00:00:00,582.74,579.06,586.14,579.06,42933710
2015-12-02 00:00:00,579.54,579.06,586.15,583.94,44202500
2015-12-03 00:00:00,583.57,583.5,587.27,585.23,25746300
2015-12-04 00:00:00,585.13,578.88,585.23,582.96,27429250
2015-12-07 00:00:00,582.96,574.73,582.96,575.34,27917870
2015-12-08 00:00:00,574.21,568.51,584.85,584.85,41143140
2015-12-09 00:00:00,584.48,574.54,587.62,574.54,35867640
2015-12-10 00:00:00,575.37,572.5,578.1,572.5,32690530
2015-12-11 00:00:00,572.39,571.7,580.73,578.01,30392220
2015-12-14 00:00:00,581.57,577.68,582.93,579.42,43757940
2015-12-15 00:00:00,580.59,579.42,584.57,582.28,29463800
2015-12-16 00:00:00,584.14,582.28,588.21,583.97,24526680
2015-12-17 00:00:00,583.97,583.97,590.01,586.47,27881260
2015-12-18 00:00:00,585.89,578.85,587.76,578.85,111582970
2015-12-21 00:00:00,581.36,576.12,581.92,577.73,41093490
2015-12-22 00:00:00,578.18,575.71,580.64,576.8,24201750
2015-12-23 00:00:00,575.43,572.22,578.36,575.46,24882050
2015-12-24 00:00:00,575.86,575.11,578.1,576.71,18795960
2015-12-25 00:00:00,577.98,576.71,581.69,579.32,26897650
2015-12-28 00:00:00,583.14,579.32,586.52,583.16,33542880
2015-12-29 00:00:00,582.71,579.18,589.43,589.43,38916640
2015-12-30 00:00:00,589.93,587.81,594.8,594.8,28701100
2015-12-31 00:00:00,594.21,590.37,595.57,595.57,30782620
2016-01-04 00:00:00,595.57,587.94,595.57,589.91,34556430
2016-01-05 00:00:00,586.93,583.06,589.91,583.62,38365210
2016-01-06 00:00:00,582.81,582.81,589.97,589.97,34673330
2016-01-07 00:00:00,589.12,577.19,589.97,582.3,53139350
2016-01-08 00:00:00,578.97,571.96,582.3,575.96,49590710
2016-01-11 00:00:00,574.95,573.02,579.24,573.72,41346790
2016-01-12 00:00:00,574.23,573.72,582.39,582.39,37782740
2016-01-13 00:00:00,583.37,577.29,584.03,578.63,58499270
2016-01-14 00:00:00,571.02,565.79,578.63,569.17,64773170
2016-01-15 00:00:00,570.33,555.76,572.27,555.76,58789460
2016-01-18 00:00:00,543.44,531.92,555.76,541.18,71910580
2016-01-19 00:00:00,541.43,541.18,550.29,550.29,46672170
2016-01-20 00:00:00,546.69,543.59,551.88,544.24,54081350
2016-01-21 00:00:00,544.24,537.88,548.09,538.53,62930690
2016-01-22 00:00:00,538.53,531.53,542.4,539.37,72569000
2016-01-25 00:00:00,546.87,546.87,562.22,562.19,61950410
2016-01-26 00:00:00,553.09,549.32,562.19,554.52,58752560
2016-01-27 00:00:00,558.65,554.52,561.94,558.98,47279780
2016-01-28 00:00:00,558.65,555.73,562.45,556.86,43940300
2016-01-29 00:00:00,557.31,554.63,562.79,561.61,40298590
2016-02-01 00:00:00,562.4,557.98,565.79,557.98,33491390
2016-02-02 00:00:00,555.13,553.76,559.8,555.09,26468430
2016-02-03 00:00:00,552.09,549.01,556.53,556.53,32011090
2016-02-04 00:00:00,560.0,556.53,562.88,561.22,24669190
2016-02-05 00:00:00,560.01,560.01,565.97,563.97,23062660
2016-02-15 00:00:00,558.64,554.24,563.97,559.19,26536240
2016-02-16 00:00:00,560.98,559.19,564.21,562.32,41862840
2016-02-17 00:00:00,565.69,561.1,567.31,561.1,48801190
2016-02-18 00:00:00,564.27,561.1,569.38,566.85,43464450
2016-02-19 00:00:00,566.68,565.25,568.97,567.51,72049750
2016-02-22 00:00:00,567.87,567.51,576.63,574.37,72129470
2016-02-23 00:00:00,579.62,573.47,580.05,573.78,68991590
2016-02-24 00:00:00,571.54,570.14,581.76,578.87,61697110
2016-02-25 00:00:00,580.63,573.02,583.87,573.02,51914780
2016-02-26 00:00:00,574.12,572.17,577.73,577.71,33428440
2016-02-29 00:00:00,576.98,570.66,577.74,570.66,43529240
2016-03-01 00:00:00,570.88,570.66,576.3,572.99,44836030
2016-03-02 00:00:00,575.95,572.99,579.61,579.17,47270440
2016-03-03 00:00:00,582.26,578.55,582.43,579.11,46474860
2016-03-04 00:00:00,579.08,577.53,583.73,580.94,40485760
2016-03-07 00:00:00,582.6,580.94,587.91,582.6,52733420
2016-03-08 00:00:00,583.29,582.08,585.67,582.54,50591240
2016-03-09 00:00:00,582.45,580.52,585.48,581.25,36201600
2016-03-10 00:00:00,582.95,580.19,583.79,583.77,37819630
2016-03-11 00:00:00,583.93,582.54,588.46,583.89,48007980
2016-03-14 00:00:00,586.63,583.89,587.93,587.09,44201420
2016-03-15 00:00:00,587.09,581.72,588.05,583.02,46022420
2016-03-16 00:00:00,582.95,581.4,585.31,583.79,50974370
2016-03-17 00:00:00,588.62,583.79,590.98,586.47,56256610
2016-03-18 00:00:00,587.13,581.95,587.92,581.95,77604400
2016-03-21 00:00:00,582.85,579.95,587.78,579.95,52165610
2016-03-22 00:00:00,579.95,575.68,580.67,577.97,37385320
2016-03-23 00:00:00,577.77,577.25,581.74,580.6,46641550
2016-03-24 00:00:00,579.84,577.31,584.36,577.31,44064790
2016-03-25 00:00:00,576.64,571.71,579.84,578.24,45475190
2016-03-28 00:00:00,578.45,577.46,582.82,582.37,33121830
2016-03-29 00:00:00,582.87,575.16,583.29,575.16,42581490
2016-03-30 00:00:00,573.58,572.16,579.97,577.11,37937340
2016-04-01 00:00:00,570.7,566.81,572.17,568.27,39572770
2016-04-04 00:00:00,568.01,563.05,570.25,565.71,36166390
2016-04-05 00:00:00,565.59,565.37,570.43,570.43,32931440
2016-04-06 00:00:00,571.47,569.4,576.4,576.4,29250780
2016-04-07 00:00:00,577.88,575.09,580.37,579.28,37795160
2016-04-08 00:00:00,578.43,576.68,581.39,578.97,35500680
2016-04-11 00:00:00,580.79,578.97,588.42,586.78,46007230
2016-04-12 00:00:00,588.73,584.75,590.22,587.47,48924080
2016-04-13 00:00:00,587.94,582.4,589.03,584.63,42440850
2016-04-14 00:00:00,582.4,582.4,591.64,586.21,39084410
2016-04-15 00:00:00,586.27,584.47,591.76,584.47,33335290
2016-04-19 00:00:00,584.14,575.06,584.47,575.06,38488770
2016-04-20 00:00:00,575.42,572.14,578.65,575.35,40303610
2016-04-21 00:00:00,578.09,575.35,584.37,582.76,33751240
2016-04-22 00:00:00,582.43,581.72,595.48,595.38,44774310
2016-04-25 00:00:00,599.85,594.16,604.12,594.16,47011590
2016-04-26 00:00:00,593.35,593.35,601.27,601.27,58764550
2016-04-27 00:00:00,603.93,593.93,603.93,597.43,57830450
2016-04-28 00:00:00,597.87,593.46,600.36,595.63,33519350
2016-04-29 00:00:00,595.5,595.19,603.04,601.25,41004450
2016-05-04 00:00:00,600.63,597.4,606.88,602.57,53000870
2016-05-05 00:00:00,603.68,602.57,609.59,604.69,43704920
2016-05-06 00:00:00,604.96,604.69,610.19,607.55,38018650
2016-05-09 00:00:00,610.78,604.24,612.82,604.24,39065150
2016-05-10 00:00:00,601.23,597.91,605.37,604.56,40947790
2016-05-11 00:00:00,606.32,604.25,611.96,611.96,37768550
2016-05-12 00:00:00,613.32,611.39,615.57,612.04,28991120
2016-05-13 00:00:00,612.64,608.67,615.33,609.97,39461980
2016-05-16 00:00:00,612.03,608.96,615.89,615.17,33326610
2016-05-17 00:00:00,619.24,617.11,625.12,622.93,48925270
2016-05-18 00:00:00,625.18,622.71,628.3,623.92,42229940
2016-05-19 00:00:00,623.92,620.11,625.99,621.13,44205580
2016-05-20 00:00:00,621.34,615.91,623.19,616.4,35392800
2016-05-23 00:00:00,616.81,612.43,617.39,614.45,24717400
2016-05-24 00:00:00,616.33,611.94,616.45,614.62,33863250
2016-05-25 00:00:00,614.91,612.74,618.61,612.74,38580820
2016-05-26 00:00:00,613.05,607.16,615.94,607.16,31598350
2016-05-27 00:00:00,607.21,605.16,612.66,611.0,29541940
2016-05-30 00:00:00,612.4,611.0,617.43,616.73,36137970
2016-05-31 00:00:00,618.91,616.73,621.3,617.52,37020710
2016-06-01 00:00:00,617.69,617.02,620.19,619.38,35111370
2016-06-02 00:00:00,619.14,618.1,622.88,621.18,43213170
2016-06-03 00:00:00,622.07,619.15,622.65,621.05,40278770
2016-06-06 00:00:00,620.61,615.91,622.23,618.88,42669780
2016-06-07 00:00:00,620.96,618.88,624.01,624.01,38924170
2016-06-08 00:00:00,624.83,624.01,632.6,630.09,45578480
2016-06-09 00:00:00,630.34,627.29,631.73,630.66,38389840
2016-06-10 00:00:00,630.55,628.4,634.07,629.27,50137570
2016-06-13 00:00:00,626.68,620.36,629.27,621.75,40155800
2016-06-14 00:00:00,620.01,617.71,625.36,625.36,29924290
2016-06-15 00:00:00,624.66,621.06,625.8,624.19,37319700
2016-06-16 00:00:00,625.02,622.54,627.46,622.54,45734420
2016-06-17 00:00:00,621.15,615.39,622.54,615.75,80070280
2016-06-20 00:00:00,615.98,615.75,624.79,624.19,36747990
2016-06-21 00:00:00,627.16,624.19,631.02,626.97,40127220
2016-06-22 00:00:00,626.53,623.76,628.26,624.18,30458160
2016-06-23 00:00:00,623.71,623.09,627.61,626.5,36642430
2016-06-24 00:00:00,625.8,591.44,626.5,612.69,111980010
2016-06-27 00:00:00,609.64,601.71,614.42,614.42,38475490
2016-06-28 00:00:00,612.52,612.0,616.51,614.31,30146410
2016-06-29 00:00:00,616.09,614.31,622.43,621.39,46980010
2016-06-30 00:00:00,623.98,621.39,626.9,621.79,34652930
2016-07-01 00:00:00,621.79,621.79,630.61,626.34,40594650
2016-07-04 00:00:00,629.19,626.34,634.23,633.57,51257820
2016-07-05 00:00:00,636.57,633.57,641.86,636.27,53354700
2016-07-06 00:00:00,632.8,630.21,638.29,636.18,42782450
2016-07-07 00:00:00,639.9,636.18,645.01,644.52,44291280
2016-07-08 00:00:00,645.21,639.67,648.73,643.56,48033380
2016-07-11 00:00:00,643.77,633.89,648.37,636.02,51212010
2016-07-12 00:00:00,637.69,633.5,641.58,641.58,47502400
2016-07-13 00:00:00,645.04,641.58,657.66,656.89,65837350
2016-07-14 00:00:00,657.05,651.14,664.43,651.14,65684480
2016-07-15 00:00:00,651.14,649.54,656.73,653.63,49963550
2016-07-18 00:00:00,653.82,652.51,662.41,662.29,52273180
2016-07-19 00:00:00,664.82,647.33,665.11,654.17,53469680
2016-07-20 00:00:00,654.45,645.15,654.49,645.15,49362910
2016-07-21 00:00:00,647.51,642.22,650.12,643.16,38448740
2016-07-22 00:00:00,642.19,626.4,643.16,634.34,75634190
2016-07-25 00:00:00,636.37,631.18,638.17,633.21,35569400
2016-07-26 00:00:00,633.57,627.97,636.03,634.68,35707140
2016-07-27 00:00:00,634.67,634.42,640.41,639.63,50115660
2016-07-28 00:00:00,639.58,636.61,644.33,644.33,51213880
2016-07-29 00:00:00,644.0,639.11,645.39,639.17,42971430
2016-08-01 00:00:00,642.04,633.42,642.04,635.41,37305420
2016-08-02 00:00:00,631.09,620.85,635.41,623.16,63860160
2016-08-03 00:00:00,620.86,616.53,622.4,619.8,34005000
2016-08-04 00:00:00,620.42,617.41,626.79,617.41,43575850
2016-08-05 00:00:00,615.06,608.84,617.41,615.06,51706330
2016-08-08 00:00:00,615.06,609.21,616.97,614.65,36306770
2016-08-09 00:00:00,614.16,614.16,621.88,621.43,36456730
2016-08-10 00:00:00,621.18,621.18,633.39,632.86,50254560
2016-08-11 00:00:00,634.27,632.86,645.1,645.1,65385350
2016-08-12 00:00:00,650.55,638.1,652.87,641.11,56880440
2016-08-15 00:00:00,640.59,639.08,645.69,645.66,56928330
2016-08-16 00:00:00,645.66,645.48,650.45,646.44,55429570
2016-08-17 00:00:00,648.34,645.53,650.98,650.82,53901010
2016-08-18 00:00:00,653.36,646.59,656.33,652.87,52775680
2016-08-19 00:00:00,657.39,652.87,659.43,654.42,46597340
2016-08-22 00:00:00,654.43,647.46,655.33,647.46,52649650
2016-08-23 00:00:00,643.9,642.5,651.19,650.92,41297430
2016-08-24 00:00:00,651.83,650.21,656.93,650.95,37971740
2016-08-25 00:00:00,650.95,646.71,650.95,649.06,42327060
2016-08-26 00:00:00,652.64,649.06,659.34,656.71,49771730
2016-08-29 00:00:00,660.07,656.23,666.02,656.23,45933020
2016-08-30 00:00:00,655.39,654.66,661.2,661.2,36227890
2016-08-31 00:00:00,662.41,661.2,666.7,665.25,45275130
2016-09-01 00:00:00,665.2,655.28,665.25,659.09,40971360
2016-09-05 00:00:00,660.24,652.13,661.13,655.08,50626120
2016-09-06 00:00:00,656.06,655.08,659.27,656.02,37876630
2016-09-07 00:00:00,655.19,647.47,656.02,654.79,39075430
2016-09-08 00:00:00,654.53,654.38,661.54,659.25,56183480
2016-09-09 00:00:00,662.04,657.64,663.68,658.66,41911660
2016-09-12 00:00:00,657.61,646.87,657.61,651.63,36825290
2016-09-13 00:00:00,650.41,647.33,653.85,651.8,34874810
2016-09-14 00:00:00,651.15,646.93,652.5,646.93,43484990
2016-09-15 00:00:00,646.37,644.08,649.97,645.02,44216500
2016-09-16 00:00:00,642.29,639.37,645.72,639.37,112809150
2016-09-19 00:00:00,639.37,639.37,648.83,648.83,52585110
2016-09-20 00:00:00,648.77,643.6,653.66,653.66,47262570
2016-09-21 00:00:00,653.67,652.62,658.05,657.44,59216090
2016-09-22 00:00:00,657.44,657.44,665.27,662.31,51576940
2016-09-23 00:00:00,662.23,660.85,664.31,664.31,36179520
2016-09-26 00:00:00,662.79,661.71,666.9,666.1,35712190
2016-09-27 00:00:00,665.3,664.47,671.21,671.21,55297970
2016-09-28 00:00:00,670.32,667.72,672.92,669.17,52729160
2016-09-29 00:00:00,671.39,668.34,674.11,670.3,46358070
2016-09-30 00:00:00,670.3,665.65,670.55,668.44,50608970
2016-10-03 00:00:00,668.47,660.29,670.52,662.42,51795630
2016-10-04 00:00:00,661.77,657.44,665.53,661.89,54611720
2016-10-05 00:00:00,663.56,661.76,665.98,663.95,53091590
2016-10-06 00:00:00,665.23,663.12,667.15,663.12,68399400
2016-10-07 00:00:00,665.31,654.05,666.33,657.54,53091820
2016-10-10 00:00:00,657.58,647.17,657.92,647.25,50345330
2016-10-11 00:00:00,649.08,641.45,654.88,654.88,62447050
2016-10-12 00:00:00,655.03,652.71,658.02,653.25,46555780
2016-10-13 00:00:00,651.64,649.63,658.49,658.29,48007230
2016-10-14 00:00:00,656.92,656.89,662.05,657.59,54676060
2016-10-17 00:00:00,657.08,650.46,657.81,650.46,45874640
2016-10-18 00:00:00,649.08,647.77,653.87,653.32,43308560
2016-10-19 00:00:00,654.45,653.32,660.77,659.39,53926200
2016-10-20 00:00:00,661.11,655.75,661.2,657.15,48899000
2016-10-21 00:00:00,657.38,653.71,658.77,655.17,40155700
2016-10-24 00:00:00,654.17,648.29,655.17,648.29,35941170
2016-10-25 00:00:00,645.32,640.03,648.29,644.91,48466920
2016-10-26 00:00:00,644.91,639.07,645.25,641.81,34320760
2016-10-27 00:00:00,641.42,640.13,644.18,644.18,39581260
2016-10-28 00:00:00,643.66,642.82,649.31,649.27,52986100
2016-10-31 00:00:00,649.28,644.22,649.28,644.22,62958340
2016-11-01 00:00:00,643.26,641.4,644.7,643.05,56537580
2016-11-02 00:00:00,641.56,636.54,643.05,636.54,74559850
2016-11-03 00:00:00,634.28,627.9,636.54,632.81,61746600
2016-11-04 00:00:00,632.39,631.8,634.5,632.54,34044200
2016-11-07 00:00:00,633.03,632.54,639.98,639.91,43893670
2016-11-08 00:00:00,640.0,639.91,643.43,642.01,32641270
2016-11-09 00:00:00,641.84,620.35,642.01,635.42,69094570
2016-11-10 00:00:00,640.96,635.42,642.88,641.9,49781590
2016-11-11 00:00:00,641.8,639.88,642.9,642.0,49785060
2016-11-14 00:00:00,640.06,634.13,642.24,634.13,59746470
2016-11-15 00:00:00,636.01,634.13,639.38,637.51,50757950
2016-11-16 00:00:00,638.0,637.51,641.21,638.72,49700950
2016-11-17 00:00:00,638.7,635.32,639.16,636.02,58779840
2016-11-18 00:00:00,635.63,632.45,636.61,634.35,41885900
2016-11-21 00:00:00,635.82,634.35,638.87,638.87,46481070
2016-11-22 00:00:00,638.29,638.29,643.8,643.76,51291800
2016-11-23 00:00:00,643.82,643.6,649.65,647.59,46660940
2016-11-24 00:00:00,650.52,645.36,651.55,647.47,55471700
2016-11-25 00:00:00,648.82,641.7,648.82,643.38,51753210
2016-11-28 00:00:00,640.58,628.48,643.38,630.62,42236760
2016-11-29 00:00:00,630.62,623.32,632.89,625.78,53866760
2016-11-30 00:00:00,626.68,622.12,632.9,631.89,64011210
2016-12-01 00:00:00,633.63,631.55,636.43,631.55,48280020
2016-12-02 00:00:00,631.81,628.68,632.3,629.64,49523800
2016-12-05 00:00:00,628.6,625.32,629.85,625.32,39450670
2016-12-06 00:00:00,625.68,614.23,626.15,616.26,57836920
2016-12-07 00:00:00,614.64,614.1,617.22,615.0,50497620
2016-12-08 00:00:00,619.03,615.0,620.23,619.45,36170480
2016-12-09 00:00:00,620.48,617.29,621.86,619.64,30764500
2016-12-12 00:00:00,616.5,612.24,619.64,612.83,44371980
2016-12-13 00:00:00,612.52,606.07,612.83,606.71,49880520
2016-12-14 00:00:00,607.0,606.55,615.26,615.26,50769240
2016-12-15 00:00:00,614.83,610.64,615.72,613.25,48964300
2016-12-16 00:00:00,613.31,613.25,621.04,621.04,90982090
2016-12-19 00:00:00,622.19,621.04,626.78,623.85,38644160
2016-12-20 00:00:00,622.59,615.95,623.85,616.74,33909090
2016-12-21 00:00:00,616.72,614.13,620.28,618.43,32601620
2016-12-22 00:00:00,619.99,617.15,621.87,618.35,39020120
2016-12-23 00:00:00,617.58,615.74,620.75,620.75,30705880
2016-12-26 00:00:00,622.91,620.75,624.52,621.73,24315500
2016-12-27 00:00:00,622.05,621.73,624.17,623.46,33537880
2016-12-28 00:00:00,625.55,623.24,626.44,624.83,41686000
2016-12-29 00:00:00,627.82,624.83,627.94,626.95,42824620
2016-12-30 00:00:00,625.8,625.18,628.21,628.21,42150570
2017-01-03 00:00:00,627.65,627.58,634.18,633.89,41741770
2017-01-04 00:00:00,632.8,630.46,635.39,632.7,47308690
2017-01-05 00:00:00,633.61,632.46,635.33,634.83,45027320
2017-01-06 00:00:00,634.56,634.26,640.74,636.34,58776870
2017-01-09 00:00:00,636.82,636.34,640.02,638.4,47877970
2017-01-10 00:00:00,639.0,638.4,640.86,639.36,37968380
2017-01-11 00:00:00,639.56,639.36,643.39,643.39,43037760
2017-01-12 00:00:00,644.53,641.71,645.14,642.25,55961210
2017-01-13 00:00:00,642.21,640.07,643.85,640.07,38211040
2017-01-16 00:00:00,639.59,632.7,640.52,632.7,31884380
2017-01-17 00:00:00,633.42,632.7,637.54,637.54,45193950
2017-01-18 00:00:00,637.09,633.1,638.72,633.1,38318350
2017-01-19 00:00:00,632.31,630.48,634.0,631.0,28890260
2017-01-20 00:00:00,632.17,631.0,636.39,634.28,31967340
2017-01-23 00:00:00,634.81,634.28,637.14,635.42,31193760
2017-01-24 00:00:00,635.31,635.31,640.18,639.32,32623040
2017-01-25 00:00:00,640.92,639.32,644.79,644.79,31172150
2017-02-02 00:00:00,645.72,644.79,652.98,652.98,35196520
2017-02-03 00:00:00,656.27,651.18,657.63,651.18,41521500
2017-02-06 00:00:00,652.5,649.35,654.03,654.03,35396750
2017-02-07 00:00:00,654.24,653.88,657.42,656.48,50073700
2017-02-08 00:00:00,657.62,655.12,657.97,657.97,41562000
2017-02-09 00:00:00,658.4,657.65,660.08,658.83,50146690
2017-02-10 00:00:00,659.12,657.65,659.81,658.78,43516860
2017-02-13 00:00:00,660.03,658.78,662.83,662.68,46712720
2017-02-14 00:00:00,664.11,660.57,665.24,663.43,53471990
2017-02-15 00:00:00,663.43,663.43,670.06,669.08,52679930
2017-02-16 00:00:00,670.49,667.47,676.65,667.72,75920890
2017-02-17 00:00:00,667.09,664.49,668.76,668.1,57274430
2017-02-20 00:00:00,664.9,663.11,669.5,667.56,69307110
2017-02-21 00:00:00,668.3,667.56,673.77,671.52,57986820
2017-02-22 00:00:00,671.96,666.49,672.43,668.61,66145110
2017-02-23 00:00:00,668.69,662.06,670.97,667.42,54385410
2017-02-24 00:00:00,667.27,661.37,668.3,661.81,67860460
2017-02-27 00:00:00,659.63,659.63,666.64,666.22,53159020
2017-02-28 00:00:00,667.17,657.95,667.7,657.95,37910230
2017-03-01 00:00:00,656.69,649.45,657.95,655.99,51816280
2017-03-02 00:00:00,655.94,653.76,658.71,653.76,41818620
2017-03-03 00:00:00,654.36,650.59,657.41,656.77,39680640
2017-03-06 00:00:00,657.26,656.77,660.79,658.61,42183040
2017-03-07 00:00:00,658.21,656.36,659.9,659.9,39890140
2017-03-08 00:00:00,659.64,658.54,665.2,662.48,36985930
2017-03-09 00:00:00,662.3,662.04,666.66,664.3,63381260
2017-03-10 00:00:00,664.59,663.49,667.49,663.49,55044650
2017-03-13 00:00:00,663.86,659.95,664.49,662.67,32859480
2017-03-14 00:00:00,663.13,662.67,667.67,665.46,30191990
2017-03-15 00:00:00,666.46,663.54,667.42,663.57,35475170
2017-03-16 00:00:00,663.85,663.57,668.07,668.07,58016400
2017-03-17 00:00:00,669.4,668.07,671.07,668.35,108031140
2017-03-20 00:00:00,672.52,668.35,678.78,676.02,46717580
2017-03-21 00:00:00,677.14,676.02,682.28,679.69,78365980
2017-03-22 00:00:00,679.78,677.96,685.9,677.96,90740970
2017-03-23 00:00:00,677.07,677.07,689.32,689.32,68421110
2017-03-27 00:00:00,692.82,691.38,695.53,693.49,87536740
2017-03-28 00:00:00,693.91,687.41,695.04,688.31,75179560
2017-03-29 00:00:00,688.57,685.69,689.91,689.91,70114000
2017-03-30 00:00:00,692.11,689.91,696.93,692.5,73325600
2017-03-31 00:00:00,693.56,692.5,696.97,693.22,61350220
2017-04-03 00:00:00,693.42,693.22,697.32,696.73,70069850
2017-04-04 00:00:00,699.35,696.73,702.05,699.07,72183790
2017-04-05 00:00:00,697.99,691.07,699.07,691.07,75790050
2017-04-07 00:00:00,687.09,685.63,697.62,697.62,83395810
2017-04-10 00:00:00,698.49,696.66,699.86,696.72,50577090
2017-04-11 00:00:00,696.78,696.71,699.4,697.93,61693390
2017-04-12 00:00:00,697.92,689.77,698.87,692.4,76986660
2017-04-13 00:00:00,692.5,687.72,693.81,687.72,56767060
2017-04-14 00:00:00,686.45,674.94,687.72,678.45,59116960
2017-04-17 00:00:00,680.27,669.31,683.48,669.31,48710460
2017-04-18 00:00:00,669.67,665.35,675.71,675.71,51821150
2017-04-19 00:00:00,675.67,675.12,679.69,679.69,40459030
2017-04-20 00:00:00,679.43,674.3,679.7,674.3,32410170
2017-04-21 00:00:00,676.35,671.95,677.83,672.6,31045470
2017-04-24 00:00:00,671.8,667.08,673.13,667.08,35451130
2017-04-25 00:00:00,667.96,665.66,670.32,668.58,28035080
2017-04-26 00:00:00,669.12,667.96,673.53,673.53,36837960
2017-04-27 00:00:00,673.67,673.53,682.41,681.36,47238460
2017-04-28 00:00:00,678.59,677.21,683.14,680.49,61610650
2017-05-03 00:00:00,681.7,680.49,684.99,684.99,51219730
2017-05-04 00:00:00,684.8,683.44,688.75,686.29,66801570
2017-05-05 00:00:00,684.95,684.09,687.41,684.17,45269410
2017-05-08 00:00:00,683.15,681.06,684.17,681.11,59549720
2017-05-10 00:00:00,689.07,688.08,695.66,690.53,58660530
2017-05-11 00:00:00,692.13,689.69,693.19,691.02,49915290
2017-05-12 00:00:00,691.46,690.29,693.85,690.84,45701340
2017-05-15 00:00:00,691.33,690.84,696.86,695.22,51266810
2017-05-16 00:00:00,695.86,692.91,698.67,692.91,71740890
2017-05-17 00:00:00,692.95,691.06,697.47,696.37,44660030
2017-05-18 00:00:00,696.37,693.92,701.28,695.3,57621670
2017-05-19 00:00:00,696.66,695.3,702.03,702.03,60063980
2017-05-22 00:00:00,707.27,702.03,715.28,710.86,85451740
2017-05-23 00:00:00,711.96,708.11,713.7,708.62,63808850
2017-05-24 00:00:00,710.81,708.62,719.59,718.28,66778000
2017-05-25 00:00:00,718.42,715.78,722.06,716.4,69062390
2017-05-26 00:00:00,716.24,716.07,719.36,718.87,52302490
2017-05-29 00:00:00,723.27,718.87,725.2,722.26,67599210
2017-05-30 00:00:00,722.82,711.48,723.54,711.48,70919900
2017-05-31 00:00:00,712.02,709.73,719.32,713.43,55599520
2017-06-01 00:00:00,713.63,713.43,719.76,719.76,41832640
2017-06-02 00:00:00,720.39,715.7,720.75,718.33,43043030
2017-06-05 00:00:00,719.05,718.33,724.35,721.74,51855440
2017-06-06 00:00:00,722.59,721.74,732.69,732.69,69348440
2017-06-07 00:00:00,736.17,732.69,739.51,737.18,66900020
2017-06-08 00:00:00,737.75,734.03,740.25,737.52,55370550
2017-06-09 00:00:00,738.47,737.52,743.9,740.2,56507810
2017-06-12 00:00:00,740.65,735.26,742.0,736.86,45624010
2017-06-13 00:00:00,736.86,734.53,741.39,741.39,48572530
2017-06-14 00:00:00,744.42,741.39,748.04,745.53,67557960
2017-06-15 00:00:00,746.87,744.58,750.71,746.59,63717180
2017-06-16 00:00:00,751.5,746.59,751.5,750.07,96612890
2017-06-19 00:00:00,754.03,750.07,757.5,757.5,65741460
2017-06-20 00:00:00,759.73,756.77,761.04,759.67,58498810
2017-06-21 00:00:00,758.49,749.47,759.84,759.84,69936630
2017-06-22 00:00:00,759.65,757.13,761.62,757.94,57511770
2017-06-23 00:00:00,757.44,752.69,758.98,758.24,49703010
2017-06-26 00:00:00,759.9,757.98,762.27,760.8,48276150
2017-06-27 00:00:00,761.96,754.23,761.96,755.07,65316400
2017-06-28 00:00:00,754.16,751.2,757.1,757.1,53175040
2017-06-29 00:00:00,759.13,757.1,763.14,761.21,48071300
2017-06-30 00:00:00,763.63,761.21,766.29,765.41,61310260
2017-07-03 00:00:00,765.52,765.41,770.56,765.8,63169100
2017-07-04 00:00:00,765.88,760.9,767.28,763.92,62772690
2017-07-05 00:00:00,764.91,761.28,765.87,765.87,48991410
2017-07-06 00:00:00,768.8,765.87,771.13,770.58,65784170
2017-07-07 00:00:00,771.89,761.61,771.98,761.61,72855260
2017-07-10 00:00:00,761.69,748.06,761.69,750.79,66980610
2017-07-11 00:00:00,750.79,743.13,753.2,752.75,55321490
2017-07-12 00:00:00,756.08,752.27,758.72,757.57,49813840
2017-07-13 00:00:00,759.8,755.81,761.36,761.36,47468500
2017-07-14 00:00:00,762.77,759.01,764.53,759.97,46729800
2017-07-17 00:00:00,758.53,741.66,759.97,745.59,68032600
2017-07-18 00:00:00,739.25,733.6,745.59,741.32,54153410
2017-07-19 00:00:00,745.44,737.77,745.73,737.77,45712870
2017-07-20 00:00:00,735.45,732.08,737.77,736.64,47891480
2017-07-21 00:00:00,736.64,728.47,739.48,728.47,45317610
2017-07-24 00:00:00,727.57,723.45,730.86,729.54,31949800
2017-07-25 00:00:00,727.79,727.79,737.93,737.93,36617570
2017-07-26 00:00:00,739.68,736.34,745.84,745.79,43752370
2017-07-27 00:00:00,744.5,741.96,747.08,743.7,34691760
2017-07-31 00:00:00,748.88,747.61,756.24,756.24,68478950
2017-08-01 00:00:00,755.5,754.64,758.81,758.36,52335280
2017-08-02 00:00:00,753.85,750.75,759.52,756.04,60066700
2017-08-03 00:00:00,756.04,755.7,761.17,757.88,56565450
2017-08-04 00:00:00,757.79,757.79,761.44,761.44,44275930
2017-08-07 00:00:00,762.13,761.2,766.12,763.08,43393330
2017-08-08 00:00:00,764.7,757.47,764.7,758.42,43868410
2017-08-09 00:00:00,755.32,741.36,758.42,741.36,61759530
2017-08-10 00:00:00,737.72,737.72,745.34,743.42,39796190
2017-08-11 00:00:00,743.42,739.3,746.42,744.99,44924810
2017-08-14 00:00:00,744.72,744.45,751.39,751.39,33528310
2017-08-15 00:00:00,752.13,744.93,752.25,746.07,33666080
2017-08-16 00:00:00,746.07,741.57,749.37,749.37,43683850
2017-08-17 00:00:00,749.35,743.2,750.58,743.2,46159500
2017-08-18 00:00:00,739.31,738.33,745.91,744.3,33252410
2017-08-21 00:00:00,744.23,741.68,744.96,743.66,29392510
2017-08-22 00:00:00,743.86,736.88,743.86,738.2,30050720
2017-08-23 00:00:00,739.46,736.71,743.1,743.1,26206260
2017-08-24 00:00:00,743.23,742.34,749.82,747.72,33630890
2017-08-25 00:00:00,746.87,746.87,751.14,751.14,32784240
2017-08-28 00:00:00,751.59,749.2,758.02,758.02,42763860
2017-08-29 00:00:00,757.84,754.59,758.76,754.59,44549640
2017-08-30 00:00:00,756.49,754.59,764.57,764.57,34232490
2017-08-31 00:00:00,765.47,764.22,772.91,770.08,52330590
2017-09-01 00:00:00,770.97,770.08,774.76,774.06,35505600
2017-09-05 00:00:00,775.28,771.68,778.71,777.02,36892990
2017-09-06 00:00:00,776.87,772.63,777.99,776.97,36720990
2017-09-07 00:00:00,777.16,776.0,780.54,779.2,41321790
2017-09-08 00:00:00,780.62,779.2,786.85,784.74,36355220
2017-09-11 00:00:00,784.74,779.58,789.53,779.58,37682800
2017-09-12 00:00:00,777.55,775.81,783.58,782.54,40952630
2017-09-13 00:00:00,785.46,782.54,786.96,786.43,37972820
2017-09-14 00:00:00,786.82,786.43,793.16,789.41,40608490
2017-09-15 00:00:00,786.22,784.49,789.88,789.49,47588250
2017-09-18 00:00:00,792.16,789.49,795.32,793.7,44590000
2017-09-19 00:00:00,793.7,792.68,797.54,792.68,42234580
2017-09-20 00:00:00,793.93,789.43,793.98,790.48,33853130
2017-09-21 00:00:00,790.46,786.0,791.0,786.41,38420390
2017-09-22 00:00:00,786.51,785.99,791.65,789.7,37752620
2017-09-25 00:00:00,789.81,785.69,791.16,789.89,35485110
2017-09-26 00:00:00,791.03,785.24,791.05,791.05,45389610
2017-09-27 00:00:00,788.02,787.61,791.43,788.31,34118620
2017-09-28 00:00:00,788.15,788.15,795.95,790.75,44993620
2017-09-29 00:00:00,791.4,790.75,797.26,792.72,36410220
2017-10-02 00:00:00,793.64,790.37,796.03,790.7,28268530
2017-10-03 00:00:00,791.71,785.1,793.19,787.02,35763950
2017-10-04 00:00:00,786.17,786.12,795.76,795.76,30909740
2017-10-05 00:00:00,797.41,795.76,801.36,797.42,48801950
2017-10-06 00:00:00,797.82,796.23,800.73,800.42,35233530
2017-10-09 00:00:00,802.89,798.96,803.23,801.49,36338320
2017-10-10 00:00:00,800.23,798.63,805.3,805.3,38304820
2017-10-11 00:00:00,804.84,804.48,810.12,806.83,51017440
2017-10-12 00:00:00,807.63,806.65,813.21,809.6,43690510
2017-10-13 00:00:00,807.9,807.45,815.47,815.47,36085610
2017-10-16 00:00:00,815.27,811.39,817.72,811.85,43241140
2017-10-17 00:00:00,811.73,811.24,818.48,818.48,47568950
2017-10-18 00:00:00,819.36,815.06,821.29,816.84,54134480
2017-10-19 00:00:00,817.62,815.29,821.08,817.39,46206790
2017-10-20 00:00:00,816.99,813.38,821.54,813.99,47718220
2017-10-23 00:00:00,811.49,806.58,813.99,809.36,43372170
2017-10-25 00:00:00,816.05,812.98,821.61,821.45,33404710
2017-10-26 00:00:00,820.01,815.16,825.9,822.53,38746780
2017-10-27 00:00:00,823.16,820.16,834.91,834.91,37048300
2017-10-30 00:00:00,835.33,834.91,841.32,837.52,51097930
2017-10-31 00:00:00,836.65,829.72,839.79,831.62,38090110
2017-11-01 00:00:00,832.1,831.62,835.44,835.38,47545760
2017-11-02 00:00:00,835.36,826.71,843.34,827.66,48545310
2017-11-03 00:00:00,828.44,826.59,840.04,840.04,41463180
2017-11-06 00:00:00,842.91,839.88,845.67,844.73,50114170
2017-11-07 00:00:00,846.17,842.67,850.69,846.03,48624420
2017-11-08 00:00:00,849.56,846.03,856.47,853.57,60191020
2017-11-09 00:00:00,857.26,852.06,858.93,853.05,48698660
2017-11-10 00:00:00,850.25,850.1,861.36,858.55,59483530
2017-11-13 00:00:00,861.0,858.55,868.58,868.11,56424440
2017-11-14 00:00:00,868.59,861.96,873.74,871.08,55709260
2017-11-15 00:00:00,870.85,868.75,880.72,877.58,53387930
2017-11-16 00:00:00,875.2,875.2,890.01,890.01,57892150
2017-11-17 00:00:00,890.49,882.81,897.39,887.41,53201860
2017-11-20 00:00:00,886.49,883.7,899.31,899.31,46446580
2017-11-21 00:00:00,902.76,899.31,923.57,910.54,73809320
2017-11-22 00:00:00,912.46,909.95,922.18,922.18,71917540
2017-11-23 00:00:00,926.83,916.61,933.45,922.92,68969900
2017-11-24 00:00:00,920.32,914.95,928.41,926.21,57989760
2017-11-27 00:00:00,923.8,923.0,939.36,930.9,61672700
2017-11-28 00:00:00,931.21,926.12,935.97,935.74,54896360
2017-11-29 00:00:00,938.18,934.64,946.55,946.55,67067020
2017-11-30 00:00:00,951.06,943.05,955.17,943.05,70833940
2017-12-01 00:00:00,943.08,943.05,953.22,952.46,49064220
2017-12-04 00:00:00,954.31,952.46,968.53,966.44,76804810
2017-12-05 00:00:00,968.58,944.07,970.35,944.07,80813330
2017-12-06 00:00:00,940.82,919.99,944.07,939.06,75799400
2017-12-07 00:00:00,942.07,923.23,945.52,928.74,50048760
2017-12-08 00:00:00,928.32,920.97,935.51,930.25,43797010
2017-12-11 00:00:00,928.39,908.29,930.25,908.29,49025420
2017-12-12 00:00:00,919.04,883.52,922.24,914.82,73926010
2017-12-13 00:00:00,919.58,911.01,920.38,913.33,39786810
2017-12-14 00:00:00,913.3,913.3,928.21,928.21,34120530
2017-12-15 00:00:00,925.65,925.2,933.09,926.7,61767940
2017-12-18 00:00:00,937.81,926.7,950.81,950.81,52511530
2017-12-19 00:00:00,955.99,947.24,959.33,947.62,55559460
2017-12-20 00:00:00,947.51,942.07,954.96,948.78,52767110
2017-12-21 00:00:00,944.9,936.53,953.26,936.53,50096640
2017-12-22 00:00:00,939.48,936.53,946.01,945.88,49827300
2017-12-25 00:00:00,947.06,944.77,950.64,949.28,34740270
2017-12-26 00:00:00,951.27,948.68,955.81,955.73,43576440
2017-12-27 00:00:00,957.76,955.14,962.33,958.02,65128550
2017-12-28 00:00:00,960.38,957.19,968.4,966.91,54597790
2017-12-29 00:00:00,968.28,966.91,980.47,975.52,65828140
2018-01-02 00:00:00,977.2,975.49,992.72,992.72,74433420
2018-01-03 00:00:00,996.23,992.72,1011.84,1004.66,86286030
2018-01-04 00:00:00,1007.6,1004.66,1014.17,1014.15,91542860
2018-01-05 00:00:00,1014.42,1005.1,1014.42,1007.73,86905060
2018-01-08 00:00:00,1006.25,1000.29,1023.5,1023.5,107211920
2018-01-09 00:00:00,1028.05,1019.52,1040.58,1039.64,121152560
2018-01-10 00:00:00,1040.61,1033.54,1047.59,1039.7,143073010
2018-01-11 00:00:00,1039.7,1031.43,1050.23,1047.2,92977260
2018-01-12 00:00:00,1050.08,1044.85,1058.2,1049.86,125705770
2018-01-15 00:00:00,1050.35,1042.64,1063.11,1063.11,105735110
2018-01-16 00:00:00,1056.95,1047.9,1063.46,1061.78,117057510
2018-01-17 00:00:00,1060.36,1030.0,1061.78,1030.0,109084310
2018-01-18 00:00:00,1028.39,1013.11,1048.56,1048.56,105765710
2018-01-19 00:00:00,1050.01,1046.92,1062.13,1053.47,113277900
2018-01-22 00:00:00,1059.2,1053.47,1084.09,1082.71,91783390
2018-01-25 00:00:00,1093.49,1082.71,1109.98,1095.52,174651080
2018-01-26 00:00:00,1096.09,1088.0,1112.59,1104.42,94375760
2018-01-29 00:00:00,1108.98,1095.75,1118.08,1096.78,108388270
2018-01-30 00:00:00,1087.57,1078.98,1099.16,1099.16,105160720
2018-01-31 00:00:00,1097.38,1094.77,1113.37,1095.9,104403310
2018-02-01 00:00:00,1098.3,1076.09,1098.3,1086.9,84194680
2018-02-02 00:00:00,1087.24,1075.65,1090.4,1090.4,66558440
2018-02-05 00:00:00,1081.7,1035.02,1090.4,1035.02,92445200
2018-02-06 00:00:00,1013.7,969.01,1035.02,1007.72,144851080
2018-02-07 00:00:00,1034.76,1025.3,1040.23,1030.91,64845810
2018-02-08 00:00:00,1024.13,1013.56,1031.98,1013.56,45313480
2018-02-09 00:00:00,983.6,966.78,1013.56,996.77,64741560
2018-02-12 00:00:00,1001.7,996.77,1034.76,1034.76,56577710
2018-02-13 00:00:00,1043.44,1034.76,1055.86,1054.09,52962090
2018-02-21 00:00:00,1064.55,1063.73,1081.82,1075.47,80659866
2018-02-22 00:00:00,1075.47,1063.46,1078.48,1064.28,85113240
2018-02-23 00:00:00,1073.56,1064.28,1089.96,1089.96,85270820
2018-02-26 00:00:00,1101.66,1089.96,1113.01,1099.71,97630000
2018-02-27 00:00:00,1108.87,1094.17,1110.11,1106.09,76580980
2018-02-28 00:00:00,1096.3,1095.98,1113.59,1108.23,102125870
2018-03-01 00:00:00,1108.23,1098.51,1116.79,1105.84,94020940
2018-03-02 00:00:00,1095.31,1092.18,1109.51,1106.92,73543190
2018-03-05 00:00:00,1113.71,1080.83,1116.8,1080.83,105069780
2018-03-06 00:00:00,1091.98,1075.78,1103.31,1103.31,74498780
2018-03-07 00:00:00,1102.85,1084.53,1106.89,1092.17,71108980
2018-03-08 00:00:00,1092.29,1091.7,1109.29,1105.03,48218080
2018-03-09 00:00:00,1107.83,1102.07,1117.9,1106.54,65730040
2018-03-12 00:00:00,1106.97,1106.54,1106.97,1106.54,73669840
2018-03-13 00:00:00,1106.97,1098.58,1112.98,1111.38,77315100
2018-03-14 00:00:00,1115.0,1111.58,1121.74,1115.0,84857310
2018-03-15 00:00:00,1115.0,1105.26,1115.0,1110.26,72267400
2018-03-16 00:00:00,1112.93,1109.85,1118.36,1112.93,108041750
2018-03-19 00:00:00,1112.93,1112.93,1134.75,1130.26,72805230
2018-03-20 00:00:00,1130.26,1126.0,1139.23,1134.19,69643210
2018-03-21 00:00:00,1134.19,1134.19,1148.64,1147.26,77056320
2018-03-22 00:00:00,1147.26,1144.44,1159.37,1144.58,71823070
2018-03-23 00:00:00,1144.58,1113.7,1144.58,1128.93,95733110
2018-03-26 00:00:00,1128.93,1123.9,1151.32,1146.73,69781490
2018-03-27 00:00:00,1146.73,1146.73,1162.35,1150.3,60425680
2018-03-28 00:00:00,1150.3,1144.71,1158.75,1151.09,41767000
2018-03-29 00:00:00,1151.09,1141.65,1155.65,1144.74,39960850
2018-03-30 00:00:00,1144.74,1136.2,1154.59,1153.08,49196940
2018-04-02 00:00:00,1153.08,1153.08,1174.13,1171.21,64577290
2018-04-03 00:00:00,1171.21,1156.91,1173.18,1160.97,73015130
2018-04-04 00:00:00,1160.97,1160.97,1176.22,1165.75,59705780
2018-04-05 00:00:00,1165.75,1163.76,1175.64,1169.12,49974420
2018-04-06 00:00:00,1169.12,1169.12,1180.6,1174.37,74390840
2018-04-09 00:00:00,1174.37,1169.56,1181.58,1177.68,79977840
2018-04-10 00:00:00,1177.68,1161.71,1185.06,1168.06,77682020
2018-04-11 00:00:00,1168.06,1137.2,1172.44,1137.2,87627260
2018-04-12 00:00:00,1137.2,1121.47,1143.5,1143.5,63713270
2018-04-13 00:00:00,1143.5,1131.61,1153.95,1134.21,64877280
2018-04-16 00:00:00,1134.21,1122.26,1136.8,1128.03,49041710
2018-04-17 00:00:00,1128.03,1119.7,1136.17,1130.32,47627900
2018-04-18 00:00:00,1130.32,1115.18,1136.98,1115.7,45880100
2018-04-19 00:00:00,1114.98,1066.09,1115.0,1066.09,75220680
2018-04-20 00:00:00,1066.33,1047.71,1089.62,1089.45,56317850
2018-04-23 00:00:00,1091.18,1055.37,1098.58,1055.37,67286800
2018-04-24 00:00:00,1055.24,1027.74,1060.92,1053.99,67319960
2018-04-26 00:00:00,1055.95,1011.51,1057.2,1018.97,78320450
2018-04-27 00:00:00,1018.06,1007.39,1029.36,1027.97,60636760
2018-05-02 00:00:00,1029.76,1009.98,1033.2,1012.84,57649930
2018-05-03 00:00:00,1012.84,989.0,1012.84,1010.35,74959430
2018-05-04 00:00:00,1010.35,1006.99,1023.16,1010.89,46195320
2018-05-07 00:00:00,1010.89,1010.89,1048.03,1048.03,52321070
2018-05-08 00:00:00,1047.88,1042.59,1059.68,1047.83,53713130
2018-05-09 00:00:00,1047.83,1037.1,1058.09,1046.39,41448830
2018-05-10 00:00:00,1046.39,1009.79,1047.5,1019.69,59664030
2018-05-11 00:00:00,1019.69,1003.47,1031.77,1030.79,55925890
2018-05-14 00:00:00,1030.79,1029.92,1051.45,1051.45,43654810
2018-05-15 00:00:00,1051.45,1051.45,1067.61,1055.49,47144640
2018-05-16 00:00:00,1055.49,1031.33,1055.49,1034.3,39849340
2018-05-17 00:00:00,1034.3,1007.09,1035.45,1007.09,42807500
2018-05-18 00:00:00,1007.09,989.2,1023.23,1022.21,46157080
2018-05-21 00:00:00,1022.21,997.21,1027.85,997.21,40480580
2018-05-22 00:00:00,997.21,947.7,997.21,958.95,64672780
2018-05-23 00:00:00,949.84,945.01,973.07,968.54,52816560
2018-05-24 00:00:00,973.75,951.17,974.17,960.55,43995840
2018-05-25 00:00:00,957.58,936.32,960.57,936.32,49219100
2018-05-28 00:00:00,916.95,894.31,936.32,898.0,73635380
2018-05-29 00:00:00,890.71,881.91,932.82,924.9,64474410
2018-05-30 00:00:00,924.62,902.0,925.18,918.64,53178740
2018-05-31 00:00:00,917.94,914.57,950.49,947.31,67378240
2018-06-01 00:00:00,950.44,947.31,970.81,969.15,68484770
2018-06-04 00:00:00,972.72,969.15,984.79,981.88,21952400
2018-06-05 00:00:00,996.67,996.15,1008.83,1007.32,65884640
2018-06-06 00:00:00,1007.51,995.29,1023.38,1022.72,60797020
2018-06-07 00:00:00,1023.95,1020.77,1034.72,1026.75,60335720
2018-06-08 00:00:00,1026.75,1017.9,1028.42,1025.87,46069920
2018-06-11 00:00:00,1025.87,1016.22,1034.85,1024.85,49970780
2018-06-12 00:00:00,1024.85,989.53,1024.85,1008.76,79033540
2018-06-13 00:00:00,1008.76,1005.58,1019.32,1018.59,34757120
2018-06-14 00:00:00,1018.59,1004.31,1022.95,1004.31,43470320
2018-06-15 00:00:00,1004.31,994.38,1005.71,1005.04,55843590
2018-06-18 00:00:00,1005.04,970.35,1006.58,970.35,51490330
2018-06-19 00:00:00,970.35,919.09,970.35,945.11,87420100
2018-06-20 00:00:00,945.11,936.83,966.86,966.86,39846540
2018-06-21 00:00:00,966.86,950.06,966.91,955.75,30312030
2018-06-22 00:00:00,955.75,945.59,974.42,973.05,39415100
2018-06-25 00:00:00,973.05,973.05,989.18,982.09,34365490
2018-06-26 00:00:00,982.09,959.29,982.09,973.9,24306300
2018-06-27 00:00:00,973.9,961.29,976.93,961.29,31801350
2018-06-28 00:00:00,961.29,943.12,967.28,947.03,47414270
2018-06-29 00:00:00,947.03,939.7,951.74,947.55,35643460
2018-07-02 00:00:00,945.94,917.8,947.55,930.12,54615820
2018-07-03 00:00:00,930.12,891.97,931.12,891.97,67908770
2018-07-04 00:00:00,891.97,880.37,901.64,900.89,44415900
2018-07-05 00:00:00,900.89,875.17,905.51,883.77,44755220
2018-07-06 00:00:00,883.77,870.34,910.14,905.62,58312610
2018-07-09 00:00:00,905.62,896.79,916.84,898.73,40288420
2018-07-10 00:00:00,898.73,897.96,906.25,897.96,33122720
2018-07-11 00:00:00,897.96,871.22,897.96,881.14,53412900
2018-07-12 00:00:00,881.14,870.53,893.15,883.87,33199790
2018-07-13 00:00:00,883.87,883.87,902.14,899.45,38297470
2018-07-16 00:00:00,899.45,897.03,910.82,904.18,36480810
2018-07-17 00:00:00,904.18,892.39,915.53,915.53,44273370
2018-07-18 00:00:00,915.53,915.23,935.42,935.42,54820940
2018-07-19 00:00:00,935.42,934.2,946.39,941.09,47892560
2018-07-20 00:00:00,941.09,926.5,941.41,926.5,56213210
2018-07-23 00:00:00,926.5,926.5,945.13,931.31,64550220
2018-07-24 00:00:00,931.31,916.19,932.83,923.53,52018870
2018-07-25 00:00:00,923.53,915.68,931.55,915.68,46045930
2018-07-26 00:00:00,919.0,907.6,921.33,921.33,45645350
2018-07-27 00:00:00,921.33,918.37,930.57,927.19,42561810
2018-07-30 00:00:00,927.19,927.19,940.25,939.6,49711210
2018-07-31 00:00:00,939.6,934.39,948.38,944.38,60275210
2018-08-01 00:00:00,944.38,942.51,947.08,943.49,12350980
2018-08-02 00:00:00,938.14,924.38,939.85,937.86,51675220
2018-08-03 00:00:00,942.64,938.51,949.93,941.12,43962570
2018-08-06 00:00:00,940.96,935.75,943.98,939.84,40724720
2018-08-07 00:00:00,937.83,933.77,941.63,936.92,41887000
2018-08-08 00:00:00,938.83,937.58,946.07,945.89,42894910
2018-08-09 00:00:00,947.24,942.83,954.38,943.91,60492130
2018-08-10 00:00:00,948.32,936.44,948.69,941.85,42915110
2018-08-13 00:00:00,945.04,941.95,960.02,960.02,82537140
2018-08-14 00:00:00,960.02,959.23,968.62,965.6,57362220
2018-08-15 00:00:00,965.6,947.78,969.8,947.82,62334260
2018-08-16 00:00:00,947.82,932.27,950.18,950.18,63716490
2018-08-17 00:00:00,950.18,949.23,959.39,949.23,45071520
2018-08-20 00:00:00,949.23,942.33,952.16,945.65,55600490
2018-08-21 00:00:00,945.65,944.88,955.27,955.27,47813300
2018-08-22 00:00:00,955.27,955.27,963.17,959.63,50597700
2018-08-23 00:00:00,959.63,957.98,963.91,960.94,42645800
2018-08-24 00:00:00,960.94,955.16,963.09,960.42,56892380
2018-08-27 00:00:00,960.42,960.42,969.97,966.55,64177160
2018-08-28 00:00:00,966.55,966.34,972.4,971.01,60469630
2018-08-29 00:00:00,971.01,964.0,972.32,964.99,44587960
2018-08-30 00:00:00,964.75,960.86,975.43,975.43,54009950
2018-08-31 00:00:00,975.43,969.23,979.11,969.23,59641300
2018-09-04 00:00:00,969.23,951.14,971.3,951.14,51817530
2018-09-05 00:00:00,951.14,938.53,953.37,941.0,53502870
2018-09-06 00:00:00,941.0,931.99,944.73,932.12,45113490
2018-09-07 00:00:00,932.12,931.19,945.59,945.59,46814260
2018-09-10 00:00:00,945.59,942.68,948.31,943.31,50012320
2018-09-11 00:00:00,943.31,940.78,959.09,958.91,47924060
2018-09-12 00:00:00,958.91,958.67,967.78,958.67,55984740
2018-09-13 00:00:00,958.67,955.64,963.72,957.17,48964120
2018-09-14 00:00:00,957.17,957.17,963.5,960.6,13240120
2018-09-17 00:00:00,958.78,951.38,960.94,953.79,43725890
2018-09-18 00:00:00,949.32,945.93,959.75,959.75,58886410
2018-09-19 00:00:00,959.75,959.75,969.34,962.7,66978840
2018-09-20 00:00:00,962.7,962.26,971.48,971.18,56330910
2018-09-21 00:00:00,971.18,968.73,978.77,974.43,117096540
2018-09-24 00:00:00,974.43,974.43,986.3,985.59,55248400
2018-09-25 00:00:00,985.59,980.44,988.23,985.11,53103760
2018-09-26 00:00:00,985.11,980.8,989.54,984.39,60311360
2018-09-27 00:00:00,984.39,984.15,992.1,989.45,51372600
2018-09-28 00:00:00,989.45,989.45,996.6,994.73,89440260
2018-10-01 00:00:00,994.73,990.0,1001.14,990.41,81255010
2018-10-02 00:00:00,990.41,984.54,992.77,987.88,66203650
2018-10-03 00:00:00,987.88,986.16,992.87,990.6,57100270
2018-10-04 00:00:00,990.6,989.06,993.78,993.61,74038630
2018-10-05 00:00:00,993.61,980.75,993.61,980.75,74563800
2018-10-08 00:00:00,980.75,968.61,980.75,970.28,71307590
2018-10-09 00:00:00,970.28,966.68,974.29,967.37,63817220
2018-10-10 00:00:00,967.37,961.7,970.51,966.27,63521280
2018-10-11 00:00:00,966.27,911.69,966.27,920.02,136876030
2018-10-12 00:00:00,920.02,908.74,943.73,943.49,78654890
2018-10-15 00:00:00,943.49,927.6,943.62,928.55,41833000
2018-10-16 00:00:00,928.55,926.96,939.41,939.41,42663640
2018-10-17 00:00:00,939.41,939.41,949.41,947.46,15230120
2018-10-18 00:00:00,945.91,936.22,945.92,937.54,45079700
2018-10-19 00:00:00,937.54,920.28,937.54,931.69,47143040
2018-10-22 00:00:00,931.69,922.75,938.02,922.75,41144780
2018-10-23 00:00:00,908.0,893.34,919.49,908.0,72791480
2018-10-24 00:00:00,908.0,896.5,909.4,896.5,48110900
2018-10-25 00:00:00,896.5,860.13,896.5,888.86,56983320
2018-10-26 00:00:00,888.86,881.06,897.48,881.06,45672420
2018-10-29 00:00:00,881.06,870.36,881.87,874.43,41645700
2018-10-30 00:00:00,874.43,868.29,881.83,874.06,37875270
2018-10-31 00:00:00,874.06,874.06,901.93,901.57,60484190
2018-11-01 00:00:00,901.57,885.58,901.57,887.72,39445040
2018-11-02 00:00:00,887.72,887.72,905.65,903.43,55629860
2018-11-05 00:00:00,903.43,894.88,904.83,904.83,33823220
2018-11-06 00:00:00,905.34,899.61,909.19,899.61,37075370
2018-11-07 00:00:00,899.61,892.79,903.15,899.25,45544000
2018-11-08 00:00:00,899.25,899.25,909.69,900.4,31118060
2018-11-09 00:00:00,900.4,885.65,900.4,885.65,38609740
2018-11-12 00:00:00,885.65,875.29,889.06,888.2,33821800
2018-11-13 00:00:00,888.2,873.87,888.2,873.87,39563470
2018-11-14 00:00:00,873.87,868.63,880.65,871.55,46154090
2018-11-15 00:00:00,871.55,859.86,874.87,864.98,42382820
2018-11-16 00:00:00,864.98,863.89,874.94,869.24,40658870
2018-11-19 00:00:00,869.24,869.24,879.98,878.72,12883850
2018-11-20 00:00:00,888.76,883.8,893.09,893.09,43543750
2018-11-21 00:00:00,893.09,880.83,897.1,897.1,38917250
2018-11-22 00:00:00,897.28,896.18,900.77,898.9,39224680
2018-11-23 00:00:00,898.9,889.78,899.37,890.62,37254570
2018-11-26 00:00:00,890.62,886.76,896.12,895.05,25039270
2018-11-27 00:00:00,895.07,893.96,903.78,895.3,32748380
2018-11-28 00:00:00,895.3,894.27,901.4,901.4,29503510
2018-11-29 00:00:00,901.4,897.58,910.48,897.58,40276100
2018-11-30 00:00:00,897.58,890.41,898.69,894.79,54625390
2018-12-03 00:00:00,894.79,894.79,921.72,921.72,63629050
2018-12-04 00:00:00,921.72,920.2,929.33,927.46,52507190
2018-12-05 00:00:00,927.39,915.9,928.9,925.68,61081880
2018-12-06 00:00:00,925.68,916.63,928.64,922.86,55213240
2018-12-07 00:00:00,922.86,922.86,933.29,929.59,51431880
2018-12-10 00:00:00,928.96,921.59,929.59,922.82,48776970
2018-12-11 00:00:00,922.82,915.68,925.43,922.34,43565480
2018-12-12 00:00:00,922.43,922.34,927.7,927.7,37560590
2018-12-13 00:00:00,928.21,927.7,935.33,928.9,46592070
2018-12-14 00:00:00,928.9,918.19,928.9,918.79,48405980
2018-12-17 00:00:00,918.79,901.33,918.79,901.41,47291390
2018-12-18 00:00:00,901.41,881.76,901.41,890.68,52306770
2018-12-19 00:00:00,890.68,877.63,891.69,882.79,52148460
2018-12-20 00:00:00,879.84,876.15,883.76,877.03,38045070
2018-12-21 00:00:00,870.42,866.09,877.02,873.09,45669710
2018-12-24 00:00:00,874.41,872.99,879.74,873.64,31104560
2018-12-25 00:00:00,858.41,850.33,873.56,865.69,51475970
2018-12-26 00:00:00,864.99,860.52,867.88,861.02,32704590
2018-12-27 00:00:00,861.02,861.02,872.73,865.45,35751060
2018-12-28 00:00:00,865.45,854.99,868.62,854.99,38254570
2019-01-02 00:00:00,854.99,852.79,864.64,855.66,34100240
2019-01-03 00:00:00,855.66,834.81,856.21,838.79,50053420
2019-01-04 00:00:00,838.79,821.83,842.05,840.17,37439840
2019-01-07 00:00:00,840.17,840.17,858.69,851.41,30671600
2019-01-08 00:00:00,851.41,841.86,852.92,845.43,27923540
2019-01-09 00:00:00,845.43,845.25,856.87,855.51,37200330
2019-01-10 00:00:00,855.51,852.96,859.93,857.95,32827000
2019-01-11 00:00:00,857.95,857.67,862.88,860.3,34662900
2019-01-14 00:00:00,860.4,854.71,860.4,859.42,32413030
2019-01-15 00:00:00,859.42,856.04,865.26,865.1,33588140
2019-01-16 00:00:00,865.1,861.18,868.41,864.29,33032340
2019-01-17 00:00:00,864.29,853.34,864.29,853.34,31743610
2019-01-18 00:00:00,853.34,853.34,859.95,854.79,28302650
2019-01-21 00:00:00,854.79,854.79,865.59,864.1,46174530
2019-01-22 00:00:00,864.45,859.09,865.92,859.17,36096510
2019-01-23 00:00:00,859.26,856.77,864.83,861.73,35615120
2019-01-24 00:00:00,861.63,861.04,866.49,865.52,35100380
2019-01-25 00:00:00,865.44,865.44,869.53,867.7,34851070
2019-01-28 00:00:00,867.6,865.9,871.56,868.76,24718870
2019-01-29 00:00:00,868.81,863.22,872.03,872.03,30044560
2019-01-30 00:00:00,872.01,867.92,872.01,869.16,33258320
2019-01-31 00:00:00,869.38,863.85,874.09,866.06,46946380
2019-02-01 00:00:00,866.01,859.38,868.15,859.81,41898560
2019-02-11 00:00:00,862.2,862.2,878.67,878.67,39935410
2019-02-12 00:00:00,878.69,878.68,890.16,888.33,62154530
2019-02-13 00:00:00,887.6,887.6,897.42,897.42,65644140
2019-02-14 00:00:00,897.88,897.3,904.11,900.12,50274750
2019-02-15 00:00:00,900.14,895.13,903.11,897.74,50970670
2019-02-18 00:00:00,899.75,899.74,904.93,904.93,51220040
2019-02-19 00:00:00,905.09,905.09,915.31,907.82,78092810
2019-02-20 00:00:00,907.31,906.64,913.51,911.8,53104240
2019-02-21 00:00:00,912.83,911.38,926.09,926.09,63245360
2019-02-22 00:00:00,926.3,920.78,934.65,929.5,74937950
2019-02-25 00:00:00,929.57,929.5,944.01,939.47,68474130
2019-02-26 00:00:00,939.56,922.93,941.45,929.51,58439700
2019-02-27 00:00:00,929.78,928.59,935.76,930.54,54958520
2019-02-28 00:00:00,930.37,904.98,930.81,904.98,71562220
2019-03-01 00:00:00,904.96,904.96,915.99,915.32,39636310
2019-03-04 00:00:00,915.39,915.39,929.28,928.42,51481790
2019-03-05 00:00:00,928.25,922.05,931.23,923.66,56228360
2019-03-06 00:00:00,923.71,916.89,926.32,923.58,36434210
2019-03-07 00:00:00,923.77,922.29,930.79,922.29,51391120
2019-03-08 00:00:00,922.16,913.39,922.16,914.74,41836570
2019-03-11 00:00:00,915.0,911.88,918.73,916.24,32014260
2019-03-12 00:00:00,919.21,919.21,929.86,929.86,179328720
2019-03-13 00:00:00,929.93,929.93,939.17,935.41,72240930
2019-03-14 00:00:00,935.72,931.33,937.82,934.42,51531570
2019-03-15 00:00:00,934.87,924.45,934.87,927.06,72931340
2019-03-18 00:00:00,927.16,926.85,935.16,932.75,61794930
2019-03-19 00:00:00,933.56,924.91,935.67,927.56,56478250
2019-03-20 00:00:00,927.54,914.77,927.54,924.12,59408870
2019-03-21 00:00:00,924.22,907.87,928.32,907.87,53919570
2019-03-22 00:00:00,907.94,906.64,914.69,912.27,46663850
2019-03-25 00:00:00,912.1,889.17,912.1,893.4,53507330
2019-03-26 00:00:00,893.78,892.47,901.81,894.58,38004810
2019-03-27 00:00:00,895.71,895.71,903.35,901.76,32702110
2019-03-28 00:00:00,901.51,898.17,903.88,901.65,31095800
2019-03-29 00:00:00,901.64,900.13,906.84,900.13,45013980
2019-04-01 00:00:00,900.17,900.17,905.94,905.87,40144870
2019-04-02 00:00:00,907.18,902.43,912.94,903.59,35223770
2019-04-03 00:00:00,902.71,897.47,903.05,901.5,34513830
2019-04-04 00:00:00,902.07,900.97,906.29,904.33,32078960
2019-04-05 00:00:00,904.61,902.77,905.76,904.69,30171520
2019-04-08 00:00:00,904.92,900.97,907.2,906.55,33275430
2019-04-09 00:00:00,906.46,898.8,908.94,900.07,42510820
2019-04-10 00:00:00,899.91,887.75,899.91,893.19,34637240
2019-04-11 00:00:00,893.6,892.62,896.68,896.04,24748350
2019-04-12 00:00:00,895.95,891.71,895.95,893.1,27813000
2019-04-16 00:00:00,890.81,877.38,890.81,887.76,36537920
2019-04-17 00:00:00,886.65,885.64,891.78,885.66,34638940
2019-04-18 00:00:00,884.29,876.2,887.48,877.02,39355710
2019-04-19 00:00:00,877.07,877.07,884.77,880.52,26150620
2019-04-22 00:00:00,880.9,873.55,880.9,878.23,34285820
2019-04-23 00:00:00,878.38,875.05,881.67,878.29,37895280
2019-04-24 00:00:00,877.97,877.97,889.02,888.65,35004620
2019-04-25 00:00:00,888.57,883.72,888.91,885.65,29184040
2019-04-26 00:00:00,885.47,882.58,890.69,890.55,34567810
2019-05-02 00:00:00,890.6,889.61,893.89,893.87,36439930
2019-05-03 00:00:00,893.8,889.2,895.7,895.42,47857200
2019-05-06 00:00:00,893.83,875.71,893.83,878.8,41223290
2019-05-07 00:00:00,880.06,876.18,885.23,877.02,36430910
2019-05-08 00:00:00,872.22,867.18,874.89,872.78,38545850
2019-05-09 00:00:00,872.71,868.73,875.89,871.5,39316830
2019-05-10 00:00:00,871.28,871.28,877.59,876.45,34857290
2019-05-13 00:00:00,876.16,874.68,879.64,879.64,37914590
2019-05-14 00:00:00,879.14,871.96,882.67,882.67,39065320
2019-05-15 00:00:00,882.99,882.99,893.68,893.22,46181060
2019-05-16 00:00:00,893.7,891.93,896.34,891.93,39252920
2019-05-17 00:00:00,892.93,888.56,893.44,890.53,40028260
2019-05-20 00:00:00,890.16,888.12,901.06,901.06,42542890
2019-05-21 00:00:00,901.79,900.97,907.64,901.36,43008810
2019-05-22 00:00:00,901.49,897.27,906.99,897.66,43386130
2019-05-23 00:00:00,897.5,892.08,899.02,895.07,30514000
2019-05-24 00:00:00,894.22,884.48,898.24,884.48,44872700
2019-05-27 00:00:00,884.29,883.95,889.45,889.2,29654840
2019-05-28 00:00:00,888.8,883.53,891.61,885.27,29654840
2019-05-29 00:00:00,886.12,882.0,886.98,883.52,33829930
2019-05-30 00:00:00,883.51,879.58,888.68,883.37,29873700
2019-05-31 00:00:00,883.39,875.77,884.75,876.29,34297640
2019-06-03 00:00:00,875.64,858.64,875.64,864.08,51473370
2019-06-04 00:00:00,864.27,857.94,868.67,864.35,32528920
2019-06-05 00:00:00,866.79,863.69,871.91,863.69,27109050
2019-06-06 00:00:00,863.81,851.47,865.16,861.31,38238280
2019-06-07 00:00:00,860.64,860.64,869.56,869.56,33454350
2019-06-10 00:00:00,869.68,866.79,877.45,872.49,44465190
2019-06-11 00:00:00,872.53,870.0,874.32,870.91,29455250
2019-06-12 00:00:00,870.48,865.42,871.64,865.42,32449060
2019-06-13 00:00:00,865.29,857.72,865.29,859.68,32318410
2019-06-14 00:00:00,859.53,859.08,864.29,861.65,34401390
2019-06-17 00:00:00,861.37,851.14,862.36,852.99,40074050
2019-06-18 00:00:00,852.62,845.4,853.95,848.17,42999880
2019-06-19 00:00:00,850.34,850.34,854.81,854.34,39852300
2019-06-20 00:00:00,854.9,853.96,867.91,864.59,53355700
2019-06-21 00:00:00,864.44,864.44,870.35,866.53,72303640
2019-06-24 00:00:00,866.63,866.63,873.33,868.94,40701190
2019-06-25 00:00:00,867.73,866.25,870.7,868.5,38482520
2019-06-26 00:00:00,868.16,865.67,870.52,866.81,41570560
2019-06-27 00:00:00,866.84,854.41,867.08,854.41,44966190
2019-06-28 00:00:00,854.49,847.77,864.24,864.24,43760910
2019-07-01 00:00:00,864.26,864.26,876.39,876.26,49225200
2019-07-02 00:00:00,876.27,870.71,877.08,872.92,38741880
2019-07-03 00:00:00,872.77,865.59,872.77,869.58,42594210
2019-07-04 00:00:00,870.03,870.03,879.72,879.72,49311640
2019-07-05 00:00:00,879.49,876.28,882.19,880.23,41267320
2019-07-08 00:00:00,878.96,867.35,878.96,870.92,44396550
2019-07-09 00:00:00,871.19,86.32,872.52,872.21,41064380
2019-07-10 00:00:00,872.2,872.2,878.32,876.12,41858640
2019-07-11 00:00:00,877.86,876.69,880.88,879.1,39213260
2019-07-12 00:00:00,880.06,874.56,883.15,874.99,46827980
2019-07-15 00:00:00,875.28,870.84,876.82,873.71,42053110
2019-07-16 00:00:00,873.74,873.74,880.91,880.91,48665170
2019-07-17 00:00:00,880.69,877.59,882.85,879.75,59853640
2019-07-18 00:00:00,879.66,870.81,879.66,870.81,44968100
2019-07-19 00:00:00,870.97,870.97,881.16,880.79,63926250
2019-07-22 00:00:00,880.49,878.39,885.42,879.62,48837900
2019-07-23 00:00:00,879.42,878.22,889.04,888.26,48223670
2019-07-24 00:00:00,888.63,885.66,892.81,887.39,46413440
2019-07-25 00:00:00,887.43,885.19,892.31,890.41,54563440
2019-07-26 00:00:00,890.44,886.09,891.9,887.84,45307890
2019-07-29 00:00:00,887.96,880.92,889.97,888.54,44918580
2019-07-30 00:00:00,888.7,877.92,892.38,877.92,44932360
2019-07-31 00:00:00,877.8,874.39,885.86,883.19,43400530
2019-08-01 00:00:00,884.29,881.52,887.39,887.39,41754860
2019-08-02 00:00:00,887.06,877.76,887.06,885.29,54739360
2019-08-05 00:00:00,883.34,872.39,884.09,872.39,53465930
2019-08-06 00:00:00,870.82,858.02,870.82,866.13,52907240
2019-08-07 00:00:00,866.76,863.57,872.05,868.27,40017410
2019-08-08 00:00:00,868.2,866.69,877.32,875.81,58877170
2019-08-09 00:00:00,876.5,874.51,880.29,878.62,46667200
2019-08-12 00:00:00,878.56,877.33,883.41,882.23,44745840
2019-08-13 00:00:00,882.2,875.32,882.2,877.97,59070490
2019-08-14 00:00:00,880.04,880.04,886.8,880.51,44297320
2019-08-15 00:00:00,874.42,867.95,890.78,890.78,50395380
2019-08-16 00:00:00,890.39,886.87,900.31,892.44,70252830
2019-08-19 00:00:00,892.32,889.34,897.03,891.78,39311010
2019-08-20 00:00:00,891.73,890.96,894.86,894.45,41244380
2019-08-21 00:00:00,894.56,892.05,901.25,900.54,56164360
2019-08-22 00:00:00,901.28,899.58,904.41,901.29,46933460
2019-08-23 00:00:00,901.53,896.87,902.5,900.53,49584900
2019-08-26 00:00:00,899.1,887.05,899.1,892.48,65313090
2019-08-27 00:00:00,893.72,886.91,899.29,886.91,59291850
2019-08-28 00:00:00,886.82,885.23,890.58,886.08,41622640
2019-08-29 00:00:00,886.04,882.14,889.13,889.13,42613720
2019-08-30 00:00:00,888.94,888.83,893.57,892.51,40839960
2019-09-03 00:00:00,892.83,886.02,894.11,888.97,45768490
2019-09-04 00:00:00,888.95,883.91,890.31,887.12,41234740
2019-09-05 00:00:00,887.12,886.1,891.43,886.1,42074670
2019-09-06 00:00:00,886.1,884.9,889.49,885.95,40543850
2019-09-09 00:00:00,885.95,883.43,887.01,885.61,37164220
2019-09-10 00:00:00,885.61,881.04,888.57,883.04,46274080
2019-09-11 00:00:00,883.04,881.34,886.12,885.52,34851830
2019-09-12 00:00:00,885.52,885.52,894.32,894.32,48192160
2019-09-13 00:00:00,894.32,893.8,905.31,905.05,67622020
2019-09-16 00:00:00,905.0,902.82,909.7,908.6,52499530
2019-09-17 00:00:00,908.51,904.36,912.89,912.38,49773900
2019-09-18 00:00:00,912.42,911.08,915.09,913.48,64916030
2019-09-19 00:00:00,913.4,909.88,918.88,918.88,57544160
2019-09-23 00:00:00,915.16,909.98,918.42,909.98,63685170
2019-09-24 00:00:00,910.0,908.03,914.02,910.76,50415610
2019-09-25 00:00:00,910.37,906.6,913.33,912.42,51189520
2019-09-26 00:00:00,912.71,911.57,918.1,918.1,61815870
2019-09-27 00:00:00,918.1,917.72,925.58,924.83,64121740
2019-09-30 00:00:00,925.79,922.62,930.8,922.89,63284690
2019-10-01 00:00:00,922.87,921.69,926.31,926.31,59813890
2019-10-02 00:00:00,926.31,917.68,927.43,919.73,69144140
2019-10-03 00:00:00,919.73,911.6,921.7,921.7,63663830
2019-10-04 00:00:00,921.7,915.16,924.36,915.16,62008430
2019-10-07 00:00:00,915.16,907.5,917.36,907.5,60836700
2019-10-08 00:00:00,907.5,906.88,915.34,915.27,65243600
2019-10-10 00:00:00,914.54,912.2,917.08,913.05,54842380
2019-10-14 00:00:00,916.81,916.68,924.69,921.91,81662930
2019-10-15 00:00:00,921.91,920.63,924.79,923.27,55003840
2019-10-17 00:00:00,924.64,919.1,924.79,919.1,65013550
2019-10-18 00:00:00,919.1,916.87,922.62,919.13,57605110
2019-10-21 00:00:00,919.13,913.94,919.13,914.0,63505800
2019-10-22 00:00:00,914.0,912.7,917.61,916.81,59083710
2019-10-23 00:00:00,916.81,915.87,919.61,919.61,55202580
2019-10-24 00:00:00,919.61,919.17,925.25,925.25,59252900
2019-10-29 00:00:00,925.97,923.97,928.38,923.97,59000930
2019-10-30 00:00:00,923.97,922.67,928.85,925.07,56666560
2019-10-31 00:00:00,925.07,922.06,928.88,922.68,63154480
2019-11-01 00:00:00,922.68,922.46,934.21,933.55,76837110
2019-11-04 00:00:00,933.55,932.31,941.46,940.25,87334540
2019-11-05 00:00:00,940.25,938.73,944.62,942.34,71492500
2019-11-06 00:00:00,942.4,940.76,945.43,942.38,75016380
2019-11-07 00:00:00,942.56,940.23,945.26,944.25,76226210
2019-11-08 00:00:00,944.25,942.19,948.37,944.7,74207740
2019-11-11 00:00:00,944.7,938.78,946.55,939.72,80097000
2019-11-12 00:00:00,939.72,937.95,942.55,939.82,66245180
2019-11-13 00:00:00,939.97,930.84,941.13,932.6,76758480
2019-11-14 00:00:00,932.45,927.14,935.72,928.44,78620440
2019-11-15 00:00:00,928.44,922.59,930.84,927.36,66130230
2019-11-18 00:00:00,927.36,920.52,929.18,920.95,69835800
2019-11-19 00:00:00,920.95,919.95,926.07,926.07,63691480
2019-11-21 00:00:00,917.0,898.23,917.06,898.23,83040690
2019-11-22 00:00:00,898.93,885.83,906.93,892.31,82099050
2019-11-25 00:00:00,892.31,886.81,896.43,894.8,63815430
2019-11-26 00:00:00,895.36,894.8,900.72,897.5,68546970
2019-11-27 00:00:00,898.58,894.8,901.1,895.06,126974220
2019-11-28 00:00:00,895.06,883.16,895.42,885.7,69367550
2019-11-29 00:00:00,885.9,882.68,888.41,887.47,60328840
2019-12-02 00:00:00,887.19,875.1,889.47,875.1,76462740
2019-12-03 00:00:00,874.9,865.74,877.96,868.68,77467050
2019-12-04 00:00:00,868.79,865.31,883.56,883.56,74534040
2019-12-05 00:00:00,883.33,878.39,886.36,879.32,61676770
2019-12-06 00:00:00,878.28,875.99,882.59,880.43,60752790
2019-12-09 00:00:00,880.39,876.01,882.58,879.94,64151210
2019-12-10 00:00:00,879.95,870.25,880.22,873.16,72499410
2019-12-11 00:00:00,873.38,869.15,878.27,878.27,66716030
2019-12-12 00:00:00,878.95,878.27,885.73,884.8,57447090
2019-12-13 00:00:00,884.98,880.55,888.53,880.55,65816420
2019-12-16 00:00:00,880.55,874.06,880.55,876.65,67010160
2019-12-17 00:00:00,876.5,867.13,877.63,867.44,72408090
2019-12-18 00:00:00,867.44,861.05,867.69,863.16,69570980
2019-12-19 00:00:00,863.16,858.76,867.25,862.23,68010500
2019-12-20 00:00:00,862.23,862.23,869.52,868.37,69391620
2019-12-23 00:00:00,868.37,867.92,872.75,868.2,72189520
2019-12-24 00:00:00,868.2,864.86,869.9,869.88,57924660
2019-12-25 00:00:00,869.88,869.22,874.93,873.18,53692380
2019-12-26 00:00:00,873.18,869.57,874.87,872.07,40379950
2019-12-27 00:00:00,872.07,867.95,876.38,876.38,26809950
2019-12-30 00:00:00,876.38,876.13,881.27,880.29,33522140
2019-12-31 00:00:00,880.29,876.66,881.98,879.06,44433790
2020-01-02 00:00:00,879.02,876.87,886.88,886.88,50389450
2020-01-03 00:00:00,886.88,883.18,890.38,883.28,43220590
2020-01-08 00:00:00,876.7,861.51,876.7,865.18,53101180
2020-01-09 00:00:00,867.27,867.27,878.43,877.76,45705720
2020-01-10 00:00:00,877.76,877.7,888.09,885.52,72856040
2020-01-13 00:00:00,885.52,881.35,885.52,881.79,32553390
2020-01-14 00:00:00,881.79,880.58,886.83,884.77,50679260
2020-01-15 00:00:00,884.77,882.79,886.33,885.36,35671150
2020-01-16 00:00:00,885.36,883.83,892.2,891.96,63476010
2020-01-17 00:00:00,891.96,891.36,897.63,894.84,48879990
2020-01-20 00:00:00,894.84,891.75,897.4,897.4,39722470
2020-01-21 00:00:00,897.4,897.4,907.51,906.52,57331520
2020-01-22 00:00:00,906.17,903.27,909.41,909.09,51710960
2020-01-30 00:00:00,909.09,870.53,909.09,875.82,80136320
2020-01-31 00:00:00,875.82,848.63,876.59,848.63,83267610
2020-02-03 00:00:00,848.63,803.73,848.63,842.67,91769740
2020-02-04 00:00:00,842.67,833.93,849.8,845.52,73132220
2020-02-05 00:00:00,845.52,840.41,854.72,845.31,63586260
2020-02-06 00:00:00,845.38,842.68,862.86,862.86,97615310
2020-02-07 00:00:00,862.86,858.02,865.91,863.49,72831920
2020-02-10 00:00:00,863.49,848.21,863.49,852.87,46861970
2020-02-11 00:00:00,852.87,852.87,859.38,856.39,70070560
2020-02-12 00:00:00,856.39,856.39,870.1,863.23,80775330
2020-02-13 00:00:00,862.72,858.46,864.79,864.16,58430270
2020-02-14 00:00:00,865.03,863.14,868.84,865.86,74645390
2020-02-17 00:00:00,865.86,862.75,867.45,866.27,58437180
2020-02-18 00:00:00,866.27,858.61,866.61,861.71,60234370
2020-02-20 00:00:00,863.84,863.84,872.86,871.4,59013520
2020-02-21 00:00:00,871.4,868.59,877.52,868.89,66759070
2020-02-24 00:00:00,867.56,837.4,867.56,837.4,95170340
2020-02-25 00:00:00,836.54,827.81,849.58,849.58,69289070
2020-02-26 00:00:00,849.56,837.52,849.56,841.68,54642970
2020-02-27 00:00:00,841.19,836.56,849.18,848.34,55423910
2020-02-28 00:00:00,848.34,823.09,848.34,831.97,69885780
2020-03-02 00:00:00,831.97,827.23,837.99,835.42,69305330
2020-03-03 00:00:00,835.42,835.14,846.21,837.99,64175180
2020-03-04 00:00:00,837.99,831.2,839.26,837.99,52991210
2020-03-05 00:00:00,837.99,836.32,846.58,839.12,67022900
2020-03-06 00:00:00,839.12,827.12,839.12,835.97,53908060
2020-03-09 00:00:00,835.97,781.12,835.97,782.85,107131850
2020-03-10 00:00:00,780.66,762.34,794.88,789.51,197194730
2020-03-11 00:00:00,789.75,746.83,795.98,758.16,99250550
2020-03-12 00:00:00,758.16,710.33,758.16,719.21,113236020
2020-03-13 00:00:00,719.21,674.36,722.3,716.65,113472590
2020-03-16 00:00:00,716.52,688.8,716.52,698.18,74029820
2020-03-17 00:00:00,698.18,673.21,702.36,699.73,80439940
2020-03-18 00:00:00,699.73,695.42,705.3,700.65,77434820
2020-03-19 00:00:00,699.35,669.04,699.35,679.55,73193700
2020-03-20 00:00:00,679.55,668.9,683.55,673.7,81174090
2020-03-23 00:00:00,673.7,628.46,673.7,632.86,81061380
2020-03-24 00:00:00,632.86,619.07,633.97,625.43,85901840
2020-03-25 00:00:00,625.43,625.43,652.31,652.31,86267230
2020-03-26 00:00:00,652.31,639.02,655.06,646.7,74094650
2020-03-27 00:00:00,646.7,633.41,649.17,642.23,102644660
2020-03-30 00:00:00,641.92,605.0,642.23,613.02,81044380
2020-03-31 00:00:00,613.33,598.6,629.08,610.76,77472420
2020-04-01 00:00:00,610.76,606.03,631.6,628.79,73251500
2020-04-03 00:00:00,628.79,628.79,649.15,649.15,84127900
2020-04-06 00:00:00,649.15,649.15,682.65,682.65,127163130
2020-04-07 00:00:00,682.65,677.03,695.45,693.61,117080630
2020-04-08 00:00:00,693.66,675.26,693.66,691.17,76666570
2020-04-09 00:00:00,691.28,691.28,704.18,697.85,111266900
2020-04-10 00:00:00,697.85,687.18,701.77,695.74,146864700
2020-04-13 00:00:00,695.74,695.74,714.58,706.37,82299370
2020-04-14 00:00:00,706.37,699.03,713.81,713.81,94916160
2020-04-15 00:00:00,713.81,713.81,726.2,722.8,91992100
2020-04-16 00:00:00,721.73,714.52,726.71,726.57,72703140
2020-04-17 00:00:00,726.57,726.57,736.17,734.98,100568910
2020-04-20 00:00:00,736.1,729.52,742.27,736.31,99010230
2020-04-21 00:00:00,731.79,702.61,736.31,706.65,128951820
2020-04-22 00:00:00,706.54,692.03,718.62,714.42,86106800
2020-04-23 00:00:00,715.62,715.62,729.99,717.49,63426140
2020-04-24 00:00:00,717.49,711.14,725.52,725.05,64551610
2020-04-27 00:00:00,730.77,719.66,735.28,719.66,81802970
2020-04-28 00:00:00,719.45,711.84,721.73,715.74,64778960
2020-04-29 00:00:00,715.47,713.62,719.18,715.33,69755970
2020-05-04 00:00:00,714.9,706.47,716.05,709.35,65868010
2020-05-05 00:00:00,710.22,707.49,714.59,711.01,48703130
2020-05-06 00:00:00,711.34,709.77,725.94,725.94,77213190
2020-05-07 00:00:00,726.17,726.17,739.98,739.98,82601000
2020-05-08 00:00:00,740.14,740.14,773.22,760.15,146260040
2020-05-11 00:00:00,760.15,760.15,777.13,777.13,107514590
2020-05-12 00:00:00,777.35,766.7,783.77,782.45,104564430
2020-05-13 00:00:00,781.85,760.2,788.06,783.69,122448880
2020-05-14 00:00:00,783.69,773.62,785.1,780.73,86237430
2020-05-15 00:00:00,780.73,771.25,785.26,773.95,80443320
2020-05-18 00:00:00,774.07,770.61,787.27,787.27,81990780
2020-05-19 00:00:00,787.53,787.53,808.17,799.31,119339160
2020-05-20 00:00:00,799.28,793.75,803.35,803.32,97443060
2020-05-21 00:00:00,803.57,802.49,815.55,815.55,134973200
2020-05-22 00:00:00,815.51,802.82,815.51,803.14,95158480
2020-05-25 00:00:00,803.35,799.23,809.12,807.25,81739940
2020-05-26 00:00:00,807.55,807.55,815.96,815.01,101929820
2020-05-27 00:00:00,816.04,801.36,821.36,801.36,119115010
2020-05-28 00:00:00,801.36,800.16,810.43,804.06,91471520
2020-05-29 00:00:00,804.0,801.46,808.83,806.23,76808710
2020-06-01 00:00:00,806.23,806.23,821.47,821.47,176781350
2020-06-02 00:00:00,821.89,818.12,827.11,818.7,147384620
2020-06-03 00:00:00,819.02,818.33,824.54,824.29,89255290
2020-06-04 00:00:00,824.29,823.51,831.49,823.77,135464800
2020-06-05 00:00:00,823.77,818.33,826.47,826.47,147686540
2020-06-08 00:00:00,826.79,826.79,845.63,838.52,155914950
2020-06-09 00:00:00,838.52,836.13,843.58,837.02,152484730
2020-06-10 00:00:00,836.8,827.6,842.21,839.11,164035740
2020-06-11 00:00:00,839.69,806.64,842.76,806.87,191851870
2020-06-12 00:00:00,803.11,782.7,807.76,807.76,183055290
2020-06-15 00:00:00,808.58,778.71,813.59,778.71,141902860
2020-06-16 00:00:00,779.8,778.71,801.42,798.82,84854820
2020-06-17 00:00:00,798.82,793.2,802.06,796.43,76200410
2020-06-18 00:00:00,796.43,788.72,800.03,797.08,58891460
2020-06-19 00:00:00,797.21,797.03,808.28,808.28,81044560
2020-06-22 00:00:00,808.28,805.24,812.99,809.97,68483440
2020-06-23 00:00:00,809.53,803.96,812.24,807.61,95807000
2020-06-24 00:00:00,807.61,799.35,813.47,801.62,74689590
2020-06-25 00:00:00,801.29,791.38,801.29,796.51,149238780
2020-06-26 00:00:00,796.7,793.08,803.88,795.53,53642210
2020-06-29 00:00:00,795.06,768.99,795.53,774.81,97111120
2020-06-30 00:00:00,775.45,765.62,784.44,770.53,74258230
2020-07-01 00:00:00,770.23,770.02,787.38,786.82,56962280
2020-07-02 00:00:00,787.13,781.45,788.88,785.59,54056700
2020-07-03 00:00:00,785.81,785.81,790.3,789.87,97359710
2020-07-06 00:00:00,789.87,789.87,803.76,803.46,74204520
2020-07-07 00:00:00,803.61,803.61,812.48,805.68,87361600
2020-07-08 00:00:00,805.67,801.57,807.09,805.06,52132960
2020-07-09 00:00:00,805.12,805.12,819.45,817.08,81034330
2020-07-10 00:00:00,817.08,806.67,817.67,809.02,71215730
2020-07-13 00:00:00,809.03,802.5,814.35,806.17,65612220
2020-07-14 00:00:00,805.21,798.21,805.92,805.37,60124200
2020-07-15 00:00:00,805.37,805.37,815.09,810.16,53466480
2020-07-16 00:00:00,811.24,809.41,819.83,819.83,64520530
2020-07-17 00:00:00,819.27,812.61,819.27,814.16,65439170
2020-07-20 00:00:00,814.16,803.36,814.16,803.36,69313020
2020-07-21 00:00:00,803.55,799.98,806.34,804.7,62634380
2020-07-22 00:00:00,804.26,797.82,806.93,797.85,65223560
2020-07-23 00:00:00,797.94,794.59,800.29,800.29,138841140
2020-07-24 00:00:00,798.89,760.56,798.89,772.29,142231570
2020-07-27 00:00:00,767.3,726.02,767.3,729.93,127324950
2020-07-28 00:00:00,730.55,730.55,757.5,756.17,106762410
2020-07-29 00:00:00,755.14,722.85,755.14,735.16,95374560
2020-07-30 00:00:00,735.3,735.3,746.74,746.02,51151920
2020-07-31 00:00:00,745.33,731.14,747.56,740.73,58079130
2020-08-03 00:00:00,740.33,738.64,758.3,757.86,75712850
2020-08-04 00:00:00,759.19,759.19,768.46,768.22,62080110
2020-08-05 00:00:00,767.54,761.26,782.09,780.71,84975870
2020-08-06 00:00:00,780.69,776.04,787.27,781.6,64066590
2020-08-07 00:00:00,781.61,778.45,785.99,782.15,68194780
2020-08-10 00:00:00,782.15,782.15,791.67,784.3,79376100
2020-08-11 00:00:00,784.74,781.04,788.92,784.57,60223460
2020-08-12 00:00:00,784.58,784.23,790.01,788.42,71949730
2020-08-13 00:00:00,789.26,789.26,795.69,795.09,62104890
2020-08-14 00:00:00,795.09,789.12,801.61,791.98,85640670
2020-08-17 00:00:00,791.98,782.52,793.61,791.54,57165820
2020-08-18 00:00:00,791.6,784.93,792.13,786.95,41657400
2020-08-19 00:00:00,787.23,786.01,791.85,789.41,51465360
2020-08-20 00:00:00,789.49,783.57,793.35,786.11,65866250
2020-08-21 00:00:00,786.11,786.11,795.05,793.6,78118940
2020-08-24 00:00:00,793.46,793.46,810.17,809.69,102484240
2020-08-25 00:00:00,809.34,809.34,818.94,815.18,209685970
2020-08-26 00:00:00,815.18,811.45,816.68,812.36,89049860
2020-08-27 00:00:00,812.47,810.68,814.64,814.55,72352280
2020-08-28 00:00:00,814.55,814.55,828.88,821.93,102827430
2020-08-31 00:00:00,822.01,820.66,831.76,823.93,82419120
2020-09-01 00:00:00,823.93,821.74,832.87,832.03,78823790
2020-09-03 00:00:00,832.27,832.27,844.27,843.64,104709690
2020-09-04 00:00:00,843.64,833.54,843.64,840.54,103338380
2020-09-07 00:00:00,840.64,824.36,843.8,824.36,98247460
2020-09-08 00:00:00,824.36,819.02,829.22,827.57,81334060
2020-09-09 00:00:00,827.5,816.51,828.38,824.42,82985570
2020-09-10 00:00:00,825.15,825.15,832.61,825.85,67659910
2020-09-11 00:00:00,825.85,821.97,827.83,825.56,64103290
2020-09-14 00:00:00,825.56,825.56,833.09,832.24,65500510
2020-09-15 00:00:00,832.27,831.13,835.42,833.33,87508060
2020-09-16 00:00:00,833.33,831.33,834.52,834.5,54112550
2020-09-17 00:00:00,834.6,829.08,837.76,831.84,96606620
2020-09-18 00:00:00,832.46,832.46,842.1,841.26,94168740
2020-09-21 00:00:00,841.28,841.28,852.65,851.54,106118340
2020-09-22 00:00:00,851.54,846.03,854.69,852.72,130393430
2020-09-23 00:00:00,852.72,852.72,860.34,858.3,111915820
2020-09-24 00:00:00,858.14,852.29,858.89,853.21,90213290
2020-09-25 00:00:00,853.19,850.1,856.79,854.71,105360670
2020-09-28 00:00:00,854.71,854.71,863.98,863.31,134681820
2020-09-29 00:00:00,863.59,856.2,871.99,856.2,135082450
2020-09-30 00:00:00,856.07,852.54,860.1,858.54,104923280
2020-10-01 00:00:00,859.27,859.27,868.3,867.58,106515880
2020-10-02 00:00:00,867.93,850.61,870.8,861.51,164531140
2020-10-05 00:00:00,861.65,861.65,869.09,867.7,115090400
2020-10-06 00:00:00,867.74,866.12,872.39,871.37,148279580
2020-10-07 00:00:00,870.98,867.06,876.31,870.85,157151510
2020-10-08 00:00:00,870.88,864.55,873.13,869.82,139809540
2020-10-09 00:00:00,869.8,868.36,875.52,874.53,115723800
2020-10-12 00:00:00,874.72,871.58,882.84,874.9,130255360
2020-10-13 00:00:00,874.58,872.36,879.25,878.35,103915810
2020-10-14 00:00:00,878.94,878.94,892.25,892.15,176566350
2020-10-15 00:00:00,896.5,893.94,901.71,899.2,167589220
2020-10-16 00:00:00,899.58,892.7,906.17,901.59,157348820
2020-10-19 00:00:00,899.61,899.61,906.16,903.51,142169620
2020-10-20 00:00:00,903.57,899.42,909.49,909.49,179990420
2020-10-21 00:00:00,910.63,905.08,918.14,906.1,152206540
2020-10-22 00:00:00,906.1,901.96,918.3,918.3,133646710
2020-10-23 00:00:00,918.84,918.84,930.59,930.3,163038710
2020-10-26 00:00:00,929.5,919.56,942.72,919.56,167434310
2020-10-27 00:00:00,919.56,914.72,926.52,915.46,189908440
2020-10-28 00:00:00,913.37,888.88,916.0,888.88,366878160
2020-10-29 00:00:00,888.88,879.74,894.19,886.68,151632600
2020-10-30 00:00:00,887.34,875.84,893.42,892.55,130033580
2020-11-02 00:00:00,892.68,889.83,900.03,899.27,83556370
2020-11-03 00:00:00,899.27,897.3,904.78,902.14,110878290
2020-11-04 00:00:00,902.14,900.74,910.59,905.48,112218650
2020-11-05 00:00:00,905.48,903.64,913.2,903.64,97631160
2020-11-06 00:00:00,903.68,899.51,907.67,902.91,79120200
2020-11-09 00:00:00,902.91,902.91,917.42,917.42,108928030
2020-11-10 00:00:00,917.45,916.5,929.66,916.5,137867540
2020-11-11 00:00:00,916.98,910.39,919.95,916.68,114386310
2020-11-12 00:00:00,916.68,916.21,923.0,923.0,85346880
2020-11-13 00:00:00,923.0,923.0,931.2,931.2,122988700
2020-11-16 00:00:00,931.4,915.23,939.1,915.97,173012830
2020-11-17 00:00:00,916.25,916.25,934.65,934.65,129177640
2020-11-18 00:00:00,935.24,931.18,939.62,937.67,153573720
2020-11-19 00:00:00,937.67,936.32,945.06,944.92,166086320
2020-11-20 00:00:00,944.92,942.28,950.89,950.89,125700510
2020-11-23 00:00:00,950.89,946.14,961.35,960.03,164653110
2020-11-24 00:00:00,960.03,948.67,964.53,960.03,184868340
2020-11-25 00:00:00,959.61,957.09,963.81,960.63,175122450
2020-11-26 00:00:00,960.63,953.46,964.16,964.16,156138260
2020-11-27 00:00:00,964.16,963.69,971.11,971.11,142656350
2020-11-30 00:00:00,971.11,965.89,975.46,965.89,168722120
2020-12-01 00:00:00,965.89,951.92,976.44,976.35,382130380
2020-12-02 00:00:00,976.35,973.58,981.28,979.95,187854660
2020-12-03 00:00:00,979.95,978.16,986.4,985.44,371372500
2020-12-04 00:00:00,985.44,983.03,988.68,984.34,182020670
2020-12-07 00:00:00,984.34,984.07,992.59,992.01,148301050
2020-12-08 00:00:00,992.01,988.71,996.64,993.61,153446320
2020-12-09 00:00:00,993.61,993.61,1004.61,1004.03,180899680
2020-12-10 00:00:00,1004.03,994.28,1008.6,994.28,173563520
2020-12-11 00:00:00,994.28,994.28,1008.65,1008.65,301227250
2020-12-14 00:00:00,1008.65,1008.65,1024.28,1024.28,160378000
2020-12-15 00:00:00,1024.28,1009.8,1025.34,1013.02,173336680
2020-12-16 00:00:00,1013.02,1013.02,1029.72,1029.72,178525030
2020-12-17 00:00:00,1029.72,1015.86,1029.72,1016.95,405163660
2020-12-18 00:00:00,1016.95,1016.95,1037.98,1036.65,183606010
2020-12-21 00:00:00,1036.65,1036.65,1052.85,1049.71,187655270
2020-12-22 00:00:00,1049.71,1043.8,1053.81,1052.23,392272760
2020-12-23 00:00:00,1052.23,1043.88,1058.91,1045.7,203334040
2020-12-24 00:00:00,1045.7,1013.9,1051.56,1033.95,212709620
2020-12-25 00:00:00,1033.95,1026.05,1052.16,1052.13,161859380
2020-12-28 00:00:00,1052.13,1047.45,1063.09,1054.23,190250810
2020-12-29 00:00:00,1054.23,1050.05,1062.61,1058.39,153419410
2020-12-30 00:00:00,1058.39,1055.25,1069.5,1059.16,173017710
2020-12-31 00:00:00,1059.16,1058.9,1074.02,1070.77,13603031
2021-01-04 00:00:00,1070.77,1070.77,1097.61,1091.87,23373010
2021-01-05 00:00:00,1091.87,1086.07,1104.78,1104.3,19164110
2021-01-06 00:00:00,1104.3,1104.3,1125.63,1113.72,22522650
2021-01-07 00:00:00,1113.72,1113.72,1130.59,1130.59,21540140
2021-01-08 00:00:00,1130.59,1130.59,1156.38,1147.86,220086200
2021-01-11 00:00:00,1147.86,1147.86,1165.99,1163.4,222792000
2021-01-12 00:00:00,1163.4,1155.9,1169.27,1169.03,202517400
2021-01-13 00:00:00,1169.03,1161.87,1178.44,1164.57,187356100
2021-01-14 00:00:00,1164.57,1156.58,1169.97,1168.99,416972100
2021-01-15 00:00:00,1168.99,1168.99,1185.46,1182.2,211717400
2021-01-18 00:00:00,1182.2,1171.96,1188.53,1173.34,199288900
2021-01-19 00:00:00,1173.34,1098.47,1173.61,1107.32,324705300
2021-01-20 00:00:00,1107.32,1073.13,1121.97,1116.21,262600200
2021-01-21 00:00:00,1116.21,1114.26,1152.9,1151.3,204600400
2021-01-22 00:00:00,1151.3,1147.88,1164.45,1156.58,210394400
2021-01-25 00:00:00,1156.58,1149.26,1164.7,1154.29,198478400
2021-01-26 00:00:00,1154.29,1107.54,1155.32,1125.09,236714100
2021-01-27 00:00:00,1125.09,1073.74,1125.25,1083.63,241013700
2021-01-28 00:00:00,1083.63,1008.53,1083.63,1010.75,282129400
2021-01-29 00:00:00,1010.75,978.85,1070.05,1048.31,242653600
2021-02-01 00:00:00,1536.67,1531.2,1549.81,1549.81,18301870
2021-02-02 00:00:00,1029.86,1025.18,1079.87,1079.7,162837100
2021-02-03 00:00:00,1079.7,1079.7,1122.04,1117.98,204897000
2021-02-04 00:00:00,1117.98,1103.11,1126.64,1117.74,155634900
2021-02-05 00:00:00,1117.74,1117.74,1135.5,1135.5,139783900
2021-02-08 00:00:00,1135.5,1077.4,1136.38,1092.59,228472200
2021-02-09 00:00:00,1092.59,1089.85,1129.49,1129.49,17319220
2021-02-17 00:00:00,1129.49,1129.49,1174.91,1174.91,174115900
2021-02-18 00:00:00,1174.91,1162.48,1187.94,1187.94,183246200
2021-02-19 00:00:00,1187.94,1168.18,1188.61,1180.59,166179400
2021-02-22 00:00:00,1180.59,1172.71,1190.48,1180.55,175256400
2021-02-23 00:00:00,1180.55,1174.18,1191.74,1182.47,195049200
2021-02-24 00:00:00,1182.47,1161.13,1192.04,1167.18,178724400
2021-02-25 00:00:00,1167.18,1158.06,1175.19,1169.82,158378900
2021-02-26 00:00:00,1169.82,1153.41,1175.4,1173.6,178992100
2021-03-01 00:00:00,1173.6,1173.6,1192.85,1191.83,191028700
2021-03-02 00:00:00,1191.83,1188.01,1203.84,1194.71,169421200
2021-03-03 00:00:00,1194.71,1189.14,1198.36,1195.6,154440900
2021-03-04 00:00:00,1195.6,1164.76,1200.42,1174.29,183128200
2021-03-05 00:00:00,1174.29,1157.45,1174.8,1173.83,205207500
2021-03-08 00:00:00,1173.83,1164.78,1186.29,1170.0,164933700
2021-03-09 00:00:00,1170.0,1150.18,1170.0,1163.0,159976000
2021-03-10 00:00:00,1163.0,1154.29,1173.58,1172.26,156010800
2021-03-11 00:00:00,1172.26,1172.26,1190.47,1188.71,167311800
2021-03-12 00:00:00,1188.71,1184.64,1193.97,1187.81,147251900
2021-03-15 00:00:00,1187.81,1184.32,1194.29,1190.86,149674500
2021-03-16 00:00:00,1190.86,1177.05,1192.15,1187.84,163858900
2021-03-17 00:00:00,1187.84,1183.83,1193.45,1193.45,193596700
2021-03-18 00:00:00,1193.71,1193.45,1211.54,1211.54,155167300
2021-03-19 00:00:00,1211.54,1201.17,1211.54,1203.36,171417400
2021-03-22 00:00:00,1203.36,1194.79,1207.28,1198.54,161297800
2021-03-23 00:00:00,1198.54,1182.22,1198.54,1186.98,155689000
2021-03-24 00:00:00,1186.98,1157.69,1186.98,1165.61,190246400
2021-03-25 00:00:00,1165.61,1159.25,1175.86,1164.64,165895200
2021-03-26 00:00:00,1164.64,1143.08,1170.75,1167.19,172710300
2021-03-29 00:00:00,1167.19,1167.19,1182.06,1180.07,145667400
2021-03-30 00:00:00,1180.07,1175.9,1192.9,1190.86,217511900
2021-03-31 00:00:00,1190.86,1189.47,1203.18,1196.24,171904000
2021-04-01 00:00:00,1196.24,1196.24,1227.56,1226.16,222239500
2021-04-02 00:00:00,1226.16,1226.16,1243.67,1238.03,199249300
2021-04-05 00:00:00,1238.03,1238.03,1256.12,1249.9,219162300
2021-04-06 00:00:00,1249.9,1245.16,1260.35,1255.36,222982600
2021-04-07 00:00:00,1255.36,1248.15,1257.77,1257.77,213314200
2021-04-08 00:00:00,1257.77,1249.45,1263.03,1251.81,161341700
2021-04-09 00:00:00,1251.81,1245.26,1256.06,1253.26,173791500
2021-04-12 00:00:00,1253.26,1253.26,1279.52,1278.19,267960600
2021-04-13 00:00:00,1278.19,1276.74,1298.78,1277.35,255773400
2021-04-14 00:00:00,1277.35,1263.89,1290.77,1290.77,207521100
2021-04-15 00:00:00,1290.77,1283.98,1300.84,1284.2,236678100
2021-04-16 00:00:00,1284.2,1262.52,1291.37,1276.87,247667200
2021-04-19 00:00:00,1276.87,1271.52,1306.22,1306.22,210596900
2021-04-20 00:00:00,1306.22,1303.68,1331.56,1312.68,244920500
2021-04-22 00:00:00,1312.68,1271.53,1317.5,1271.53,232535000
2021-04-23 00:00:00,1271.53,1262.89,1301.39,1301.39,245629900
2021-04-26 00:00:00,1301.39,1269.78,1305.73,1275.04,216946500
2021-04-27 00:00:00,1275.04,1264.57,1283.95,1283.81,171780800
2021-04-28 00:00:00,1283.81,1280.54,1296.48,1294.06,206895500
2021-04-29 00:00:00,1294.06,1294.06,1312.62,1312.28,242336900
2021-05-04 00:00:00,1312.28,1285.9,1329.18,1328.03,274202700
2021-05-05 00:00:00,1328.03,1328.03,1360.76,1346.89,274663200
2021-05-06 00:00:00,1346.89,1337.28,1352.57,1344.64,226859700
2021-05-07 00:00:00,1344.64,1329.51,1347.8,1340.73,291435700
2021-05-10 00:00:00,1340.73,1335.39,1371.51,1370.66,302727000
2021-05-11 00:00:00,1370.66,1359.19,1382.06,1359.19,262049600
2021-05-12 00:00:00,1359.19,1350.8,1380.23,1380.17,264230000
2021-05-13 00:00:00,1380.17,1370.18,1385.72,1370.18,271897300
2021-05-14 00:00:00,1370.18,1370.14,1386.09,1380.02,251133900
2021-05-17 00:00:00,1380.02,1371.22,1391.89,1371.36,254610700
2021-05-18 00:00:00,1371.36,1367.85,1381.36,1378.59,252829000
2021-05-19 00:00:00,1378.59,1378.43,1402.45,1401.71,279667100
2021-05-20 00:00:00,1401.71,1396.23,1424.92,1424.92,270201500
2021-05-21 00:00:00,1424.92,1412.78,1433.01,1425.04,267790400
2021-05-24 00:00:00,1425.04,1421.17,1433.59,1430.48,256209400
2021-05-25 00:00:00,1430.48,1427.56,1445.6,1444.01,209778800
2021-05-26 00:00:00,1444.01,1440.6,1456.55,1455.11,233969200
2021-05-27 00:00:00,1455.11,1433.76,1457.46,1437.38,264785900
2021-05-28 00:00:00,1437.38,1433.55,1460.68,1458.78,300175000
2021-05-31 00:00:00,1458.78,1449.66,1475.09,1474.78,293022200
2021-06-01 00:00:00,1474.78,1473.28,1496.55,1482.92,255910200
2021-06-02 00:00:00,1482.92,1469.49,1488.93,1478.85,277182000
2021-06-03 00:00:00,1478.85,1478.85,1506.27,1504.37,318348000
2021-06-04 00:00:00,1504.37,1496.36,1509.38,1508.35,336486800
2021-06-07 00:00:00,1508.35,1472.1,1508.65,1484.1,309807000
2021-06-08 00:00:00,1484.1,1436.72,1493.36,1438.97,328466400
2021-06-09 00:00:00,1438.97,1426.04,1465.93,1457.76,279949900
2021-06-10 00:00:00,1457.76,1443.74,1464.4,1451.18,253444200
2021-06-11 00:00:00,1451.18,1448.46,1489.95,1487.61,264960500
2021-06-14 00:00:00,1487.61,1483.82,1504.32,1495.51,249571500
2021-06-15 00:00:00,1495.51,1481.03,1498.75,1487.04,239018700
2021-06-16 00:00:00,1487.04,1462.99,1487.68,1465.58,241627222
2021-06-17 00:00:00,1465.58,1452.53,1468.87,1461.91,211574000
2021-06-18 00:00:00,1461.91,1461.91,1484.89,1481.3,198662900
2021-06-21 00:00:00,1481.3,1473.11,1486.12,1478.29,205148100
2021-06-22 00:00:00,1478.29,1478.29,1498.12,1489.24,211641600
2021-06-23 00:00:00,1489.24,1485.13,1502.79,1489.53,197836400
2021-06-24 00:00:00,1489.53,1482.38,1497.92,1486.96,175257700
2021-06-25 00:00:00,1486.96,1480.64,1500.94,1500.3,180213400
2021-06-28 00:00:00,1500.3,1500.3,1523.58,1521.41,215306300
2021-06-29 00:00:00,1521.41,1521.41,1536.96,1529.97,203545700
2021-06-30 00:00:00,1529.97,1528.1,1540.9,1529.0,192676300
2021-07-01 00:00:00,1529.09,1525.24,1545.14,1545.14,253521100
2021-07-02 00:00:00,1545.14,1545.14,1558.45,1554.59,242776200
2021-07-05 00:00:00,1559.94,1533.18,1560.44,1557.41,309397900
2021-07-06 00:00:00,1557.92,1488.42,1565.29,1488.42,298837000
2021-07-07 00:00:00,1501.44,1472.81,1538.77,1538.77,306583400
2021-07-08 00:00:00,1530.4,1509.9,1536.51,1521.21,218880200
2021-07-09 00:00:00,1510.0,1480.6,1526.35,1494.43,287668400
2021-07-12 00:00:00,1488.29,1406.14,1495.92,1443.1,412553600
2021-07-13 00:00:00,1454.56,1419.09,1457.05,1440.87,174503600
2021-07-14 00:00:00,1442.2,1395.16,1446.13,1410.3,215228900
2021-07-15 00:00:00,1402.36,1402.36,1441.57,1430.29,189776500
2021-07-16 00:00:00,1439.96,1433.16,1446.36,1438.05,152452100
2021-07-19 00:00:00,1403.96,1367.61,1412.7,1374.15,268708600
2021-07-20 00:00:00,1379.41,1357.31,1411.02,1411.02,221511500
2021-07-21 00:00:00,1415.71,1402.42,1422.8,1406.54,149343500
2021-07-22 00:00:00,1404.49,1400.2,1432.43,1428.48,162697100
2021-07-23 00:00:00,1422.07,1401.53,1430.43,1401.53,235469400
2021-07-26 00:00:00,1397.01,1384.87,1409.94,1403.96,152848200
2021-07-27 00:00:00,1415.5,1408.8,1423.3,1409.85,190307000
2021-07-28 00:00:00,1406.25,1402.6,1415.39,1407.5,120700100
2021-07-29 00:00:00,1419.55,1413.59,1427.55,1427.55,166489800
2021-07-30 00:00:00,1430.48,1428.85,1451.45,1447.23,224343000
2021-08-02 00:00:00,1443.6,1438.35,1457.89,1448.21,198500500
2021-08-03 00:00:00,1449.97,1449.33,1469.87,1469.87,225709900
2021-08-04 00:00:00,1476.82,1465.66,1480.28,1472.2,218545200
2021-08-05 00:00:00,1469.13,1465.1,1488.79,1486.46,193618800
2021-08-06 00:00:00,1488.11,1476.79,1491.52,1476.79,211700400
2021-08-09 00:00:00,1472.78,1467.32,1499.9,1497.83,206115700
2021-08-10 00:00:00,1506.5,1490.0,1508.92,1494.41,185390800
2021-08-11 00:00:00,1497.13,1487.91,1506.8,1487.91,245343900
2021-08-12 00:00:00,1487.1,1477.06,1493.69,1477.06,184219700
2021-08-13 00:00:00,1477.72,1463.48,1484.67,1484.25,207219000
2021-08-16 00:00:00,1490.7,1487.52,1504.03,1500.77,258600300
2021-08-17 00:00:00,1508.41,1488.74,1512.27,1494.12,217175800
2021-08-18 00:00:00,1493.12,1484.26,1500.17,1489.54,192677500
2021-08-19 00:00:00,1489.74,1479.6,1505.01,1505.01,206497700
2021-08-20 00:00:00,1495.67,1436.24,1497.03,1450.45,348767300
2021-08-23 00:00:00,1443.67,1412.0,1446.73,1412.0,250637200
2021-08-24 00:00:00,1415.71,1406.94,1423.46,1418.26,203685300
2021-08-25 00:00:00,1420.74,1411.07,1430.58,1428.51,153263700
2021-08-26 00:00:00,1432.37,1408.08,1433.67,1412.45,152194200
2021-08-27 00:00:00,1403.99,1391.88,1418.57,1418.57,202511100
2021-08-30 00:00:00,1427.48,1420.77,1434.25,1431.05,154142100
2021-08-31 00:00:00,1435.52,1425.71,1437.38,1428.66,152484200
2021-09-01 00:00:00,1425.35,1423.08,1434.35,1426.94,176638100
2021-09-06 00:00:00,1433.71,1426.94,1441.92,1441.54,208734600
2021-09-07 00:00:00,1446.0,1441.69,1454.82,1444.1,205271300
2021-09-08 00:00:00,1447.43,1431.38,1447.85,1433.71,152206200
2021-09-09 00:00:00,1432.84,1431.55,1449.16,1447.28,166188800
2021-09-10 00:00:00,1451.78,1447.44,1453.81,1448.33,139146600
2021-09-13 00:00:00,1450.0,1444.71,1454.72,1444.99,162870500
2021-09-14 00:00:00,1444.99,1436.98,1448.71,1438.16,148168200
2021-09-15 00:00:00,1433.9,1432.76,1447.64,1444.85,130108600
2021-09-16 00:00:00,1452.9,1442.77,1454.23,1448.98,134634300
2021-09-17 00:00:00,1452.31,1451.38,1459.94,1455.59,188921000
2021-09-20 00:00:00,1468.11,1454.95,1474.66,1458.66,180834700
2021-09-21 00:00:00,1444.75,1433.77,1455.71,1446.22,167219900
2021-09-22 00:00:00,1449.44,1440.02,1454.19,1453.22,122875100
2021-09-23 00:00:00,1456.46,1453.02,1466.0,1458.23,138284900
2021-09-24 00:00:00,1460.63,1456.89,1464.12,1459.94,141119100
2021-09-27 00:00:00,1462.86,1439.2,1464.5,1439.2,148690000
2021-09-28 00:00:00,1433.7,1430.89,1454.79,1451.12,141163200
2021-09-29 00:00:00,1450.73,1440.55,1453.66,1450.52,169808300
2021-09-30 00:00:00,1452.76,1452.55,1461.94,1453.76,118787000
2021-10-01 00:00:00,1450.9,1438.52,1453.24,1441.83,188812300
2021-10-04 00:00:00,1442.87,1434.72,1446.78,1443.61,220195000
2021-10-05 00:00:00,1446.77,1444.49,1456.37,1456.21,152940400
2021-10-06 00:00:00,1461.98,1453.78,1461.98,1461.72,157608000
2021-10-07 00:00:00,1467.95,1460.87,1469.02,1462.74,142851700
2021-10-08 00:00:00,1466.78,1463.07,1476.54,1476.54,137767900
2021-10-11 00:00:00,1481.29,1480.31,1511.21,1510.27,211043700
2021-10-12 00:00:00,1514.78,1504.24,1517.21,1509.57,162655700
2021-10-13 00:00:00,1512.73,1502.19,1519.11,1505.55,137277800
2021-10-14 00:00:00,1504.85,1498.21,1511.14,1503.38,159952700
2021-10-15 00:00:00,1508.37,1499.7,1512.61,1504.84,151731800
2021-10-18 00:00:00,1508.88,1505.39,1517.7,1510.49,167733700
2021-10-19 00:00:00,1512.1,1503.89,1513.83,1507.19,142509300
2021-10-20 00:00:00,1510.38,1486.26,1516.74,1505.03,182022000
2021-10-21 00:00:00,1509.05,1489.26,1510.2,1489.26,166371200
2021-10-22 00:00:00,1494.89,1486.57,1498.25,1488.71,127282900
2021-10-25 00:00:00,1492.35,1476.97,1492.35,1476.97,202649000
2021-10-26 00:00:00,1474.36,1467.02,1483.65,1482.62,143685900
2021-10-27 00:00:00,1487.45,1485.12,1516.46,1516.46,201353000
2021-10-28 00:00:00,1522.11,1513.12,1530.77,1529.26,190779100
2021-10-29 00:00:00,1529.42,1525.73,1533.86,1532.35,197579000
2021-11-01 00:00:00,1534.17,1513.98,1534.88,1516.75,252416300
2021-11-02 00:00:00,1514.91,1514.75,1522.9,1521.35,186412200
2021-11-03 00:00:00,1526.38,1521.94,1537.59,1530.65,324556200
2021-11-04 00:00:00,1531.92,1524.54,1535.9,1528.21,173097200
2021-11-05 00:00:00,1531.35,1523.16,1536.47,1531.76,156544900
2021-11-08 00:00:00,1535.83,1528.71,1541.83,1535.66,219015500
2021-11-09 00:00:00,1539.73,1524.36,1542.75,1527.13,210505900
2021-11-10 00:00:00,1530.69,1518.89,1531.7,1523.79,204461200
2021-11-11 00:00:00,1524.52,1503.77,1526.72,1514.36,258427300
2021-11-12 00:00:00,1514.96,1504.52,1529.03,1527.94,152556600
2021-11-15 00:00:00,1534.31,1521.94,1534.44,1528.68,232161500
2021-11-16 00:00:00,1526.11,1513.5,1530.32,1517.22,214948000
2021-11-17 00:00:00,1517.67,1513.65,1522.5,1519.58,165538300
2021-11-18 00:00:00,1522.39,1503.42,1523.19,1503.42,256828300
2021-11-19 00:00:00,1508.52,1486.59,1521.63,1500.05,322630600
2021-11-22 00:00:00,1506.38,1502.25,1530.43,1517.04,274789700
2021-11-23 00:00:00,1518.39,1513.23,1533.12,1533.12,173026700
2021-11-24 00:00:00,1534.87,1530.61,1567.77,1565.29,371792500
2021-11-25 00:00:00,1573.29,1567.67,1579.56,1572.46,255689400
2021-11-26 00:00:00,1576.74,1564.39,1587.0,1566.55,286506800
2021-11-29 00:00:00,1541.22,1541.22,1558.86,1553.04,270835200
2021-11-30 00:00:00,1567.44,1531.82,1568.09,1537.59,254246000
2021-12-01 00:00:00,1536.67,1531.2,1549.81,1549.81,183018700
2021-12-02 00:00:00,1553.21,1540.88,1555.49,1540.88,155692100
2021-12-03 00:00:00,1551.37,1503.98,1551.97,1503.98,237844400
2021-12-06 00:00:00,1507.45,1464.91,1515.47,1480.92,264304900
2021-12-07 00:00:00,1493.07,1488.13,1512.62,1512.62,167560600
2021-12-08 00:00:00,1515.59,1508.69,1523.95,1516.16,176054000
2021-12-09 00:00:00,1509.4,1509.4,1529.61,1529.61,141320100
2021-12-10 00:00:00,1529.43,1517.59,1533.23,1519.46,172565800
2021-12-13 00:00:00,1523.26,1517.98,1526.53,1520.8,166213200
2021-12-14 00:00:00,1518.39,1513.14,1529.93,1516.44,170665700
2021-12-15 00:00:00,1516.98,1512.05,1525.14,1519.42,150689400
2021-12-16 00:00:00,1525.33,1501.41,1526.75,1510.17,187576000
2021-12-17 00:00:00,1514.81,1510.17,1520.97,1513.56,220350000
2021-12-20 00:00:00,1517.08,1509.54,1521.62,1513.6,180132400
2021-12-21 00:00:00,1512.65,1507.89,1517.69,1511.48,175784000
2021-12-22 00:00:00,1516.05,1498.96,1519.74,1504.12,220183200
2021-12-23 00:00:00,1505.75,1470.94,1506.43,1477.37,241493800
2021-12-24 00:00:00,1485.95,1477.37,1507.48,1506.67,197961200
2021-12-27 00:00:00,1516.9,1500.31,1517.45,1514.55,134565900
2021-12-28 00:00:00,1520.42,1509.58,1523.54,1523.54,189418700
2021-12-29 00:00:00,1526.94,1515.94,1528.9,1515.94,154782700
2021-12-30 00:00:00,1521.29,1515.75,1526.2,1519.62,145697200
2021-12-31 00:00:00,1524.19,1519.62,1537.32,1535.71,183408500
2022-01-04 00:00:00,1544.48,1535.71,1562.54,1558.87,207489800
2022-01-05 00:00:00,1559.33,1546.01,1562.93,1546.01,222221200
2022-01-06 00:00:00,1541.65,1541.19,1554.97,1544.95,231961100
2022-01-07 00:00:00,1549.43,1532.24,1550.47,1532.24,200626600
2022-01-10 00:00:00,1533.32,1514.7,1537.71,1514.7,200034100
2022-01-11 00:00:00,1517.1,1497.78,1519.84,1499.74,187023400
2022-01-12 00:00:00,1500.3,1484.93,1530.04,1530.04,282093000
2022-01-13 00:00:00,1538.77,1524.66,1548.49,1526.43,308816900
2022-01-14 00:00:00,1513.78,1513.17,1530.2,1523.57,135949400
2022-01-17 00:00:00,1525.78,1478.61,1529.28,1478.61,290137800
2022-01-18 00:00:00,1477.91,1464.41,1489.13,1477.06,214017600
2022-01-19 00:00:00,1485.26,1475.06,1491.0,1482.55,142261000
2022-01-20 00:00:00,1479.79,1474.67,1499.47,1492.81,163721300
2022-01-21 00:00:00,1497.04,1492.21,1508.65,1502.16,218982600
2022-01-24 00:00:00,1496.44,1465.76,1502.16,1471.31,243478300
2022-01-25 00:00:00,1472.11,1466.07,1516.16,1516.16,191549000
2022-01-26 00:00:00,1523.78,1516.16,1533.61,1525.31,236863500
2022-01-27 00:00:00,1519.27,1507.26,1528.81,1516.57,158584300
2022-01-28 00:00:00,1518.77,1515.85,1535.57,1532.24,194567300
2022-02-07 00:00:00,1547.0,1532.24,1555.01,1541.25,182867100
2022-02-08 00:00:00,1541.36,1537.16,1555.01,1550.46,218959100
2022-02-09 00:00:00,1554.59,1550.46,1570.32,1552.44,230550700
2022-02-10 00:00:00,1554.98,1536.02,1557.89,1548.95,225002900
2022-02-11 00:00:00,1544.76,1540.5,1549.37,1545.92,167675800
2022-02-14 00:00:00,1530.5,1505.07,1545.92,1505.07,254064100
2022-02-15 00:00:00,1508.25,1505.07,1530.04,1527.36,180952200
2022-02-16 00:00:00,1534.39,1517.52,1534.5,1521.47,122057100
2022-02-17 00:00:00,1521.37,1521.37,1540.51,1540.51,146568200
2022-02-18 00:00:00,1525.21,1523.88,1540.51,1531.47,155104600
2022-02-21 00:00:00,1530.65,1522.48,1537.56,1533.4,163183400
2022-02-22 00:00:00,1532.07,1510.07,1533.4,1532.36,223625500
2022-02-23 00:00:00,1536.6,1532.36,1547.19,1538.83,158142200
2022-02-24 00:00:00,1537.5,1503.22,1540.13,1522.04,275311400
2022-02-25 00:00:00,1531.97,1522.04,1540.13,1526.5,198105100
2022-02-28 00:00:00,1525.58,1512.45,1533.32,1517.18,193571200
2022-03-01 00:00:00,1521.44,1515.49,1525.0,1520.12,187030700
2022-03-02 00:00:00,1516.31,1495.16,1520.12,1498.61,291452900
2022-03-03 00:00:00,1507.53,1498.61,1522.49,1522.49,244078000
2022-03-04 00:00:00,1525.23,1519.97,1529.93,1525.34,220071600
2022-03-07 00:00:00,1525.34,1505.79,1525.34,1509.12,222534800
2022-03-08 00:00:00,1509.12,1486.68,1509.12,1490.17,222308000
2022-03-09 00:00:00,1493.96,1485.15,1497.75,1489.25,190158600
2022-03-10 00:00:00,1491.9,1489.25,1505.5,1490.24,148748300
2022-03-11 00:00:00,1487.92,1469.22,1490.83,1477.14,178186800
2022-03-14 00:00:00,1471.44,1454.34,1477.14,1461.1,177210100
2022-03-15 00:00:00,1461.4,1455.16,1469.52,1468.89,136415100
2022-03-16 00:00:00,1475.17,1467.95,1478.42,1472.69,106836400
2022-03-17 00:00:00,1480.32,1469.92,1480.86,1469.92,109378100
2022-03-18 00:00:00,1474.02,1474.02,1482.96,1476.94,148418800
2022-03-21 00:00:00,1480.29,1476.94,1502.67,1502.67,124702300
2022-03-22 00:00:00,1507.38,1506.1,1516.7,1513.4,155225300
2022-03-23 00:00:00,1514.65,1505.59,1519.58,1505.59,132331300
2022-03-24 00:00:00,1506.42,1496.96,1506.79,1497.44,115640400
2022-03-25 00:00:00,1499.34,1494.28,1503.18,1498.36,109442400
2022-03-28 00:00:00,1493.12,1477.72,1497.06,1484.16,177240800
2022-03-29 00:00:00,1488.62,1488.62,1501.05,1500.57,110331000
2022-03-30 00:00:00,1498.06,1496.59,1513.91,1500.23,163897200
2022-03-31 00:00:00,1502.38,1500.67,1512.47,1508.53,121691400
2022-04-01 00:00:00,1508.56,1506.11,1542.47,1542.47,195611900
2022-04-04 00:00:00,1557.34,1546.46,1558.98,1548.04,160184300
2022-04-05 00:00:00,1544.34,1539.2,1549.77,1539.2,125174200
2022-04-06 00:00:00,1532.16,1529.23,1558.41,1557.11,203573500
2022-04-07 00:00:00,1561.14,1541.96,1566.09,1541.96,198966000
2022-04-08 00:00:00,1544.3,1524.31,1547.6,1524.31,156336400
2022-04-12 00:00:00,1530.3,1506.41,1532.03,1507.2,152481700
2022-04-13 00:00:00,1512.37,1506.45,1526.44,1525.39,143871600
2022-04-14 00:00:00,1528.5,1517.07,1534.28,1518.01,119609300
2022-04-15 00:00:00,1514.89,1491.26,1518.85,1493.74,181765300
2022-04-18 00:00:00,1493.17,1466.73,1493.24,1468.25,194441900
2022-04-19 00:00:00,1471.72,1440.61,1478.5,1440.61,156620100
2022-04-20 00:00:00,1440.9,1434.87,1453.81,1435.5,150221600
2022-04-21 00:00:00,1429.05,1422.7,1452.41,1426.87,172358900
2022-04-22 00:00:00,1439.32,1419.05,1455.15,1444.32,150755100
2022-04-25 00:00:00,1444.79,1356.36,1445.62,1366.39,202426300
2022-04-26 00:00:00,1347.83,1318.5,1397.43,1396.9,181776700
2022-04-27 00:00:00,1385.37,1362.87,1407.7,1402.03,108117400
2022-04-28 00:00:00,1400.27,1392.24,1407.82,1400.88,91674500
2022-04-29 00:00:00,1397.8,1394.17,1417.31,1417.31,128034900
2022-05-04 00:00:00,1415.43,1389.59,1415.45,1389.59,114189600
2022-05-05 00:00:00,1402.6,1373.42,1405.43,1404.88,122134200
2022-05-06 00:00:00,1380.01,1371.0,1394.29,1373.21,129906600
2022-05-09 00:00:00,1359.71,1308.34,1360.64,1314.04,200878800
2022-05-10 00:00:00,1296.77,1285.67,1345.46,1345.46,157234400
2022-05-11 00:00:00,1344.14,1324.2,1355.11,1349.82,94773600
2022-05-12 00:00:00,1337.01,1279.48,1339.25,1279.76,163224300
2022-05-13 00:00:00,1280.92,1219.52,1284.94,1223.76,237555200
2022-05-16 00:00:00,1254.14,1214.29,1258.25,1215.08,172770300
2022-05-17 00:00:00,1212.17,1203.51,1279.55,1279.55,161817400
2022-05-18 00:00:00,1289.5,1268.13,1298.69,1286.41,159937700
2022-05-19 00:00:00,1259.59,1255.63,1291.49,1283.55,130077200
2022-05-20 00:00:00,1284.34,1273.4,1296.0,1282.51,110100400
2022-05-23 00:00:00,1287.49,1245.41,1287.65,1255.35,139331100
2022-05-24 00:00:00,1256.74,1242.36,1272.71,1272.71,146366400
2022-05-25 00:00:00,1276.05,1273.29,1311.32,1310.7,172697800
2022-05-26 00:00:00,1315.14,1304.59,1319.21,1309.5,127930000
2022-05-27 00:00:00,1311.78,1310.64,1336.99,1335.68,139406400
2022-05-30 00:00:00,1340.24,1329.38,1342.87,1342.87,121531100
2022-05-31 00:00:00,1334.91,1324.46,1337.95,1332.59,127915900
2022-06-01 00:00:00,1329.02,1323.07,1341.47,1335.49,127582100
2022-06-02 00:00:00,1338.98,1319.85,1342.47,1325.49,133902700
2022-06-03 00:00:00,1322.45,1313.4,1329.9,1327.4,100179800
2022-06-06 00:00:00,1328.73,1320.97,1336.96,1327.04,132834400
2022-06-07 00:00:00,1323.19,1297.98,1324.37,1324.37,153980900
2022-06-08 00:00:00,1342.03,1337.16,1348.4,1342.03,163072000
2022-06-09 00:00:00,1344.88,1335.28,1346.13,1342.92,126600400
2022-06-10 00:00:00,1332.93,1325.69,1344.85,1325.69,136585200
2022-06-13 00:00:00,1295.26,1260.85,1300.45,1260.85,199019600
2022-06-14 00:00:00,1247.39,1245.26,1271.28,1261.16,145640500
2022-06-15 00:00:00,1263.63,1231.12,1268.33,1253.09,167431200
2022-06-16 00:00:00,1266.87,1263.56,1292.02,1280.37,156455300
2022-06-17 00:00:00,1254.63,1229.74,1259.39,1258.03,187300200
2022-06-20 00:00:00,1258.6,1223.03,1262.83,1225.56,168768300
2022-06-21 00:00:00,1220.76,1212.69,1240.8,1224.54,172801800
2022-06-22 00:00:00,1233.28,1222.86,1242.06,1227.18,142695000
2022-06-23 00:00:00,1219.4,1219.08,1240.58,1240.58,105240000
2022-06-24 00:00:00,1239.64,1234.72,1246.22,1235.47,90437000
2022-06-27 00:00:00,1238.23,1237.79,1256.67,1256.67,110597100
2022-06-28 00:00:00,1254.35,1249.57,1276.21,1273.41,151571400
2022-06-29 00:00:00,1259.57,1259.41,1274.73,1273.4,113295900
2022-06-30 00:00:00,1272.21,1248.92,1276.23,1248.92,118013500
2022-07-01 00:00:00,1247.7,1225.64,1255.67,1252.24,118891000
2022-07-04 00:00:00,1258.57,1244.5,1260.72,1248.37,112840000
2022-07-05 00:00:00,1252.45,1239.8,1256.47,1242.05,162030600
2022-07-06 00:00:00,1229.94,1211.94,1239.55,1211.94,131179800
2022-07-07 00:00:00,1212.91,1209.97,1229.23,1229.23,98638500
2022-07-08 00:00:00,1235.99,1225.04,1236.85,1231.54,115987500
2022-07-11 00:00:00,1218.6,1200.15,1222.44,1209.02,131002300
2022-07-12 00:00:00,1208.06,1204.84,1219.44,1219.44,88675600
2022-07-13 00:00:00,1216.83,1213.41,1225.85,1216.94,117179900
2022-07-14 00:00:00,1213.73,1211.14,1224.01,1221.94,106757900
2022-07-15 00:00:00,1224.33,1217.21,1228.48,1220.14,147665700
2022-07-18 00:00:00,1225.4,1213.28,1225.69,1214.28,104038500
2022-07-19 00:00:00,1213.09,1204.61,1213.64,1207.33,66161600
2022-07-20 00:00:00,1221.16,1217.45,1229.62,1225.62,123377500
2022-07-21 00:00:00,1227.4,1226.88,1240.91,1235.25,127715400
2022-07-22 00:00:00,1236.91,1228.84,1241.65,1228.84,106142000
2022-07-25 00:00:00,1224.25,1219.61,1231.84,1222.6,94341400
2022-07-26 00:00:00,1221.43,1218.11,1227.1,1218.49,93438000
2022-07-27 00:00:00,1213.69,1211.42,1219.43,1219.43,95584100
2022-07-28 00:00:00,1228.73,1226.95,1240.65,1236.14,180062100
2022-07-29 00:00:00,1242.82,1232.0,1242.85,1232.0,142294000
2022-08-01 00:00:00,1233.85,1233.64,1256.25,1256.25,175842500
2022-08-02 00:00:00,1256.27,1248.97,1266.14,1265.97,172175300
2022-08-03 00:00:00,1259.47,1256.39,1271.39,1269.83,184352300
2022-08-04 00:00:00,1273.71,1270.66,1281.46,1277.73,164088200
2022-08-05 00:00:00,1274.45,1265.93,1276.19,1272.06,172672400
2022-08-08 00:00:00,1270.47,1270.13,1280.13,1276.7,141948100
2022-08-09 00:00:00,1281.38,1275.12,1285.52,1281.44,161794800
2022-08-10 00:00:00,1279.58,1276.07,1283.06,1277.15,117050500
2022-08-11 00:00:00,1287.13,1267.04,1289.29,1272.33,175275100
2022-08-12 00:00:00,1271.39,1267.14,1280.96,1280.96,113933600
2022-08-15 00:00:00,1287.13,1285.02,1294.11,1293.79,149048700
2022-08-16 00:00:00,1293.77,1290.52,1297.38,1295.1,155261200
2022-08-17 00:00:00,1297.25,1296.58,1304.49,1300.4,146611100
2022-08-18 00:00:00,1299.09,1295.54,1311.73,1299.93,162054000
2022-08-19 00:00:00,1298.41,1289.57,1303.73,1294.93,154225000
2022-08-22 00:00:00,1292.35,1281.96,1295.69,1285.45,128864900
2022-08-23 00:00:00,1276.09,1275.57,1292.0,1292.0,130485700
2022-08-24 00:00:00,1295.03,1291.96,1300.4,1296.41,113650300
2022-08-25 00:00:00,1300.4,1300.06,1311.55,1311.55,127468800
2022-08-26 00:00:00,1315.01,1304.68,1320.16,1306.81,152914600
2022-08-29 00:00:00,1289.42,1275.4,1293.29,1293.25,174325400
2022-08-30 00:00:00,1297.01,1294.37,1307.12,1298.14,112858600
2022-08-31 00:00:00,1295.25,1294.34,1306.45,1301.44,103562800
2022-09-05 00:00:00,1300.38,1294.44,1305.62,1298.15,110009200
2022-09-06 00:00:00,1298.74,1296.58,1305.9,1299.06,121911600
2022-09-07 00:00:00,1297.31,1268.95,1298.17,1268.95,187243100
2022-09-08 00:00:00,1277.41,1265.57,1279.34,1265.57,124239300
2022-09-09 00:00:00,1273.37,1259.35,1275.64,1275.64,161748700
2022-09-12 00:00:00,1281.24,1275.45,1285.17,1275.6,100037700
2022-09-13 00:00:00,1277.48,1271.22,1279.55,1272.48,94065400
2022-09-14 00:00:00,1254.44,1250.98,1262.8,1260.88,142289600
2022-09-15 00:00:00,1267.24,1260.51,1269.54,1262.82,101057100
2022-09-16 00:00:00,1260.34,1248.13,1263.97,1254.86,77523300
2022-09-19 00:00:00,1250.84,1225.18,1253.45,1229.88,152498300
2022-09-20 00:00:00,1235.93,1224.96,1241.07,1241.07,94432100
2022-09-21 00:00:00,1236.05,1223.02,1236.05,1228.2,76490900
2022-09-22 00:00:00,1218.13,1210.65,1229.26,1228.94,98659200
2022-09-23 00:00:00,1225.68,1213.74,1230.72,1215.41,88494000
2022-09-26 00:00:00,1199.1,1172.37,1201.89,1187.22,175236400
2022-09-27 00:00:00,1190.13,1181.43,1193.79,1182.46,85342600
2022-09-28 00:00:00,1175.44,1160.66,1177.58,1160.66,92268300
2022-09-29 00:00:00,1175.48,1147.44,1177.21,1147.44,88046900
2022-09-30 00:00:00,1140.1,1128.57,1158.2,1152.01,154777200
2022-10-03 00:00:00,1141.87,1094.49,1144.95,1102.0,159888000
2022-10-04 00:00:00,1113.29,1088.41,1117.87,1097.72,147867000
2022-10-05 00:00:00,1115.08,1112.26,1128.94,1117.38,114403700
2022-10-06 00:00:00,1117.7,1079.75,1119.76,1081.36,141259300
2022-10-07 00:00:00,1067.03,1027.64,1067.03,1039.54,261705900
2022-10-10 00:00:00,1020.88,1011.44,1052.24,1038.93,178313500
2022-10-11 00:00:00,1030.79,987.27,1030.79,1001.68,200927800
2022-10-12 00:00:00,1004.21,999.0,1039.33,1034.93,150966500
2022-10-13 00:00:00,1034.66,1020.97,1051.24,1051.24,127128600
2022-10-14 00:00:00,1069.34,1054.82,1070.3,1061.39,148450300
2022-10-17 00:00:00,1051.21,1028.34,1051.42,1047.2,117602900
2022-10-18 00:00:00,1061.06,1051.85,1068.9,1059.06,120839700
2022-10-19 00:00:00,1060.84,1044.69,1062.27,1053.65,102622000
2022-10-20 00:00:00,1049.89,1041.08,1060.79,1053.26,113705500
2022-10-21 00:00:00,1055.29,1002.09,1055.29,1010.57,193757000
2022-10-24 00:00:00,1011.54,961.79,1013.24,993.5,38499800
2022-10-25 00:00:00,972.77,950.19,1006.69,970.32,7850100
2022-10-26 00:00:00,995.67,979.4,999.59,980.44,39043900
2022-10-27 00:00:00,992.95,986.54,1028.5,1028.5,159809500
2022-10-28 00:00:00,1036.48,1024.74,1046.04,1029.49,147687400
2022-10-31 00:00:00,1028.66,999.47,1031.66,1026.84,188840700
2022-11-01 00:00:00,1035.94,1029.11,1049.77,1038.09,243894300
2022-11-02 00:00:00,1038.03,1020.48,1039.42,1025.18,167911600
2022-11-03 00:00:00,1012.9,1010.57,1029.53,1023.8,120449100
2022-11-04 00:00:00,1006.73,971.72,1009.0,997.92,256472300
2022-11-07 00:00:00,991.87,968.84,999.43,972.85,179097800
2022-11-08 00:00:00,957.88,950.81,981.51,980.09,185773700
2022-11-09 00:00:00,981.91,969.19,993.28,979.68,166478600
2022-11-10 00:00:00,968.88,925.02,968.88,936.8,252587000
2022-11-11 00:00:00,946.68,941.84,963.55,948.86,213492300
2022-11-14 00:00:00,933.45,913.5,941.17,936.31,211967900
2022-11-15 00:00:00,924.42,893.49,927.37,904.77,218103000
2022-11-16 00:00:00,869.85,863.31,942.56,940.29,249949000
2022-11-17 00:00:00,952.34,948.79,975.42,971.04,184689400
2022-11-18 00:00:00,966.14,941.18,977.19,971.2,264087200
2022-11-21 00:00:00,969.79,951.62,972.15,956.89,132087900
2022-11-22 00:00:00,947.65,941.85,985.18,945.54,368681000
2022-11-23 00:00:00,939.4,933.26,951.86,938.73,154603600
2022-11-24 00:00:00,931.62,925.55,941.69,940.76,136323900
2022-11-25 00:00:00,950.1,947.56,967.49,967.49,170888500
2022-11-28 00:00:00,974.42,974.23,1006.06,1004.34,398075900
2022-11-29 00:00:00,1008.89,995.12,1029.04,1029.04,366388700
2022-11-30 00:00:00,1034.15,1018.59,1049.21,1049.21,264696800
2022-12-01 00:00:00,1060.04,1040.95,1073.32,1042.64,434444200
2022-12-02 00:00:00,1037.93,1037.08,1092.99,1092.99,331170900
2022-12-05 00:00:00,1105.1,1100.53,1120.56,1110.94,375073300
2022-12-06 00:00:00,1107.44,1054.06,1108.69,1054.06,405650300
2022-12-07 00:00:00,1051.55,1037.15,1064.73,1047.58,242093400
2022-12-08 00:00:00,1065.59,1055.63,1093.64,1062.73,304556000
2022-12-09 00:00:00,1069.63,1051.62,1076.67,1065.08,236860100
2022-12-12 00:00:00,1071.23,1037.42,1073.44,1037.42,219916600
2022-12-13 00:00:00,1039.28,1028.37,1056.43,1056.43,241921600
2022-12-14 00:00:00,1071.02,1052.25,1071.02,1056.17,192525100
2022-12-15 00:00:00,1055.49,1055.49,1076.03,1068.08,248619400
2022-12-16 00:00:00,1061.58,1058.88,1077.27,1064.07,249610500
2022-12-19 00:00:00,1066.86,1050.22,1081.55,1050.22,258388700
2022-12-20 00:00:00,1046.69,1015.66,1049.39,1029.79,283476500
2022-12-21 00:00:00,1041.05,1011.9,1041.65,1033.1,212814200
2022-12-22 00:00:00,1039.88,1031.29,1048.84,1038.34,188500800
2022-12-23 00:00:00,1037.81,1022.51,1041.37,1034.13,129851000
2022-12-26 00:00:00,1032.42,987.77,1033.17,987.77,175227100
2022-12-27 00:00:00,988.87,985.67,1015.01,1007.36,153659700
2022-12-28 00:00:00,1008.44,997.12,1023.24,1013.95,123259200
2022-12-29 00:00:00,1011.83,1008.3,1022.15,1008.3,121025100
2022-12-30 00:00:00,1017.04,1005.19,1017.45,1005.19,95618200
2023-01-03 00:00:00,1010.52,1010.03,1047.25,1047.25,159603100
2023-01-04 00:00:00,1051.82,1046.61,1059.01,1050.15,172220100
2023-01-05 00:00:00,1052.42,1051.6,1065.99,1061.9,164272100
2023-01-06 00:00:00,1060.51,1053.29,1075.33,1057.4,192684700
2023-01-09 00:00:00,1064.87,1056.64,1068.77,1061.14,126305900
2023-01-10 00:00:00,1062.13,1052.09,1066.08,1060.53,126759300
2023-01-11 00:00:00,1065.92,1063.96,1076.22,1065.22,161506400
2023-01-12 00:00:00,1068.47,1059.52,1072.81,1066.24,113842100
2023-01-13 00:00:00,1071.51,1063.68,1077.45,1069.86,149047500
2023-01-16 00:00:00,1072.42,1066.78,1076.97,1075.71,126804200
2023-01-17 00:00:00,1081.15,1080.34,1103.73,1103.73,207937100
2023-01-18 00:00:00,1106.89,1104.98,1117.23,1115.72,152880900
2023-01-19 00:00:00,1110.5,1108.96,1126.12,1121.92,198680900
2023-01-27 00:00:00,1128.58,1125.12,1142.08,1130.65,166002800
2023-01-30 00:00:00,1132.91,1113.95,1132.97,1113.95,199040000
2023-01-31 00:00:00,1112.83,1098.65,1125.07,1125.07,197903400
2023-02-01 00:00:00,1128.14,1088.09,1130.2,1088.09,285537600
2023-02-02 00:00:00,1092.88,1082.97,1099.39,1093.48,164042900
2023-02-03 00:00:00,1094.05,1081.05,1095.87,1085.7,184371900
2023-02-06 00:00:00,1080.26,1073.44,1094.45,1094.37,144676700
2023-02-07 00:00:00,1093.4,1068.71,1096.93,1069.5,192814800
2023-02-08 00:00:00,1072.08,1064.93,1082.89,1073.38,154785200
2023-02-09 00:00:00,1070.64,1059.91,1076.48,1059.91,137746100
2023-02-10 00:00:00,1060.7,1048.13,1064.53,1048.74,112861800
2023-02-13 00:00:00,1044.51,1024.98,1045.6,1040.4,156780900
2023-02-14 00:00:00,1041.36,1030.51,1042.96,1034.93,110767700
2023-02-15 00:00:00,1032.6,1028.11,1048.85,1043.34,180543800
2023-02-16 00:00:00,1047.66,1040.01,1055.26,1055.26,122231200
2023-02-17 00:00:00,1055.19,1047.13,1057.59,1053.72,121132100
2023-02-20 00:00:00,1052.36,1052.36,1087.36,1087.36,190180000
2023-02-21 00:00:00,1090.37,1080.12,1096.35,1080.9,162726500
2023-02-22 00:00:00,1070.89,1051.08,1072.0,1051.08,185390800
2023-02-23 00:00:00,1049.89,1026.92,1050.95,1050.95,171905400
2023-02-24 00:00:00,1047.99,1027.16,1048.27,1030.42,95825600
2023-02-27 00:00:00,1019.75,1006.32,1022.26,1011.46,135197000
2023-02-28 00:00:00,1018.66,1009.18,1026.65,1014.96,89491700
2023-03-01 00:00:00,1008.16,1001.05,1034.43,1034.43,116920400
2023-03-02 00:00:00,1032.65,1025.13,1037.73,1028.73,89256500
2023-03-03 00:00:00,1029.29,1011.61,1033.71,1013.35,87583900
2023-03-06 00:00:00,1022.99,1014.26,1034.56,1014.26,116857200
2023-03-07 00:00:00,1025.37,1024.02,1037.97,1027.16,144462100
2023-03-08 00:00:00,1018.58,1017.87,1040.59,1040.59,141321700
2023-03-09 00:00:00,1042.11,1041.49,1056.56,1050.28,184273800
2023-03-10 00:00:00,1043.87,1039.59,1049.45,1047.2,128916400
2023-03-13 00:00:00,1042.64,1041.25,1053.64,1050.07,194875200
2023-03-14 00:00:00,1047.65,1032.51,1049.35,1037.35,168371200
2023-03-15 00:00:00,1051.44,1049.25,1064.65,1064.38,188587900
2023-03-16 00:00:00,1056.8,1039.89,1059.61,1046.99,149054800
2023-03-17 00:00:00,1053.29,1043.28,1055.2,1047.71,181681000
2023-03-20 00:00:00,1041.87,1021.67,1042.07,1024.5,145469200
2023-03-21 00:00:00,1031.49,1016.77,1036.18,1035.04,138383800
2023-03-22 00:00:00,1039.09,1035.04,1046.48,1043.14,138724000
2023-03-23 00:00:00,1038.27,1033.23,1046.6,1046.6,112085300
2023-03-24 00:00:00,1049.08,1047.46,1056.67,1051.42,157939400
2023-03-27 00:00:00,1053.2,1046.8,1059.65,1056.45,163098000
2023-03-28 00:00:00,1058.8,1055.81,1064.68,1058.82,188766000
2023-03-29 00:00:00,1059.36,1053.12,1061.45,1061.45,136523400
2023-03-30 00:00:00,1067.25,1065.52,1073.93,1067.24,182230700
2023-03-31 00:00:00,1067.78,1067.72,1078.15,1073.68,187272600
2023-04-03 00:00:00,1084.22,1082.11,1088.83,1088.72,231132900
2023-04-04 00:00:00,1090.01,1084.04,1091.13,1088.34,181857200
2023-04-05 00:00:00,1088.33,1082.73,1089.83,1089.83,193490600
2023-04-06 00:00:00,1091.33,1078.86,1093.99,1078.86,233206600
2023-04-07 00:00:00,1079.08,1071.6,1080.9,1078.88,139163100
2023-04-10 00:00:00,1082.71,1074.59,1087.6,1077.41,192683500
2023-04-11 00:00:00,1075.78,1067.28,1082.89,1081.71,179516400
2023-04-12 00:00:00,1083.15,1077.86,1084.26,1080.69,196534500
2023-04-13 00:00:00,1081.95,1072.11,1082.07,1074.67,156894000
2023-04-14 00:00:00,1078.23,1063.43,1079.87,1063.43,173433400
2023-04-17 00:00:00,1063.76,1058.55,1065.4,1065.02,96961600
2023-04-18 00:00:00,1067.23,1060.75,1068.54,1064.55,122124500
2023-04-19 00:00:00,1067.39,1055.77,1067.74,1056.14,140534200
2023-04-20 00:00:00,1056.81,1050.35,1057.82,1053.61,83437900
2023-04-21 00:00:00,1054.72,1045.78,1055.48,1046.18,147507300
2023-04-24 00:00:00,1049.29,1041.46,1054.0,1046.17,104497200
2023-04-25 00:00:00,1051.52,1036.93,1051.54,1037.04,121260900
2023-04-26 00:00:00,1036.66,1029.94,1045.24,1045.24,125179500
2023-04-27 00:00:00,1045.33,1040.32,1048.26,1041.54,105507800
2023-04-28 00:00:00,1045.41,1044.56,1051.43,1051.43,140090700
2023-05-04 00:00:00,1046.45,1038.23,1047.93,1039.64,126654000
2023-05-05 00:00:00,1038.61,1035.07,1042.11,1038.46,91875600
2023-05-08 00:00:00,1038.46,1038.46,1050.56,1049.72,147570400
2023-05-09 00:00:00,1051.37,1049.23,1054.49,1049.67,104914000
2023-05-10 00:00:00,1051.31,1048.6,1055.36,1054.99,124297100
2023-05-11 00:00:00,1057.61,1053.62,1061.48,1054.93,129126500
2023-05-12 00:00:00,1056.31,1051.75,1066.44,1066.44,168084800
2023-05-15 00:00:00,1075.44,1070.9,1080.72,1070.9,195775100
2023-05-16 00:00:00,1072.98,1066.92,1073.66,1069.64,126568900
2023-05-17 00:00:00,1070.0,1062.1,1073.87,1062.1,153740400
2023-05-18 00:00:00,1065.86,1063.08,1076.86,1070.76,146692200
2023-05-19 00:00:00,1072.36,1060.72,1072.77,1068.84,122547300
2023-05-22 00:00:00,1069.37,1068.55,1073.89,1073.74,141531300
2023-05-23 00:00:00,1075.98,1063.85,1076.89,1068.05,171213100
2023-05-24 00:00:00,1071.55,1060.83,1072.52,1061.55,155557400
2023-05-25 00:00:00,1061.28,1057.35,1064.24,1062.15,137266500
2023-05-26 00:00:00,1064.48,1060.14,1064.95,1060.81,110971200
2023-05-29 00:00:00,1063.85,1063.5,1070.97,1069.77,133472100
2023-05-30 00:00:00,1073.99,1066.98,1074.46,1071.82,169593000
2023-05-31 00:00:00,1072.95,1063.44,1074.3,1066.33,193467500
2023-06-01 00:00:00,1064.77,1060.29,1068.09,1068.09,162835700
2023-06-02 00:00:00,1074.36,1073.95,1089.22,1086.96,263652700
2023-06-05 00:00:00,1097.88,1090.52,1100.37,1091.08,215247800
2023-06-06 00:00:00,1093.26,1090.95,1102.32,1102.32,198431300
2023-06-07 00:00:00,1105.54,1100.11,1107.09,1105.68,266661200
2023-06-08 00:00:00,1107.9,1092.46,1110.87,1092.46,279409500
2023-06-09 00:00:00,1095.1,1089.37,1100.85,1100.85,198752900
2023-06-12 00:00:00,1103.93,1092.3,1109.63,1109.63,180994000
2023-06-13 00:00:00,1110.98,1108.5,1115.39,1115.39,237698000
2023-06-14 00:00:00,1116.46,1110.6,1123.86,1110.6,230823000
2023-06-15 00:00:00,1110.78,1104.6,1113.23,1108.57,171341000
2023-06-16 00:00:00,1112.69,1105.74,1125.62,1109.06,320743100
2023-06-19 00:00:00,1110.24,1098.31,1111.21,1098.94,193097900
2023-06-20 00:00:00,1098.92,1095.38,1104.27,1104.27,145933900
2023-06-21 00:00:00,1104.3,1101.27,1112.07,1112.07,185854600
2023-06-22 00:00:00,1119.33,1115.57,1122.6,1117.6,199385600
2023-06-23 00:00:00,1118.78,1117.41,1127.29,1126.76,231869300
2023-06-26 00:00:00,1130.04,1118.53,1134.11,1131.23,238649500
2023-06-27 00:00:00,1134.46,1128.2,1135.65,1134.41,174324200
2023-06-28 00:00:00,1137.09,1131.92,1143.53,1141.12,254956300
2023-06-29 00:00:00,1141.51,1125.29,1142.72,1125.29,218030600
2023-06-30 00:00:00,1124.78,1121.21,1127.28,1123.13,158134100
2023-07-03 00:00:00,1127.52,1120.63,1130.09,1123.37,140246800
2023-07-04 00:00:00,1123.57,1119.29,1128.35,1128.0,163469800
2023-07-05 00:00:00,1131.19,1128.19,1134.68,1129.76,212147700
2023-07-06 00:00:00,1129.52,1115.91,1131.54,1119.44,224551900
2023-07-07 00:00:00,1118.27,1116.02,1129.43,1129.43,163613500
2023-07-10 00:00:00,1134.63,1132.73,1143.16,1143.16,247572700
2023-07-11 00:00:00,1146.67,1143.6,1152.16,1146.67,233519300
2023-07-12 00:00:00,1148.27,1141.81,1150.88,1146.54,223013000
2023-07-13 00:00:00,1152.87,1148.71,1156.11,1156.11,187657600
2023-07-14 00:00:00,1160.5,1146.26,1162.16,1160.59,287043800
2023-07-17 00:00:00,1164.7,1160.47,1166.76,1164.58,238536000
2023-07-18 00:00:00,1163.7,1159.05,1167.81,1166.82,221175000
2023-07-19 00:00:00,1169.64,1165.19,1171.07,1165.19,198669400
2023-07-20 00:00:00,1164.69,1159.64,1168.26,1168.26,218934700
2023-07-21 00:00:00,1167.74,1166.55,1186.6,1186.6,243819000
2023-07-24 00:00:00,1190.98,1182.45,1194.04,1193.14,265150200
2023-07-25 00:00:00,1195.05,1194.89,1202.39,1198.01,253337500
2023-07-26 00:00:00,1197.0,1195.31,1201.43,1201.43,247532300
2023-07-27 00:00:00,1201.11,1192.35,1205.35,1199.68,263444700
2023-07-28 00:00:00,1199.73,1197.53,1212.45,1212.45,251636000
2023-07-31 00:00:00,1224.47,1217.02,1230.81,1230.81,294895700
2023-08-01 00:00:00,1239.16,1222.18,1240.99,1222.18,328433400
2023-08-02 00:00:00,1221.2,1216.67,1226.12,1221.32,218570500
2023-08-03 00:00:00,1219.78,1207.43,1223.94,1210.8,264562500
2023-08-04 00:00:00,1216.46,1213.35,1231.42,1231.42,321004800
2023-08-07 00:00:00,1238.31,1237.79,1250.68,1250.68,284030100
2023-08-08 00:00:00,1253.33,1243.84,1254.21,1247.81,232457500
2023-08-09 00:00:00,1246.2,1235.87,1248.52,1239.84,249111600
2023-08-10 00:00:00,1241.44,1225.0,1243.16,1226.2,204527400
2023-08-11 00:00:00,1235.64,1221.03,1240.77,1240.77,234807300
2023-08-14 00:00:00,1244.67,1234.12,1245.96,1243.43,228144000
2023-08-15 00:00:00,1244.31,1236.55,1244.62,1241.24,185981200
2023-08-16 00:00:00,1246.86,1242.26,1257.57,1256.95,248293000
2023-08-17 00:00:00,1255.73,1247.82,1259.5,1247.82,281533700
2023-08-18 00:00:00,1240.53,1187.03,1243.69,1190.1,424012300
2023-08-21 00:00:00,1189.73,1178.54,1199.6,1190.32,259164600
2023-08-22 00:00:00,1195.19,1158.6,1195.97,1193.51,266991500
2023-08-23 00:00:00,1206.39,1177.5,1207.84,1182.97,225106400
2023-08-24 00:00:00,1184.28,1180.46,1201.95,1201.88,189181900
2023-08-25 00:00:00,1199.45,1190.54,1203.52,1193.93,186679900
2023-08-28 00:00:00,1199.09,1199.02,1213.61,1213.4,187940700
2023-08-29 00:00:00,1215.94,1207.72,1217.89,1215.47,206955300
2023-08-30 00:00:00,1216.06,1214.77,1227.68,1225.56,214224800
2023-08-31 00:00:00,1227.2,1226.35,1235.71,1234.53,195054200
2023-09-05 00:00:00,1241.19,1238.6,1248.97,1244.64,252634300
2023-09-06 00:00:00,1246.46,1238.44,1260.03,1260.03,250655300
2023-09-07 00:00:00,1263.04,1251.89,1268.05,1255.22,274250200
2023-09-08 00:00:00,1252.88,1247.95,1258.33,1249.14,228776300
2023-09-11 00:00:00,1258.28,1227.4,1259.48,1230.71,328067100
2023-09-12 00:00:00,1233.46,1227.32,1255.83,1255.83,213406700
2023-09-13 00:00:00,1257.61,1241.95,1260.37,1247.95,296256400
2023-09-14 00:00:00,1247.01,1231.53,1255.75,1234.06,287972500
2023-09-15 00:00:00,1239.38,1231.77,1244.82,1238.81,273159500
2023-09-18 00:00:00,1235.2,1214.74,1236.53,1223.7,210408600
2023-09-19 00:00:00,1226.28,1212.51,1229.61,1225.5,226794700
2023-09-20 00:00:00,1224.69,1221.64,1237.21,1234.57,192767800
2023-09-21 00:00:00,1233.1,1217.78,1235.3,1219.19,254094500
2023-09-22 00:00:00,1201.66,1180.11,1204.01,1197.69,362176600
2023-09-25 00:00:00,1195.36,1159.94,1199.65,1159.94,263854600
2023-09-26 00:00:00,1161.62,1152.44,1174.24,1153.37,242760200
2023-09-27 00:00:00,1154.92,1141.09,1168.6,1168.6,190471800
2023-09-28 00:00:00,1168.09,1144.47,1168.09,1164.45,193653000
2023-09-29 00:00:00,1169.26,1165.15,1176.77,1166.26,144904400
2023-10-02 00:00:00,1166.24,1159.16,1173.06,1167.13,119866100
2023-10-03 00:00:00,1156.76,1128.54,1158.38,1130.89,260264000
2023-10-04 00:00:00,1120.62,1118.74,1146.21,1138.54,159113300
2023-10-05 00:00:00,1141.25,1124.48,1143.34,1124.48,131346300
2023-10-06 00:00:00,1125.94,1120.28,1141.93,1139.78,137575000
2023-10-09 00:00:00,1139.49,1135.67,1150.37,1150.37,146624800
2023-10-10 00:00:00,1156.51,1155.98,1163.47,1160.28,155499600
2023-10-11 00:00:00,1162.04,1154.45,1167.29,1167.29,113752100
2023-10-12 00:00:00,1170.48,1162.0,1172.14,1165.49,142882900
2023-10-13 00:00:00,1159.48,1152.58,1167.61,1166.66,149211400
2023-10-16 00:00:00,1163.19,1151.13,1168.02,1153.21,173241000
2023-10-17 00:00:00,1157.42,1141.03,1160.3,1141.03,141759900
2023-10-18 00:00:00,1143.47,1108.68,1144.89,1125.56,233686700
2023-10-19 00:00:00,1124.36,1104.89,1126.86,1104.89,166987900
2023-10-20 00:00:00,1104.38,1094.78,1125.63,1123.69,154958000
2023-10-23 00:00:00,1122.94,1099.34,1123.28,1106.85,131293600
2023-10-24 00:00:00,1110.09,1102.05,1121.39,1117.12,111126400
2023-10-25 00:00:00,1119.22,1113.28,1124.85,1113.32,105615900
2023-10-26 00:00:00,1094.92,1056.32,1094.96,1064.95,311835600
2023-10-27 00:00:00,1070.77,1050.32,1074.01,1067.57,169708400
2023-10-30 00:00:00,1060.89,1047.63,1066.38,1047.63,130428600
2023-10-31 00:00:00,1052.17,1034.12,1053.05,1039.38,192354100
2023-11-01 00:00:00,1041.86,1034.04,1051.65,1051.65,166561800
2023-11-02 00:00:00,1060.92,1055.0,1087.5,1087.5,195216900
2023-11-03 00:00:00,1092.88,1082.83,1095.71,1086.19,203945000
2023-11-06 00:00:00,1094.14,1094.14,1094.14,1094.14,2347200
2023-11-07 00:00:00,1100.4,1091.38,1101.7,1092.71,133874300
2023-11-08 00:00:00,1092.35,1086.85,1129.95,1129.95,233454800
2023-11-09 00:00:00,1129.56,1122.72,1137.05,1122.95,231992300
2023-11-10 00:00:00,1113.76,1107.51,1123.66,1109.05,205943700
2023-11-13 00:00:00,1110.61,1099.18,1114.41,1106.72,185210100
2023-11-14 00:00:00,1115.1,1109.79,1124.76,1119.28,222666800
2023-11-15 00:00:00,1134.92,1128.64,1144.88,1131.9,271846600
2023-11-16 00:00:00,1129.11,1123.29,1132.6,1132.6,140287100
2023-11-17 00:00:00,1135.81,1096.44,1137.73,1103.53,260942400
2023-11-20 00:00:00,1086.22,1085.74,1114.63,1102.85,172462200
2023-11-21 00:00:00,1113.44,1102.33,1113.69,1108.6,128420200
2023-11-22 00:00:00,1109.31,1098.21,1112.98,1109.8,152389300
2023-11-23 00:00:00,1113.31,1082.68,1114.87,1082.68,170074500
2023-11-24 00:00:00,1085.23,1068.59,1087.34,1087.34,188232900
2023-11-27 00:00:00,1086.89,1076.62,1088.03,1078.42,127258700
2023-11-28 00:00:00,1079.0,1068.24,1089.4,1088.51,132905000
2023-11-29 00:00:00,1090.14,1087.95,1097.42,1093.16,122220800
2023-11-30 00:00:00,1091.47,1081.7,1097.22,1081.7,141105200
2023-12-01 00:00:00,1088.07,1077.33,1091.17,1090.39,123453100
2023-12-04 00:00:00,1094.42,1093.85,1111.9,1107.16,261891000
2023-12-05 00:00:00,1108.02,1097.05,1109.48,1100.42,155060000
2023-12-06 00:00:00,1101.65,1100.14,1109.27,1109.27,157261300
2023-12-07 00:00:00,1110.78,1096.22,1115.24,1111.35,299704100
2023-12-08 00:00:00,1111.71,1109.67,1118.81,1114.89,209970600
2023-12-11 00:00:00,1118.79,1111.73,1120.07,1117.34,149506100
2023-12-12 00:00:00,1119.1,1114.98,1121.21,1121.21,141870100
2023-12-13 00:00:00,1123.85,1105.71,1124.71,1106.83,190653600
2023-12-14 00:00:00,1112.5,1102.67,1113.01,1104.49,155389300
2023-12-15 00:00:00,1105.21,1097.4,1107.15,1097.4,180853900
2023-12-18 00:00:00,1098.77,1082.8,1099.41,1084.67,150818300
2023-12-19 00:00:00,1083.6,1076.36,1091.87,1091.87,147447600
2023-12-20 00:00:00,1092.26,1088.63,1097.49,1097.01,117054800
2023-12-21 00:00:00,1092.75,1089.59,1097.82,1097.43,107762800
2023-12-22 00:00:00,1097.67,1093.19,1099.53,1097.45,138256700
2023-12-25 00:00:00,1099.44,1099.44,1113.73,1111.86,136592100
2023-12-26 00:00:00,1113.89,1111.11,1117.33,1115.52,151800200
2023-12-27 00:00:00,1116.46,1115.78,1120.56,1115.94,128691400
2023-12-28 00:00:00,1116.35,1115.17,1129.33,1128.51,167217600
2023-12-29 00:00:00,1131.14,1130.09,1136.02,1131.46,179284200
2024-01-02 00:00:00,1135.49,1129.78,1140.11,1131.64,184122400
2024-01-03 00:00:00,1129.24,1126.57,1144.85,1144.85,179482300
2024-01-04 00:00:00,1146.7,1144.57,1167.27,1156.37,422184400
2024-01-05 00:00:00,1157.77,1152.79,1161.53,1161.14,229357300
2024-01-08 00:00:00,1166.56,1159.73,1169.95,1163.52,234159000
2024-01-09 00:00:00,1163.2,1156.01,1164.86,1160.21,220971300
2024-01-10 00:00:00,1160.2,1158.53,1168.93,1162.68,349789500
2024-01-11 00:00:00,1164.8,1159.52,1172.49,1163.56,258080000
2024-01-12 00:00:00,1156.94,1149.61,1167.94,1163.66,372894400
2024-01-15 00:00:00,1169.37,1161.3,1172.16,1161.3,197844200
2024-01-16 00:00:00,1158.83,1155.25,1170.19,1170.19,198438700
2024-01-17 00:00:00,1169.74,1165.32,1177.01,1166.61,220035400
2024-01-18 00:00:00,1168.36,1166.29,1175.6,1173.91,179923900
2024-01-19 00:00:00,1176.62,1176.54,1185.23,1185.23,220568400
2024-01-22 00:00:00,1191.3,1183.04,1192.57,1189.56,257229500
2024-01-23 00:00:00,1191.05,1180.91,1193.19,1183.85,199943300
2024-01-24 00:00:00,1182.22,1178.53,1188.11,1179.45,216664400
2024-01-25 00:00:00,1180.57,1174.11,1180.68,1177.52,148292000
2024-01-26 00:00:00,1180.23,1180.17,1184.9,1182.82,141234500
2024-01-29 00:00:00,1184.54,1178.29,1185.62,1179.17,150513100
2024-01-30 00:00:00,1179.04,1176.91,1182.49,1181.71,153224500
2024-01-31 00:00:00,1183.17,1163.51,1185.27,1166.33,389450500
2024-02-01 00:00:00,1165.24,1164.77,1175.62,1173.35,158506400
2024-02-02 00:00:00,1174.36,1171.62,1178.85,1174.76,219967200
2024-02-05 00:00:00,1176.36,1176.3,1201.33,1197.36,293637900
2024-02-06 00:00:00,1201.07,1196.66,1203.83,1199.17,157842500
2024-02-07 00:00:00,1201.22,1201.04,1214.54,1212.7,201300500
2024-02-15 00:00:00,1217.8,1214.18,1226.09,1217.12,288083200
2024-02-16 00:00:00,1220.57,1217.46,1224.54,1224.54,209159300
2024-02-19 00:00:00,1228.05,1226.97,1240.2,1240.2,328462300
2024-02-20 00:00:00,1241.55,1235.86,1243.81,1241.65,245238300
2024-02-21 00:00:00,1242.0,1233.97,1248.23,1242.08,305486100
2024-02-22 00:00:00,1242.04,1236.29,1243.58,1239.9,237782300
2024-02-23 00:00:00,1243.66,1222.94,1256.11,1223.09,466156400
2024-02-26 00:00:00,1223.33,1220.3,1234.52,1233.31,249865000
2024-02-27 00:00:00,1238.15,1235.15,1248.24,1247.91,336862200
2024-02-28 00:00:00,1252.1,1246.63,1265.35,1265.35,296530800
2024-02-29 00:00:00,1271.25,1258.26,1276.9,1265.75,337861300
2024-03-01 00:00:00,1267.94,1258.83,1269.07,1267.07,256480900
2024-03-04 00:00:00,1271.05,1262.9,1275.36,1268.53,288441200
2024-03-05 00:00:00,1269.5,1264.84,1280.17,1280.17,253289000
2024-03-06 00:00:00,1279.47,1264.44,1288.06,1271.07,290731600
2024-03-07 00:00:00,1271.58,1266.52,1279.92,1276.56,249306600
2024-03-08 00:00:00,1279.2,1250.2,1281.52,1250.2,420634800
2024-03-11 00:00:00,1249.79,1232.97,1255.3,1235.12,284546400
2024-03-12 00:00:00,1234.35,1232.4,1244.95,1242.23,231977300
2024-03-13 00:00:00,1245.47,1242.8,1272.28,1272.28,228301800
2024-03-14 00:00:00,1277.29,1254.72,1277.29,1260.32,258713500
2024-03-15 00:00:00,1258.99,1244.01,1264.77,1256.42,260712400
2024-03-18 00:00:00,1257.1,1215.67,1258.38,1235.74,407030100
2024-03-19 00:00:00,1237.3,1229.02,1241.23,1234.74,197178600
2024-03-20 00:00:00,1236.53,1228.49,1262.31,1259.06,295411500
2024-03-21 00:00:00,1269.0,1264.28,1281.57,1281.57,273244300
2024-03-22 00:00:00,1287.63,1276.81,1295.79,1284.14,345954600
2024-03-25 00:00:00,1282.58,1266.97,1288.91,1270.0,269840100
2024-03-26 00:00:00,1270.84,1266.79,1287.89,1286.23,210112400
2024-03-27 00:00:00,1289.95,1279.68,1290.76,1288.77,188458000
2024-03-28 00:00:00,1303.06,1296.8,1306.42,1303.2,274146200
2024-03-29 00:00:00,1304.74,1294.97,1306.01,1296.9,217257200
2024-04-01 00:00:00,1294.02,1284.2,1298.59,1292.62,227979100
2024-04-02 00:00:00,1283.44,1273.16,1292.3,1292.3,365454800
2024-04-03 00:00:00,1287.52,1273.15,1290.84,1274.27,257477200
2024-04-04 00:00:00,1273.0,1267.47,1278.67,1267.65,259163100
2024-04-05 00:00:00,1258.11,1251.84,1265.65,1257.78,258243600
2024-04-08 00:00:00,1257.21,1248.24,1260.17,1254.72,222161900
2024-04-09 00:00:00,1255.84,1252.58,1266.92,1266.92,173357400
2024-04-10 00:00:00,1271.25,1263.82,1276.08,1263.82,195638000
2024-04-11 00:00:00,1256.58,1254.64,1266.71,1262.86,169915300
2024-04-12 00:00:00,1267.99,1262.41,1285.3,1284.74,248399200
2024-04-15 00:00:00,1280.7,1227.9,1287.46,1227.9,462542000
2024-04-16 00:00:00,1231.54,1209.99,1234.28,1232.7,353355000
2024-04-17 00:00:00,1237.08,1209.42,1237.08,1210.74,234126300
2024-04-19 00:00:00,1198.91,1186.51,1210.32,1194.03,299945000
2024-04-22 00:00:00,1207.45,1200.15,1214.24,1206.64,189955700
2024-04-23 00:00:00,1208.85,1191.61,1213.96,1200.37,252377900
2024-04-24 00:00:00,1210.05,1207.92,1234.87,1232.17,215454800
2024-04-25 00:00:00,1234.75,1226.76,1236.99,1233.72,157693700
2024-04-26 00:00:00,1227.71,1225.55,1245.52,1240.5,188653000
2024-05-02 00:00:00,1244.01,1239.02,1248.41,1247.21,167870100
2024-05-03 00:00:00,1253.54,1251.51,1259.83,1255.62,208853900
2024-05-06 00:00:00,1261.62,1256.67,1274.62,1274.62,205557100
2024-05-07 00:00:00,1278.74,1272.63,1285.43,1284.85,168937400
2024-05-08 00:00:00,1278.94,1269.97,1285.12,1284.85,253690500
2024-05-09 00:00:00,1285.8,1274.57,1289.92,1281.47,194297900
2024-05-10 00:00:00,1284.25,1268.91,1285.22,1277.47,165973500
2024-05-13 00:00:00,1280.1,1266.27,1281.58,1272.53,163914500
2024-05-14 00:00:00,1280.16,1276.04,1287.51,1277.31,179472000
2024-05-15 00:00:00,1283.65,1282.61,1294.71,1289.97,225875500
2024-05-16 00:00:00,1300.06,1296.77,1311.4,1308.27,303274200
2024-05-17 00:00:00,1309.27,1304.14,1312.95,1310.15,269818400
2024-05-20 00:00:00,1317.93,1312.55,1322.13,1312.55,289210100
2024-05-21 00:00:00,1310.52,1297.51,1313.19,1308.62,232801200
2024-05-22 00:00:00,1307.45,1288.47,1311.11,1291.46,288981400
2024-05-23 00:00:00,1289.62,1283.26,1304.76,1304.76,229219400
2024-05-24 00:00:00,1299.5,1272.98,1309.89,1283.46,397140200
2024-05-27 00:00:00,1285.78,1275.98,1288.75,1284.88,194006100
2024-05-28 00:00:00,1290.57,1285.83,1299.75,1299.75,214394700
2024-05-29 00:00:00,1301.3,1284.02,1302.56,1284.02,247205200
2024-05-30 00:00:00,1275.89,1263.44,1280.5,1279.29,282946700
2024-05-31 00:00:00,1279.08,1273.85,1283.3,1275.97,164194300
2024-06-03 00:00:00,1284.95,1284.95,1301.64,1297.78,282230000
2024-06-04 00:00:00,1303.51,1298.4,1306.96,1300.99,233738800
2024-06-05 00:00:00,1303.85,1299.66,1313.11,1299.66,243458000
2024-06-06 00:00:00,1303.5,1296.37,1308.43,1302.28,270557500
2024-06-07 00:00:00,1309.59,1302.53,1314.56,1308.03,164082200
2024-06-10 00:00:00,1314.06,1306.53,1319.06,1311.1,223704700
2024-06-11 00:00:00,1315.33,1301.43,1318.09,1308.3,276893700
2024-06-12 00:00:00,1309.04,1305.27,1331.81,1331.81,297017400
2024-06-13 00:00:00,1337.18,1327.79,1339.17,1333.85,356738000
2024-06-14 00:00:00,1335.95,1316.46,1338.59,1316.46,313171700
2024-06-17 00:00:00,1318.16,1305.5,1318.16,1309.7,256110100
2024-06-18 00:00:00,1313.3,1309.89,1320.8,1309.89,225992100
2024-06-19 00:00:00,1313.51,1300.67,1319.31,1314.22,265001700
2024-06-20 00:00:00,1316.78,1311.43,1326.88,1322.36,309827100
2024-06-21 00:00:00,1324.1,1316.07,1324.81,1319.93,227734800
2024-06-24 00:00:00,1317.2,1287.26,1319.51,1289.85,363840500
2024-06-25 00:00:00,1289.59,1281.89,1293.28,1288.8,202941600
2024-06-26 00:00:00,1290.94,1276.44,1294.12,1291.3,206661800
2024-06-27 00:00:00,1288.88,1282.24,1290.8,1289.03,170118200
2024-06-28 00:00:00,1288.86,1272.27,1290.97,1278.32,234108300
2024-07-01 00:00:00,1278.42,1271.2,1285.48,1285.48,165094900
2024-07-02 00:00:00,1288.11,1286.07,1300.58,1296.06,189921800
2024-07-03 00:00:00,1301.14,1296.98,1309.4,1305.5,200603700
2024-07-04 00:00:00,1309.11,1304.31,1313.01,1310.63,170860600
2024-07-05 00:00:00,1310.82,1307.98,1316.7,1316.18,178744400
2024-07-08 00:00:00,1316.68,1309.55,1319.27,1315.83,207419200
2024-07-09 00:00:00,1315.28,1309.15,1322.21,1321.78,255974700
2024-07-10 00:00:00,1322.5,1310.91,1324.91,1310.91,211485600
2024-07-11 00:00:00,1315.02,1306.22,1318.15,1306.22,197178700
2024-07-12 00:00:00,1305.41,1298.45,1312.24,1301.81,161585700
2024-07-15 00:00:00,1303.81,1294.03,1307.3,1297.82,149296800
2024-07-16 00:00:00,1300.77,1299.66,1309.75,1303.3,202874600
2024-07-17 00:00:00,1307.16,1291.5,1324.55,1305.37,462486600
2024-07-18 00:00:00,1305.27,1290.05,1308.67,1306.38,236833400
2024-07-19 00:00:00,1307.75,1296.61,1314.15,1302.32,302639400
2024-07-22 00:00:00,1299.69,1288.59,1305.96,1299.31,270891900
2024-07-23 00:00:00,1301.91,1277.39,1304.81,1278.67,257323200
2024-07-24 00:00:00,1274.14,1262.77,1284.18,1280.51,240003800
2024-07-25 00:00:00,1272.12,1265.88,1275.49,1272.18,170877200
2024-07-26 00:00:00,1274.1,1272.59,1281.84,1281.84,141725500
2024-07-29 00:00:00,1289.65,1285.04,1292.33,1285.73,135954700
2024-07-30 00:00:00,1285.65,1279.24,1289.78,1287.82,166024000
2024-07-31 00:00:00,1290.07,1288.83,1300.74,1299.09,244193100
2024-08-01 00:00:00,1303.05,1266.73,1303.86,1272.0,291769600
2024-08-02 00:00:00,1261.49,1253.68,1281.01,1281.01,249744100
2024-08-05 00:00:00,1262.68,1226.37,1264.87,1232.11,363085500
2024-08-06 00:00:00,1242.77,1232.19,1256.23,1252.81,221661200
2024-08-07 00:00:00,1259.22,1245.46,1259.39,1253.58,220049900
2024-08-08 00:00:00,1248.79,1238.41,1256.36,1243.31,223192000
2024-08-09 00:00:00,1250.37,1248.85,1265.94,1264.84,178363300
2024-08-12 00:00:00,1267.05,1259.6,1273.16,1271.44,164092300
2024-08-13 00:00:00,1269.53,1262.91,1272.21,1268.72,165198800
2024-08-14 00:00:00,1272.86,1268.69,1275.26,1270.38,145774100
2024-08-15 00:00:00,1270.78,1263.44,1272.25,1265.32,145091700
2024-08-16 00:00:00,1269.32,1268.3,1291.89,1291.68,282855300
2024-08-19 00:00:00,1296.6,1294.21,1301.88,1299.04,183427600
2024-08-20 00:00:00,1300.32,1299.86,1309.41,1305.25,221761700
2024-08-21 00:00:00,1302.88,1300.28,1318.19,1317.69,279235500
2024-08-22 00:00:00,1320.79,1315.42,1322.67,1318.57,212878500
2024-08-23 00:00:00,1320.41,1311.1,1323.9,1321.15,182557500
2024-08-26 00:00:00,1324.9,1316.17,1326.85,1318.6,235664200
2024-08-27 00:00:00,1317.85,1315.97,1324.57,1322.28,202037400
2024-08-28 00:00:00,1325.72,1320.18,1327.64,1323.54,190824700
2024-08-29 00:00:00,1323.15,1323.09,1332.27,1326.67,217252300
2024-08-30 00:00:00,1328.5,1327.61,1333.56,1331.52,155151400
2024-09-04 00:00:00,1316.22,1311.4,1321.32,1317.71,205797400
2024-09-05 00:00:00,1318.23,1306.76,1322.56,1309.05,213306200
2024-09-06 00:00:00,1309.61,1304.78,1315.63,1315.39,184683500
2024-09-09 00:00:00,1310.11,1303.04,1310.64,1307.15,160908300
2024-09-10 00:00:00,1309.27,1291.16,1312.49,1294.06,208127900
2024-09-11 00:00:00,1293.64,1285.66,1298.37,1293.88,146835400
2024-09-12 00:00:00,1298.83,1296.16,1301.83,1297.61,146388200
2024-09-13 00:00:00,1297.66,1291.82,1298.56,1294.3,118478600
2024-09-16 00:00:00,1292.82,1281.37,1298.79,1281.37,150530500
2024-09-17 00:00:00,1282.68,1281.16,1303.65,1303.65,141553400
2024-09-18 00:00:00,1304.91,1302.07,1317.7,1310.94,233293900
2024-09-19 00:00:00,1314.92,1312.28,1319.41,1318.41,171750800
2024-09-20 00:00:00,1325.02,1324.9,1336.79,1326.0,394463700
2024-09-23 00:00:00,1329.96,1320.95,1333.73,1321.12,183234800
2024-09-24 00:00:00,1320.58,1318.29,1330.87,1330.87,210387100
2024-09-25 00:00:00,1337.73,1334.06,1344.07,1344.07,359512900
2024-09-26 00:00:00,1346.43,1344.01,1359.71,1350.85,414069600
2024-09-27 00:00:00,1354.89,1346.91,1361.2,1352.57,400977800
2024-09-30 00:00:00,1351.21,1346.18,1354.91,1352.56,268201100
2024-10-01 00:00:00,1355.22,1355.22,1370.14,1358.88,353697600
2024-10-02 00:00:00,1355.02,1350.92,1361.46,1354.51,259871200
2024-10-03 00:00:00,1355.44,1345.28,1371.67,1346.46,411186800
2024-10-04 00:00:00,1347.11,1336.21,1348.23,1336.21,238262000
2024-10-07 00:00:00,1342.3,1328.45,1345.76,1335.48,189747000
2024-10-08 00:00:00,1338.33,1331.61,1344.38,1339.05,253324000
2024-10-09 00:00:00,1340.56,1338.93,1352.52,1351.97,304787800
2024-10-10 00:00:00,1360.08,1358.93,1370.15,1360.58,295001200
2024-10-11 00:00:00,1362.15,1355.07,1364.59,1362.5,194262300
2024-10-14 00:00:00,1372.87,1357.65,1373.66,1358.76,229593800
2024-10-15 00:00:00,1360.34,1353.1,1367.55,1356.09,254817200
2024-10-16 00:00:00,1353.21,1350.45,1358.07,1354.1,174904900
2024-10-17 00:00:00,1357.31,1346.14,1362.89,1362.89,225846200
2024-10-18 00:00:00,1368.11,1360.64,1372.66,1362.69,272768200
2024-10-21 00:00:00,1361.25,1358.03,1366.36,1358.03,193887000
2024-10-22 00:00:00,1358.44,1344.1,1359.4,1348.92,292645600
2024-10-23 00:00:00,1348.91,1340.13,1351.72,1349.72,225438600
2024-10-24 00:00:00,1349.22,1329.62,1351.59,1329.62,257102100
2024-10-25 00:00:00,1333.77,1322.69,1334.78,1325.54,209962100
2024-10-28 00:00:00,1324.7,1322.97,1328.57,1328.33,144590400
2024-10-29 00:00:00,1332.18,1329.95,1335.76,1335.76,170355400
2024-10-30 00:00:00,1337.16,1327.14,1338.47,1333.85,187747200
2024-10-31 00:00:00,1334.1,1328.19,1341.01,1338.6,198151200
2024-11-01 00:00:00,1333.76,1324.42,1336.08,1325.62,210849800
2024-11-04 00:00:00,1326.39,1311.03,1326.99,1312.64,232214000
2024-11-05 00:00:00,1312.43,1311.85,1317.6,1313.35,119964500
2024-11-06 00:00:00,1318.74,1317.91,1331.53,1329.56,171800300
2024-11-07 00:00:00,1335.07,1325.87,1336.29,1326.65,139494200
2024-11-08 00:00:00,1331.19,1312.83,1331.51,1317.34,194294500
2024-11-11 00:00:00,1318.63,1298.78,1318.71,1310.46,302541700
2024-11-12 00:00:00,1312.55,1297.99,1315.8,1301.95,184858300
2024-11-13 00:00:00,1299.18,1290.61,1305.42,1304.04,197224300
2024-11-14 00:00:00,1300.43,1286.52,1303.71,1286.65,186252300
2024-11-15 00:00:00,1283.78,1270.44,1284.3,1271.22,253280200
2024-11-18 00:00:00,1270.71,1255.16,1277.8,1270.23,236211300
2024-11-19 00:00:00,1272.23,1259.0,1273.49,1259.08,169396600
2024-11-20 00:00:00,1256.06,1250.67,1277.67,1271.73,214064000
2024-11-21 00:00:00,1272.4,1266.45,1286.67,1286.67,193774200
2024-11-22 00:00:00,1285.8,1284.01,1292.21,1286.07,155315300
2024-11-25 00:00:00,1286.82,1285.82,1293.3,1291.94,139569600
2024-11-26 00:00:00,1292.84,1292.27,1304.34,1299.22,140908100
2024-11-27 00:00:00,1297.28,1296.94,1303.99,1301.06,113492900
2024-11-28 00:00:00,1305.79,1298.43,1310.41,1301.52,145655300
2024-11-29 00:00:00,1301.84,1298.64,1311.67,1311.26,136470300
2024-12-02 00:00:00,1315.77,1303.51,1317.76,1308.83,120795700
2024-12-03 00:00:00,1309.22,1300.67,1312.0,1309.18,161866500
2024-12-04 00:00:00,1304.48,1297.49,1305.06,1297.81,145211800
2024-12-05 00:00:00,1299.95,1295.73,1337.55,1337.55,275060000
2024-12-06 00:00:00,1339.34,1334.35,1341.57,1337.28,197103600
2024-12-09 00:00:00,1337.58,1330.52,1343.05,1336.18,157417600
2024-12-10 00:00:00,1335.93,1332.47,1339.7,1335.85,160746700
2024-12-11 00:00:00,1338.01,1329.84,1342.7,1336.48,181543100
2024-12-12 00:00:00,1339.31,1333.45,1344.37,1335.55,184273500
2024-12-13 00:00:00,1332.54,1328.87,1334.81,1331.58,131520800
2024-12-16 00:00:00,1331.87,1325.07,1335.4,1331.82,124684000
2024-12-17 00:00:00,1332.88,1325.14,1332.96,1327.63,101418500
2024-12-18 00:00:00,1328.1,1325.91,1331.73,1329.83,102076200
2024-12-19 00:00:00,1319.52,1309.17,1321.26,1314.16,239568900
2024-12-20 00:00:00,1315.86,1313.3,1318.48,1317.77,127994600
2024-12-23 00:00:00,1321.49,1320.82,1326.0,1323.02,109676000
2024-12-24 00:00:00,1323.33,1315.01,1323.9,1323.27,118915500
2024-12-25 00:00:00,1324.29,1324.29,1350.07,1342.48,251201400
2024-12-26 00:00:00,1344.14,1339.51,1346.47,1342.68,161932400
2024-12-27 00:00:00,1344.67,1341.75,1348.83,1346.84,216429300
2024-12-30 00:00:00,1344.92,1337.86,1347.35,1347.35,139195400
2024-12-31 00:00:00,1346.66,1341.15,1346.99,1344.75,139102200
