Symbol,Date,Actual_Close,Predicted_Close,Error,Error_Percent
ACB,2023-01-03,13307,13351.000377670573,-44.00037767057256,-0.33065587788812323
ACB,2023-01-04,13278,13232.014409844829,45.98559015517094,0.3463291923118763
ACB,2023-01-05,13395,13392.89186505531,2.1081349446903914,0.01573822280470617
ACB,2023-01-06,13571,13481.916054193458,89.08394580654203,0.6564287510613959
ACB,2023-01-09,13542,13525.254937716369,16.74506228363134,0.1236528007947965
ACB,2023-01-10,13747,13695.64539622687,51.35460377313029,0.37356953352098854
ACB,2023-01-11,14187,14057.570755601362,129.42924439863782,0.912308764352138
ACB,2023-01-12,14363,14285.40601387734,77.59398612265977,0.5402352302628961
ACB,2023-01-13,14157,14273.149742136395,-116.1497421363947,-0.820440362621987
ACB,2023-01-16,14656,14479.109115806245,176.89088419375548,1.2069519936801003
ACB,2023-01-17,14832,14791.614177072395,40.38582292760475,0.27228845015914743
ACB,2023-01-18,14949,14955.326504226427,-6.32650422642655,-0.04232058483126999
ACB,2023-01-19,15242,15236.157984535072,5.842015464928409,0.038328404834853745
ACB,2023-01-27,15447,15373.736965875998,73.26303412400193,0.47428649008870283
ACB,2023-01-30,14890,14980.43610372424,-90.43610372423973,-0.6073613413313615
ACB,2023-01-31,15271,15177.943450102042,93.05654989795767,0.6093677552089428
ACB,2023-02-01,14773,14670.635328335895,102.36467166410512,0.6929172927916138
ACB,2023-02-02,14656,14727.711748507685,-71.71174850768512,-0.4892995940753624
ACB,2023-02-03,14363,14492.742913134769,-129.74291313476897,-0.903313466091826
ACB,2023-02-06,14597,14487.531788672195,109.46821132780497,0.7499363658820646
ACB,2023-02-07,14421,14350.833635647796,70.16636435220425,0.48655685702936174
ACB,2023-02-08,14451,14470.036581405513,-19.03658140551306,-0.13173193139238157
ACB,2023-02-09,14363,14358.258513945,4.741486054999768,0.033011808501007926
ACB,2023-02-10,14187,14192.44135251188,-5.441352511879813,-0.0383544971585241
ACB,2023-02-13,14011,14036.511318921808,-25.511318921808197,-0.18208064322181283
ACB,2023-02-14,13982,13994.877488828535,-12.877488828535206,-0.09210047796120159
ACB,2023-02-15,14392,14323.36133644032,68.63866355967912,0.4769223426881539
ACB,2023-02-16,14539,14574.228191491144,-35.22819149114366,-0.24230133772022602
ACB,2023-02-17,14539,14579.87746139005,-40.877461390049575,-0.28115731061317545
ACB,2023-02-20,15125,15104.623961965,20.37603803499951,0.13471760684297196
ACB,2023-02-21,14949,14885.420527812697,63.5794721873026,0.42530919919260546
ACB,2023-02-22,14568,14564.013574255978,3.986425744022199,0.027364262383458255
ACB,2023-02-23,14890,14803.428012110015,86.5719878899854,0.5814102611819033
ACB,2023-02-24,14421,14364.817133590046,56.18286640995393,0.3895906414947225
ACB,2023-02-27,14216,14198.121670943692,17.878329056307848,0.1257620220618166
ACB,2023-02-28,14304,14265.917892572443,38.082107427557276,0.26623397250809056
ACB,2023-03-01,14744,14526.59643698783,217.4035630121707,1.4745222667673
ACB,2023-03-02,14685,14631.963376337846,53.03662366215394,0.36116189078756517
ACB,2023-03-03,14363,14373.471609689941,-10.471609689941033,-0.07290684181536611
ACB,2023-03-06,14245,14265.598523519338,-20.598523519338414,-0.14460177970753538
ACB,2023-03-07,14363,14273.09951506933,89.90048493066934,0.6259171825570518
ACB,2023-03-08,14656,14554.56259706941,101.4374029305909,0.692122017812438
ACB,2023-03-09,14861,14916.62493969862,-55.62493969862044,-0.37430145816984345
ACB,2023-03-10,14597,14741.840456280734,-144.84045628073363,-0.9922618091438901
ACB,2023-03-13,14363,14447.529870251394,-84.52987025139373,-0.588525170586881
ACB,2023-03-14,14099,14011.53253393535,87.46746606465058,0.6203806373831519
ACB,2023-03-15,14539,14414.614797293529,124.38520270647132,0.8555279091166608
ACB,2023-03-16,14304,14300.265624632892,3.7343753671084414,0.02610721034052322
ACB,2023-03-17,14275,14361.83452643038,-86.83452643038072,-0.6082979084439981
ACB,2023-03-20,14070,14018.679266886247,51.320733113752794,0.36475290059525795
ACB,2023-03-21,14187,14042.113662399997,144.88633760000266,1.0212612786353892
ACB,2023-03-22,14157,14124.743029569276,32.25697043072432,0.22785173716694443
ACB,2023-03-23,14363,14323.66597903057,39.33402096943064,0.2738565826737495
ACB,2023-03-24,14392,14437.677357863822,-45.67735786382218,-0.3173801963856461
ACB,2023-03-27,14333,14388.024156241923,-55.024156241923265,-0.3838983900224884
ACB,2023-03-28,14333,14324.848995613293,8.151004386707427,0.056868794995516836
ACB,2023-03-29,14304,14305.336018146174,-1.3360181461739558,-0.009340171603565128
ACB,2023-03-30,14421,14379.107193113321,41.892806886678954,0.2904986262164826
ACB,2023-03-31,14656,14623.915096814231,32.08490318576878,0.21891991802516908
ACB,2023-04-03,14802,14853.314154827618,-51.31415482761804,-0.3466704149953928
ACB,2023-04-04,14744,14779.834278905479,-35.83427890547864,-0.2430431287674894
ACB,2023-04-05,14832,14792.439843310174,39.56015668982582,0.2667216605301094
ACB,2023-04-06,14597,14571.32848756066,25.671512439339494,0.17586841432718706
ACB,2023-04-07,14685,14643.72645712446,41.27354287554044,0.28105919561144327
ACB,2023-04-10,14656,14652.844067252327,3.1559327476734325,0.02153338392244427
ACB,2023-04-11,14626,14659.906833483228,-33.90683348322818,-0.23182574513351692
ACB,2023-04-12,14568,14604.065654765085,-36.06565476508513,-0.24756764665764092
ACB,2023-04-13,14626,14532.024243531523,93.9757564684769,0.6425253416414393
ACB,2023-04-14,14626,14536.733464222814,89.26653577718571,0.610327743588033
ACB,2023-04-17,14656,14652.925076436952,3.074923563048287,0.020980646581934274
ACB,2023-04-18,14509,14575.910271089173,-66.91027108917297,-0.46116390577691757
ACB,2023-04-19,14304,14359.188214415282,-55.188214415282346,-0.38582364663927815
ACB,2023-04-20,14216,14219.470270251959,-3.4702702519589366,-0.024411017529255324
ACB,2023-04-21,14216,14132.6647013884,83.33529861160059,0.5862077842684341
ACB,2023-04-24,14187,14179.91679537542,7.083204624579594,0.04992743091971237
ACB,2023-04-25,14157,14133.668351021262,23.331648978737576,0.16480644895625893
ACB,2023-04-26,14157,14175.95574518523,-18.955745185230626,-0.13389662488684484
ACB,2023-04-27,14157,14079.963450635169,77.03654936483144,0.5441587155812068
ACB,2023-04-28,14187,14200.579029034454,-13.579029034453924,-0.09571459106543966
ACB,2023-05-04,14480,14317.855020618697,162.14497938130262,1.119785769207891
ACB,2023-05-05,14451,14461.065880823366,-10.06588082336566,-0.06965525446934925
ACB,2023-05-08,14626,14662.55321257368,-36.55321257368087,-0.2499194077237855
ACB,2023-05-09,14597,14605.564295394443,-8.564295394442524,-0.0586716133071352
ACB,2023-05-10,14597,14585.980919522282,11.01908047771758,0.07548866532655737
ACB,2023-05-11,14597,14592.933102731615,4.066897268385219,0.02786118564352414
ACB,2023-05-12,14656,14683.79761319719,-27.797613197190003,-0.18966712061401478
ACB,2023-05-15,14656,14699.893419780874,-43.893419780873955,-0.29949112841753517
ACB,2023-05-16,14656,14660.648028186846,-4.648028186846204,-0.03171416612204015
ACB,2023-05-17,14597,14567.727805795537,29.27219420446272,0.20053568681552866
ACB,2023-05-18,14656,14669.611382493766,-13.611382493765632,-0.09287242422056244
ACB,2023-05-19,14626,14613.280208729848,12.7197912701522,0.08696698530119104
ACB,2023-05-22,14685,14707.40402448593,-22.404024485929767,-0.15256400739482306
ACB,2023-05-23,14861,14845.487163487553,15.512836512447393,0.10438622241065469
ACB,2023-05-24,14744,14775.681898856856,-31.681898856855696,-0.21487994341329147
ACB,2023-05-25,14714,14776.015646448592,-62.015646448591724,-0.42147374234464946
ACB,2023-05-26,14656,14673.002030625703,-17.0020306257029,-0.1160073050334532
ACB,2023-05-29,14744,14774.184071186339,-30.18407118633877,-0.20472104711298675
ACB,2023-05-30,14773,14835.296267939742,-62.29626793974239,-0.42169002869926486
ACB,2023-05-31,14890,14900.05937333756,-10.059373337560828,-0.06755791361692967
ACB,2023-06-01,15019,15034.515856959346,-15.51585695934591,-0.10330818935578873
ACB,2023-06-02,15300,15309.74320595457,-9.74320595456993,-0.0636810846703917
ACB,2023-06-05,15265,15323.078755776301,-58.07875577630148,-0.38047006731936767
ACB,2023-06-06,15300,15397.827917289656,-97.8279172896564,-0.6393981522199764
ACB,2023-06-07,15335,15366.000427753452,-31.00042775345173,-0.20215472939975046
ACB,2023-06-08,15159,15161.758481483876,-2.7584814838755847,-0.018196988481269112
ACB,2023-06-09,15124,15207.882700818494,-83.88270081849441,-0.5546330390008888
ACB,2023-06-12,15054,15115.82455823914,-61.82455823913915,-0.41068525467742223
ACB,2023-06-13,15159,15140.358693080363,18.641306919636918,0.122971877562088
ACB,2023-06-14,15194,15158.440932786523,35.55906721347674,0.2340336133570932
ACB,2023-06-15,15229,15202.371479997355,26.62852000264502,0.1748540285156282
ACB,2023-06-16,15300,15294.11608522058,5.883914779420593,0.03845695934261825
ACB,2023-06-19,15194,15167.938931831863,26.061068168137353,0.17152210193587833
ACB,2023-06-20,15194,15234.050673193431,-40.05067319343107,-0.26359532179433376
ACB,2023-06-21,15229,15270.283602488433,-41.283602488432734,-0.27108544545559615
ACB,2023-06-22,15194,15236.335809659215,-42.33580965921465,-0.27863505106762304
ACB,2023-06-23,15370,15383.582895697145,-13.582895697145432,-0.08837277616880568
ACB,2023-06-26,15615,15552.522211920836,62.477788079164384,0.40011391661328455
ACB,2023-06-27,15580,15605.48268765009,-25.482687650090156,-0.16356025449351833
ACB,2023-06-28,15651,15696.779642520616,-45.77964252061611,-0.2925029871613067
ACB,2023-06-29,15370,15379.291632708359,-9.29163270835852,-0.060453042995175794
ACB,2023-06-30,15475,15410.707544428244,64.29245557175636,0.4154601329354208
ACB,2023-07-03,15475,15471.284021111489,3.7159788885110174,0.02401278764789026
ACB,2023-07-04,15440,15479.063758875149,-39.06375887514878,-0.2530036196576993
ACB,2023-07-05,15405,15475.0234329541,-70.02343295409992,-0.45455003540473815
ACB,2023-07-06,15229,15199.86272565119,29.137274348810024,0.19132756155236735
ACB,2023-07-07,15229,15234.323172497372,-5.32317249737207,-0.0349541827918581
ACB,2023-07-10,15405,15372.777705311011,32.22229468898877,0.2091677681855811
ACB,2023-07-11,15440,15433.141923382944,6.858076617056213,0.04441759467005319
ACB,2023-07-12,15335,15431.869812002184,-96.86981200218361,-0.6316909814293029
ACB,2023-07-13,15440,15464.397638059794,-24.39763805979419,-0.15801579054270848
ACB,2023-07-14,15440,15404.835253422974,35.16474657702565,0.22775094933306772
ACB,2023-07-17,15440,15444.683194377774,-4.683194377774271,-0.030331569804237506
ACB,2023-07-18,15440,15464.203437190581,-24.2034371905811,-0.15675801289236463
ACB,2023-07-19,15440,15446.94635285945,-6.946352859449689,-0.04498933199125446
ACB,2023-07-20,15440,15437.919876499553,2.080123500447371,0.013472302464037378
ACB,2023-07-21,15510,15538.846131854269,-28.846131854268606,-0.1859840867457679
ACB,2023-07-24,15475,15494.071515043868,-19.071515043868203,-0.12324080803792054
ACB,2023-07-25,15651,15627.148650884978,23.851349115022458,0.1523950489746499
ACB,2023-07-26,15651,15667.356296881044,-16.356296881043818,-0.10450640138677285
ACB,2023-07-27,15545,15579.055744263953,-34.055744263952874,-0.2190784449273263
ACB,2023-07-28,15580,15635.226374305297,-55.22637430529721,-0.3544696681983133
ACB,2023-07-31,16107,15988.582110835734,118.41788916426594,0.7351951894472338
ACB,2023-08-01,16037,16031.330564878532,5.669435121468268,0.0353522175061936
ACB,2023-08-02,16212,16240.295885447744,-28.295885447743785,-0.17453667312943366
ACB,2023-08-03,16458,16357.006437933249,100.99356206675111,0.613644197756417
ACB,2023-08-04,17124,16925.544364600068,198.45563539993236,1.158932699135321
ACB,2023-08-07,16668,16944.543239036542,-276.5432390365422,-1.6591267040829267
ACB,2023-08-08,16423,16595.075724633018,-172.07572463301767,-1.047772785928379
ACB,2023-08-09,16282,16289.075962632905,-7.07596263290543,-0.043458805017230255
ACB,2023-08-10,16072,15959.179104788554,112.82089521144553,0.7019717223210897
ACB,2023-08-11,16072,16138.677284616524,-66.67728461652405,-0.4148661312625936
ACB,2023-08-14,16177,16178.65298577877,-1.6529857787700166,-0.010218123130184933
ACB,2023-08-15,16037,16057.958187916,-20.958187915999588,-0.1306864620315495
ACB,2023-08-16,16072,16095.016788777624,-23.016788777624242,-0.14321048268805528
ACB,2023-08-17,15931,15851.056739244119,79.94326075588106,0.5018094329036535
ACB,2023-08-18,15370,15307.271283714665,62.728716285335395,0.4081243740099895
ACB,2023-08-21,15440,15468.552757530795,-28.552757530795134,-0.18492718608027936
ACB,2023-08-22,15475,15450.26539981357,24.734600186429816,0.15983586550196974
ACB,2023-08-23,15335,15362.772776218659,-27.77277621865869,-0.18110711586996212
ACB,2023-08-24,15475,15575.561473199841,-100.5614731998412,-0.6498318138923502
ACB,2023-08-25,15405,15333.436561312623,71.56343868737713,0.46454682692227933
ACB,2023-08-28,15475,15485.484325498983,-10.484325498982798,-0.06775008399988884
ACB,2023-08-29,15475,15444.718001517196,30.28199848280383,0.19568335045430582
ACB,2023-08-30,15756,15674.77686864762,81.22313135238073,0.5155060380323733
ACB,2023-08-31,15861,15889.491938909174,-28.49193890917377,-0.17963519897341762
ACB,2023-09-05,15966,15973.573222360237,-7.573222360237196,-0.04743343580256292
ACB,2023-09-06,16107,16104.150797891667,2.8492021083329746,0.01768921654146008
ACB,2023-09-07,16072,16012.578165164248,59.421834835751724,0.3697227155036817
ACB,2023-09-08,15966,15935.585228255322,30.414771744677637,0.190497129805071
ACB,2023-09-11,15686,15679.38067005027,6.619329949729945,0.042198966911449344
ACB,2023-09-12,15966,15925.94974789061,40.050252109389476,0.2508471258260646
ACB,2023-09-13,15826,15772.291188814386,53.70881118561374,0.33937072656144157
ACB,2023-09-14,15756,15696.315481191194,59.68451880880639,0.37880501909625786
ACB,2023-09-15,15896,15852.069234157405,43.930765842595065,0.2763636502427973
ACB,2023-09-18,15756,15630.81795443396,125.18204556603996,0.794503970335364
ACB,2023-09-19,15651,15672.011271990556,-21.011271990555542,-0.13424875081819398
ACB,2023-09-20,15756,15764.48032327558,-8.480323275580304,-0.05382281845379731
ACB,2023-09-21,15721,15637.082508810912,83.91749118908774,0.5337923235741221
ACB,2023-09-22,15651,15624.768891231564,26.23110876843566,0.16760020936959721
ACB,2023-09-25,15440,15344.13210957575,95.86789042424971,0.6209060260637934
ACB,2023-09-26,15370,15335.23290895967,34.76709104033034,0.22620098269570815
ACB,2023-09-27,15440,15464.488429909226,-24.488429909226397,-0.1586038206556114
ACB,2023-09-28,15265,15288.852305929386,-23.852305929385693,-0.1562548701564736
ACB,2023-09-29,15335,15356.709777308026,-21.709777308025878,-0.14157011612667675
ACB,2023-10-02,15370,15344.947187715683,25.052812284317042,0.16299812806972702
ACB,2023-10-03,15159,15011.956428139463,147.04357186053676,0.9700083901348159
ACB,2023-10-04,15159,15205.174159971832,-46.174159971831614,-0.3045989839160341
ACB,2023-10-05,15159,15037.56130112751,121.43869887248911,0.8010996693217831
ACB,2023-10-06,15300,15302.050782564736,-2.050782564736437,-0.01340380761265645
ACB,2023-10-09,15791,15703.110855893277,87.8891441067226,0.5565774435230358
ACB,2023-10-10,16001,15976.087237211124,24.912762788875625,0.155695036490692
ACB,2023-10-11,15931,16037.14048677579,-106.14048677579012,-0.6662512508680568
ACB,2023-10-12,15931,15944.827985383141,-13.827985383140913,-0.08679923032540902
ACB,2023-10-13,15896,15858.93633220423,37.063667795770016,0.2331634863850655
ACB,2023-10-16,15861,15803.145795536297,57.854204463703354,0.3647576096318224
ACB,2023-10-17,15756,15760.061109378974,-4.061109378973924,-0.025775002405267353
ACB,2023-10-18,15475,15523.654835638219,-48.65483563821908,-0.314409277145196
ACB,2023-10-19,15300,15248.486185413225,51.51381458677497,0.3366915986063724
ACB,2023-10-20,15370,15354.463411867757,15.536588132243196,0.10108385251947427
ACB,2023-10-23,15300,15174.154996206376,125.84500379362362,0.8225163646642066
ACB,2023-10-24,15370,15423.556778815073,-53.5567788150729,-0.34845008988336307
ACB,2023-10-25,15370,15367.919110942265,2.080889057735476,0.013538640583835238
ACB,2023-10-26,14808,14779.556595780257,28.44340421974266,0.19208133589777593
ACB,2023-10-27,15124,15042.770904428828,81.22909557117237,0.5370873814544589
ACB,2023-10-30,14949,14847.363427269183,101.63657273081662,0.6798887733682295
ACB,2023-10-31,15019,14976.492363016114,42.50763698388619,0.28302574727935403
ACB,2023-11-01,15159,15277.167186715817,-118.16718671581657,-0.7795183502593612
ACB,2023-11-02,15651,15645.221699045735,5.778300954265433,0.036919691740243
ACB,2023-11-03,15475,15551.132827394586,-76.13282739458555,-0.49197303647551244
ACB,2023-11-06,15580,15635.401419249472,-55.40141924947238,-0.35559319158839786
ACB,2023-11-07,15510,15506.537829887648,3.4621701123523962,0.02232217996358734
ACB,2023-11-08,16001,16007.891934486854,-6.891934486853643,-0.043071898549175945
ACB,2023-11-09,15826,15883.151828821608,-57.15182882160843,-0.36112617731333524
ACB,2023-11-10,15721,15765.34041732437,-44.34041732437072,-0.28204578159385996
ACB,2023-11-13,15756,15750.01555002809,5.984449971909271,0.03798203841018832
ACB,2023-11-14,15931,15826.774204333264,104.2257956667363,0.654232601008953
ACB,2023-11-15,16317,16259.69348502859,57.30651497140934,0.35120742153220164
ACB,2023-11-16,16352,16388.229206158227,-36.22920615822659,-0.22155825683846986
ACB,2023-11-17,15931,16006.012486436823,-75.01248643682266,-0.4708586180203544
ACB,2023-11-20,15791,15858.869698058705,-67.86969805870467,-0.4297998737173369
ACB,2023-11-21,15861,15749.331011321874,111.66898867812597,0.7040475926998674
ACB,2023-11-22,15931,15889.222972376287,41.777027623713366,0.2622373210954326
ACB,2023-11-23,15580,15675.307072058236,-95.30707205823637,-0.6117270350336096
ACB,2023-11-24,15475,15620.968018922607,-145.96801892260737,-0.9432505261557826
ACB,2023-11-27,15335,15287.21379326036,47.786206739639965,0.3116153031603519
ACB,2023-11-28,15370,15312.586545027278,57.41345497272232,0.3735423225290977
ACB,2023-11-29,15475,15484.721950132145,-9.721950132145139,-0.06282358728365195
ACB,2023-11-30,15405,15438.479701399436,-33.479701399435726,-0.21733009671818065
ACB,2023-12-01,15405,15513.294262051068,-108.29426205106756,-0.7029812531714869
ACB,2023-12-04,15651,15653.847581106484,-2.8475811064836307,-0.018194243859712675
ACB,2023-12-05,15545,15511.456164775735,33.54383522426542,0.2157853665118393
ACB,2023-12-06,15651,15712.09779296992,-61.09779296992019,-0.3903762888628215
ACB,2023-12-07,15721,15725.748859437741,-4.748859437740975,-0.030207107930417754
ACB,2023-12-08,15721,15726.963044674649,-5.9630446746487,-0.0379304412864875
ACB,2023-12-11,15721,15739.81140953832,-18.81140953832073,-0.11965784325628605
ACB,2023-12-12,15791,15752.515360075406,38.484639924594376,0.2437124939813462
ACB,2023-12-13,15651,15608.436711789493,42.56328821050738,0.27195251556135314
ACB,2023-12-14,15791,15727.712616046247,63.287383953753306,0.40078135617600724
ACB,2023-12-15,15966,15842.219627716624,123.78037228337598,0.7752747856906926
ACB,2023-12-18,16001,15926.43474636821,74.56525363179026,0.46600370996681617
ACB,2023-12-19,16177,16192.612601198703,-15.612601198703487,-0.09651110341041903
ACB,2023-12-20,16282,16269.184288535356,12.815711464643755,0.07871091674636871
ACB,2023-12-21,16317,16311.57345071249,5.4265492875092605,0.033257028176192076
ACB,2023-12-22,16282,16317.545299899475,-35.54529989947514,-0.21831040350985836
ACB,2023-12-25,16387,16448.16479993883,-61.164799938829674,-0.3732519676501475
ACB,2023-12-26,16317,16385.15748441475,-68.1574844147508,-0.4177084293359735
ACB,2023-12-27,16352,16367.8017786468,-15.801778646800813,-0.09663514338796975
ACB,2023-12-28,16668,16636.81711494272,31.182885057278327,0.18708234375616947
ACB,2023-12-29,16773,16752.556090351245,20.443909648754925,0.12188582632060409
ACB,2024-01-02,17159,17082.145748267947,76.85425173205294,0.447894700926936
ACB,2024-01-03,17546,17511.460144930843,34.539855069157056,0.19685315780894252
ACB,2024-01-04,17756,17774.789808200105,-18.789808200104744,-0.10582230344731215
ACB,2024-01-05,17861,17921.703535564866,-60.70353556486589,-0.3398663880234359
ACB,2024-01-08,17791,17877.16532086151,-86.16532086150983,-0.4843197170564321
ACB,2024-01-09,17546,17657.73431785853,-111.73431785852881,-0.6368079212272245
ACB,2024-01-10,17721,17709.281035094053,11.71896490594736,0.06613038150187552
ACB,2024-01-11,17721,17718.08014716523,2.9198528347696993,0.0164767949594814
ACB,2024-01-12,18107,18019.04107553218,87.9589244678209,0.48577304063522897
ACB,2024-01-15,17756,17901.972399844122,-145.97239984412226,-0.8221018238574131
ACB,2024-01-16,17826,17850.663780706705,-24.663780706705438,-0.1383584691277092
ACB,2024-01-17,17826,17777.52353673209,48.47646326791073,0.2719424619539478
ACB,2024-01-18,17967,17903.711957962114,63.28804203788604,0.35224601790997967
ACB,2024-01-19,18212,18279.613770839882,-67.61377083988191,-0.3712594489341199
ACB,2024-01-22,18458,18473.764776484197,-15.764776484196773,-0.08540890933035417
ACB,2024-01-23,18282,18381.910275975344,-99.91027597534412,-0.5464953286037858
ACB,2024-01-24,18107,18189.786615470864,-82.78661547086449,-0.4572077951668664
ACB,2024-01-25,18107,18058.561307496908,48.43869250309217,0.2675136273435256
ACB,2024-01-26,18458,18347.44604670973,110.55395329026942,0.5989487121587898
ACB,2024-01-29,18212,18344.778656842827,-132.77865684282733,-0.72907235253035
ACB,2024-01-30,18212,18330.387304948646,-118.38730494864649,-0.6500510924041648
ACB,2024-01-31,18072,18046.69867199532,25.301328004679817,0.14000292167264175
ACB,2024-02-01,18247,18120.418288201836,126.58171179816418,0.6937124557360891
ACB,2024-02-02,18423,18346.950579483055,76.04942051694525,0.4127960729357067
ACB,2024-02-05,19511,19250.62298719654,260.37701280345937,1.334513929595917
ACB,2024-02-06,19546,19576.41033859385,-30.41033859385061,-0.1555834369889011
ACB,2024-02-07,19651,19758.707270923307,-107.70727092330708,-0.5481007120416624
ACB,2024-02-15,19090,19308.015350358022,-218.01535035802226,-1.1420395513778012
ACB,2024-02-16,19370,19181.13535342134,188.86464657865872,0.9750368950885839
ACB,2024-02-19,19440,19430.88190129048,9.118098709521291,0.046903799946097176
ACB,2024-02-20,19335,19422.94908106723,-87.94908106722869,-0.45486982708677887
ACB,2024-02-21,19440,19514.393578675932,-74.39357867593208,-0.382683017880309
ACB,2024-02-22,19405,19310.795752899012,94.20424710098814,0.485463783050699
ACB,2024-02-23,19160,19031.63815503743,128.36184496256828,0.6699469987607948
ACB,2024-02-26,19300,19234.31041020987,65.68958979013041,0.3403605688607793
ACB,2024-02-27,19370,19347.595984260166,22.404015739833994,0.11566347826450177
ACB,2024-02-28,19651,19665.933819940306,-14.933819940306421,-0.07599521622465229
ACB,2024-02-29,19651,19690.243860152103,-39.24386015210257,-0.19970413796805542
ACB,2024-03-01,19511,19572.447746879407,-61.44774687940662,-0.3149389927702661
ACB,2024-03-04,19511,19514.31941355953,-3.319413559529494,-0.017013036541076797
ACB,2024-03-05,19616,19552.369008948488,63.630991051511955,0.3243831109885397
ACB,2024-03-06,19370,19422.51004241357,-52.51004241357077,-0.2710895323364521
ACB,2024-03-07,19300,19411.028271101317,-111.02827110131693,-0.5752760160689997
ACB,2024-03-08,18984,18972.88528910827,11.114710891728464,0.05854778177269524
ACB,2024-03-11,18774,18719.65906750173,54.340932498271286,0.2894478134562229
ACB,2024-03-12,18774,18736.085348517398,37.914651482602494,0.20195297476617927
ACB,2024-03-13,19405,19236.98732184766,168.0126781523395,0.8658215828515305
ACB,2024-03-14,19125,19163.07963887335,-38.07963887335063,-0.19910922286719285
ACB,2024-03-15,19195,19206.32633767953,-11.326337679529388,-0.05900670841119765
ACB,2024-03-18,18879,18848.336570415566,30.663429584434198,0.16242083576690608
ACB,2024-03-19,18844,18719.585991489443,124.41400851055732,0.6602314185446685
ACB,2024-03-20,19300,19212.597333532216,87.402666467784,0.45286355682789636
ACB,2024-03-21,19651,19603.562036380597,47.43796361940258,0.2414022880230145
ACB,2024-03-22,19756,19824.136086002447,-68.13608600244697,-0.3448880643978891
ACB,2024-03-25,19300,19413.07930142703,-113.07930142703117,-0.5859031162022341
ACB,2024-03-26,19616,19434.084064553655,181.91593544634452,0.9273854784173354
ACB,2024-03-27,19651,19479.998834813745,171.0011651862551,0.8701906528230375
ACB,2024-03-28,19897,19822.67012474971,74.32987525028875,0.3735732786364213
ACB,2024-03-29,20002,20029.310154953106,-27.310154953105666,-0.13653712105342297
ACB,2024-04-01,19967,19934.216543400427,32.78345659957267,0.16418819351716668
ACB,2024-04-02,19932,19869.057981569145,62.94201843085466,0.3157837569278279
ACB,2024-04-03,19651,19553.40045399354,97.5995460064587,0.4966645260111887
ACB,2024-04-04,19335,19359.65825158747,-24.65825158746884,-0.12753168651393246
ACB,2024-04-05,19054,19101.65229117806,-47.652291178059386,-0.2500907482841366
ACB,2024-04-08,19054,18982.931298889685,71.06870111031458,0.3729857306093974
ACB,2024-04-09,19160,19134.428719608983,25.571280391017353,0.13346179744789852
ACB,2024-04-10,19019,19016.35344497532,2.646555024679401,0.013915321650346502
ACB,2024-04-11,19054,19028.46381067393,25.5361893260706,0.13402009722929883
ACB,2024-04-12,19651,19481.971594180348,169.0284058196521,0.8601516758416982
ACB,2024-04-15,18844,18830.302660104135,13.697339895865298,0.07268806992074558
ACB,2024-04-16,19054,19114.535460319323,-60.53546031932274,-0.3177047355900217
ACB,2024-04-17,18774,18761.77587169151,12.224128308491345,0.06511200760888114
ACB,2024-04-19,18668,18570.437328659216,97.56267134078371,0.5226198379086335
ACB,2024-04-22,18809,18905.131602032317,-96.13160203231746,-0.5110936361971262
ACB,2024-04-23,18704,18652.536862240475,51.463137759525125,0.2751450906732524
ACB,2024-04-24,18984,19038.169975819448,-54.169975819448155,-0.28534542677753977
ACB,2024-04-25,18809,18817.456534374927,-8.456534374927287,-0.04496004239952835
ACB,2024-04-26,18844,18781.57968638999,62.42031361001136,0.33124768419662154
ACB,2024-05-02,18949,18945.120608112942,3.8793918870578636,0.020472805356788557
ACB,2024-05-03,19300,19144.499533097674,155.50046690232557,0.805701901048319
ACB,2024-05-06,19370,19463.681483643137,-93.68148364313674,-0.4836421458086564
ACB,2024-05-07,19405,19469.026884478983,-64.02688447898254,-0.3299504482297477
ACB,2024-05-08,19335,19335.098894574112,-0.0988945741119096,-0.0005114795661334865
ACB,2024-05-09,19370,19286.29777337514,83.70222662486049,0.4321230078722792
ACB,2024-05-10,19440,19344.068929773428,95.93107022657205,0.4934725834700208
ACB,2024-05-13,19440,19428.439628089927,11.560371910072718,0.0594669336937897
ACB,2024-05-14,19476,19513.864715739386,-37.864715739386156,-0.1944173122786309
ACB,2024-05-15,19440,19501.09630535157,-61.096305351569754,-0.31428140612947403
ACB,2024-05-16,19826,19760.509343899634,65.49065610036632,0.33032712650240253
ACB,2024-05-17,19826,19861.11768541738,-35.11768541737911,-0.17712945333087415
ACB,2024-05-20,19826,19905.470970654464,-79.4709706544636,-0.4008421802404095
ACB,2024-05-21,19791,19870.05131905223,-79.05131905222879,-0.39943064550668883
ACB,2024-05-22,19616,19606.89535656653,9.10464343347121,0.046414373131480474
ACB,2024-05-23,19967,19929.759881642938,37.240118357061874,0.186508330530685
ACB,2024-05-24,20528,20292.937037658994,235.0629623410059,1.145084578824074
ACB,2024-05-27,20669,20706.112389879214,-37.11238987921388,-0.17955580763081852
ACB,2024-05-28,20809,20958.75451553221,-149.75451553221137,-0.7196622400509942
ACB,2024-05-29,20528,20572.377046397745,-44.37704639774529,-0.21617812937327208
ACB,2024-05-30,20634,20544.45573993209,89.54426006790891,0.4339646218276093
ACB,2024-05-31,20595,20595.258371565957,-0.25837156595662236,-0.0012545354015859303
ACB,2024-06-03,20720,20837.853529867192,-117.85352986719226,-0.568791167312704
ACB,2024-06-04,20470,20686.771191035503,-216.77119103550285,-1.0589701564997696
ACB,2024-06-05,20344,20399.931334702553,-55.931334702552704,-0.27492791340224493
ACB,2024-06-06,20344,20288.345952018084,55.65404798191594,0.2735649232300233
ACB,2024-06-07,20553,20428.046493340586,124.95350665941442,0.6079575081954675
ACB,2024-06-10,20386,20477.748359159876,-91.74835915987569,-0.4500557203957406
ACB,2024-06-11,20177,20323.90126473519,-146.9012647351883,-0.7280629664230971
ACB,2024-06-12,20512,20504.21936350532,7.780636494680948,0.037932120196377477
ACB,2024-06-13,20720,20599.971893721857,120.02810627814324,0.579286227211116
ACB,2024-06-14,20553,20575.903409804723,-22.903409804723196,-0.11143584783108644
ACB,2024-06-17,20512,20602.92306478561,-90.92306478560931,-0.4432676715367069
ACB,2024-06-18,20512,20503.31189617572,8.688103824279096,0.04235620039137625
ACB,2024-06-19,20595,20536.54675703448,58.453242965519166,0.2838224955839726
ACB,2024-06-20,20720,20716.989218147064,3.0107818529359065,0.014530800448532367
ACB,2024-06-21,20512,20610.79166713199,-98.79166713199083,-0.48162864241415193
ACB,2024-06-24,20136,20178.93392684138,-42.93392684137871,-0.21321973997506313
ACB,2024-06-25,20094,20042.11786312548,51.88213687451935,0.2581971577312598
ACB,2024-06-26,20136,20024.082247176444,111.91775282355593,0.555809261142014
ACB,2024-06-27,20010,20016.53081433245,-6.530814332450973,-0.03263775278586193
ACB,2024-06-28,19885,19910.385933873848,-25.385933873847534,-0.12766373585037735
ACB,2024-07-01,19885,19884.26845197555,0.7315480244506034,0.0036788937613809578
ACB,2024-07-02,20094,19980.51707886946,113.48292113054049,0.564760232559672
ACB,2024-07-03,20261,20175.348599129546,85.65140087045438,0.42274024416590683
ACB,2024-07-04,20177,20242.504687383367,-65.50468738336713,-0.32465028192182743
ACB,2024-07-05,20303,20315.438857504054,-12.438857504053885,-0.06126610601415498
ACB,2024-07-08,20261,20227.853175765136,33.14682423486374,0.16359915223761778
ACB,2024-07-09,20303,20281.09312572789,21.906874272110144,0.10789969104127539
ACB,2024-07-10,20261,20232.027293630446,28.972706369553634,0.14299741557452067
ACB,2024-07-11,20177,20171.87336117197,5.126638828030991,0.025408330415973592
ACB,2024-07-12,20052,20061.128754889633,-9.128754889632546,-0.0455254083863582
ACB,2024-07-15,20010,19945.517827498374,64.48217250162634,0.32224973763931203
ACB,2024-07-16,20136,20043.069302853954,92.93069714604644,0.46151518248930495
ACB,2024-07-17,20470,20341.720560186302,128.27943981369754,0.6266704436428799
ACB,2024-07-18,20720,20647.4936368021,72.50636319789919,0.34993418531804626
ACB,2024-07-19,20971,20898.95975067753,72.0402493224683,0.34352319547216775
ACB,2024-07-22,20679,20779.116379125833,-100.11637912583319,-0.48414516720263645
ACB,2024-07-23,20052,20186.84025943902,-134.84025943902088,-0.6724529196041337
ACB,2024-07-24,20219,20164.28769005916,54.712309940841806,0.2705984961711351
ACB,2024-07-25,20094,20032.584424817913,61.415575182087196,0.3056413615113327
ACB,2024-07-26,20136,20219.942226536026,-83.94222653602628,-0.4168763733414098
ACB,2024-07-29,20177,20265.278888949484,-88.2788889494841,-0.43752237175736775
ACB,2024-07-30,20177,20114.706610606358,62.29338939364243,0.3087346453568044
ACB,2024-07-31,20512,20377.20742650992,134.7925734900782,0.657140081367386
ACB,2024-08-01,20010,20018.17041070663,-8.1704107066289,-0.040831637714287355
ACB,2024-08-02,20010,20127.16509186569,-117.16509186568874,-0.5855326929819527
ACB,2024-08-05,19384,19446.40898832299,-62.4089883229899,-0.3219613512329236
ACB,2024-08-06,19634,19619.703651991575,14.296348008425412,0.0728142406459479
ACB,2024-08-07,19551,19603.8115544158,-52.81155441579904,-0.27012201123113416
ACB,2024-08-08,19425,19426.506559995145,-1.5065599951449258,-0.007755778610784688
ACB,2024-08-09,19718,19754.968785116896,-36.96878511689647,-0.18748749932496434
ACB,2024-08-12,19885,19765.023912045443,119.97608795455744,0.6033497005509552
ACB,2024-08-13,19718,19724.758553613545,-6.758553613544791,-0.03427606052107105
ACB,2024-08-14,19676,19746.384421117073,-70.38442111707263,-0.3577171229776003
ACB,2024-08-15,19634,19586.90054783896,47.09945216104097,0.2398871965011764
ACB,2024-08-16,20052,20031.94083042406,20.05916957593945,0.10003575491691329
ACB,2024-08-19,20094,20118.36254893658,-24.362548936580424,-0.1212429030386206
ACB,2024-08-20,20136,20203.58649222227,-67.58649222227177,-0.33565004083368977
ACB,2024-08-21,20386,20372.582410901814,13.417589098186,0.06581766456482879
ACB,2024-08-22,20386,20285.934634616886,100.06536538311411,0.49085335712309486
ACB,2024-08-23,20428,20411.134760013505,16.865239986495,0.0825594281696446
ACB,2024-08-26,20428,20435.13234070999,-7.132340709991695,-0.03491453255331748
ACB,2024-08-27,20428,20437.49188456975,-9.491884569750255,-0.04646507034340246
ACB,2024-08-28,20470,20480.6026609652,-10.602660965199902,-0.05179609655691208
ACB,2024-08-29,20595,20550.10153189081,44.89846810918971,0.21800664291910515
ACB,2024-08-30,20720,20694.06882247086,25.93117752913895,0.12515047070047755
ACB,2024-09-04,20595,20614.134063277874,-19.134063277873793,-0.09290635240531096
ACB,2024-09-05,20470,20492.62002307662,-22.620023076618963,-0.11050328811245218
ACB,2024-09-06,20553,20554.965183912413,-1.9651839124126127,-0.009561542900854439
ACB,2024-09-09,20428,20426.62470387383,1.3752961261707242,0.00673240711851735
ACB,2024-09-10,20261,20321.846340403245,-60.84634040324454,-0.3003126222952694
ACB,2024-09-11,20177,20249.284033468597,-72.28403346859704,-0.3582496578708284
ACB,2024-09-12,20428,20336.408838233438,91.59116176656244,0.4483608858750853
ACB,2024-09-13,20386,20372.98724888444,13.012751115558785,0.06383180180299611
ACB,2024-09-16,20177,20240.402189319713,-63.402189319713216,-0.3142300110012054
ACB,2024-09-17,20470,20508.727309097514,-38.72730909751408,-0.18919056715932622
ACB,2024-09-18,20595,20553.74066841911,41.25933158089174,0.20033664278170304
ACB,2024-09-19,20720,20739.604620439284,-19.60462043928419,-0.09461689401198933
ACB,2024-09-20,21431,21340.54117210776,90.45882789223833,0.42209335958302613
ACB,2024-09-23,21431,21426.31077991773,4.689220082269458,0.021880547255235208
ACB,2024-09-24,21556,21639.202350113606,-83.20235011360637,-0.3859823256337278
ACB,2024-09-25,21890,21865.230299972965,24.76970002703456,0.11315532218837167
ACB,2024-09-26,21723,21756.599786565144,-33.59978656514431,-0.1546737861489864
ACB,2024-09-27,21639,21746.329610053028,-107.32961005302786,-0.496000785863616
ACB,2024-09-30,21514,21562.719552843915,-48.71955284391515,-0.22645511222420356
ACB,2024-10-01,21514,21492.567629040008,21.432370959992113,0.0996205771125412
ACB,2024-10-02,21556,21506.286650125923,49.71334987407681,0.23062418757690117
ACB,2024-10-03,21472,21426.128537674856,45.87146232514351,0.21363385956195746
ACB,2024-10-04,21222,21272.327809726194,-50.327809726193664,-0.2371492306389297
ACB,2024-10-07,21263,21215.461255709743,47.538744290257455,0.22357496256528928
ACB,2024-10-08,21305,21236.734601365682,68.26539863431753,0.3204196133974069
ACB,2024-10-09,21932,21790.661180537896,141.33881946210386,0.644441088191245
ACB,2024-10-10,21890,21994.232722722987,-104.23272272298709,-0.47616593295106024
ACB,2024-10-11,21807,21943.06963520907,-136.06963520907084,-0.6239722805019986
ACB,2024-10-14,21681,21753.5468444972,-72.54684449719934,-0.33461023244868476
ACB,2024-10-15,21598,21527.26505799363,70.73494200636924,0.3275069080765314
ACB,2024-10-16,21514,21545.00919737339,-31.009197373390634,-0.14413496966343142
ACB,2024-10-17,21848,21829.62788680389,18.37211319611015,0.08409059500233498
ACB,2024-10-18,21807,21858.925195824464,-51.925195824464026,-0.23811251352530852
ACB,2024-10-21,21556,21646.39236461074,-90.3923646107396,-0.41933737525858045
ACB,2024-10-22,21222,21252.485555856307,-30.485555856306746,-0.14365072027286185
ACB,2024-10-23,21222,21109.274961945215,112.72503805478482,0.5311706627781775
ACB,2024-10-24,20888,20860.07500532829,27.92499467171001,0.13368917403154928
ACB,2024-10-25,20804,20837.65913594911,-33.65913594911035,-0.1617916552062601
ACB,2024-10-28,21013,20956.648993009527,56.35100699047325,0.26817211721540596
ACB,2024-10-29,21055,20990.56099474926,64.43900525074059,0.30605084422104295
ACB,2024-10-30,20971,20946.6050563516,24.39494364839993,0.11632704042916375
ACB,2024-10-31,21222,21115.925317005403,106.07468299459651,0.49983358304870656
ACB,2024-11-01,20804,20832.91862576857,-28.918625768568745,-0.13900512290217626
ACB,2024-11-04,20679,20680.49975414658,-1.4997541465781978,-0.007252546770047864
ACB,2024-11-05,20679,20647.5656873609,31.434312639099517,0.15201079664925538
ACB,2024-11-06,20971,20867.90516156169,103.09483843830822,0.49160668751279485
ACB,2024-11-07,20971,20961.129645204095,9.87035479590486,0.047066686356896946
ACB,2024-11-08,20804,20815.472060366472,-11.472060366471851,-0.055143531851912383
ACB,2024-11-11,20762,20696.575175917595,65.4248240824054,0.3151181200385579
ACB,2024-11-12,20762,20589.812841806735,172.18715819326462,0.829338012683097
ACB,2024-11-13,20804,20709.25659097113,94.74340902886979,0.45540958002725335
ACB,2024-11-14,20512,20554.875098270517,-42.8750982705169,-0.20902446504737182
ACB,2024-11-15,20386,20368.558114945678,17.441885054322483,0.08555815292025155
ACB,2024-11-18,20470,20361.013423727734,108.98657627226567,0.5324209881400375
ACB,2024-11-19,20303,20193.257717004926,109.74228299507377,0.5405224991137949
ACB,2024-11-20,20470,20440.331689518527,29.668310481472872,0.14493556659244197
ACB,2024-11-21,20762,20699.088230199653,62.91176980034652,0.303014015029123
ACB,2024-11-22,20846,20776.360645691977,69.63935430802303,0.3340657886789937
ACB,2024-11-25,20804,20865.457985722293,-61.457985722292506,-0.2954142747658744
ACB,2024-11-26,20888,20864.500211833634,23.49978816636576,0.1125037732974232
ACB,2024-11-27,20929,20875.211422400997,53.788577599003474,0.2570050054900066
ACB,2024-11-28,21013,20987.390103213922,25.609896786078025,0.121876442136192
ACB,2024-11-29,21055,21104.362249099577,-49.36224909957673,-0.23444430823831267
ACB,2024-12-02,21013,21035.19828744963,-22.198287449631607,-0.10564073406763244
ACB,2024-12-03,20888,20914.073451696684,-26.07345169668406,-0.1248250272725204
ACB,2024-12-04,20929,20822.851131693264,106.1488683067364,0.5071855717269644
ACB,2024-12-05,21472,21399.689858022368,72.31014197763216,0.33676481919538076
ACB,2024-12-06,21431,21442.04400861902,-11.044008619021042,-0.05153286649722851
ACB,2024-12-09,21305,21433.844472924837,-128.84447292483674,-0.6047616659227258
ACB,2024-12-10,21180,21241.042857596443,-61.042857596443355,-0.2882099036659271
ACB,2024-12-11,21222,21120.669961428513,101.33003857148651,0.47747638569167145
ACB,2024-12-12,21138,21146.659588789636,-8.659588789636473,-0.040966925866385055
ACB,2024-12-13,21013,21097.62884146894,-84.62884146894066,-0.40274516475011024
ACB,2024-12-16,21013,21071.66523807619,-58.6652380761916,-0.27918544746676627
ACB,2024-12-17,21055,21001.48942923463,53.510570765371085,0.25414661964080304
ACB,2024-12-18,21013,20990.424260406115,22.575739593885373,0.10743701324839564
ACB,2024-12-19,20720,20776.9501779086,-56.95017790859856,-0.2748560709874448
ACB,2024-12-20,20720,20744.17111534883,-24.171115348828607,-0.11665596210824616
ACB,2024-12-23,20804,20770.881253141466,33.118746858533996,0.15919413025636414
ACB,2024-12-24,20888,20847.299052060553,40.70094793944736,0.19485325516778704
ACB,2024-12-25,21263,21262.869358152675,0.13064184732502326,0.0006144092899638962
ACB,2024-12-26,21347,21331.676525950283,15.323474049717333,0.07178279875259912
ACB,2024-12-27,21347,21382.907212385508,-35.90721238550759,-0.16820730025534075
ACB,2024-12-30,21222,21260.902094501304,-38.90209450130351,-0.18331021817596602
ACB,2024-12-31,21556,21391.084905267406,164.9150947325943,0.7650542527954829
FPT,2023-01-03,49744,49339.92219154657,404.0778084534322,0.8123146680070605
FPT,2023-01-04,49744,49723.634191447825,20.365808552174713,0.04094123623386682
FPT,2023-01-05,50117,50263.35221289153,-146.35221289152832,-0.29202109641743984
FPT,2023-01-06,49931,49985.673505528204,-54.67350552820426,-0.10949811845988315
FPT,2023-01-09,49931,49807.27096119228,123.72903880772355,0.24780004167295577
FPT,2023-01-10,49993,50000.84918604473,-7.8491860447320505,-0.0157005701692878
FPT,2023-01-11,50304,50259.1137641208,44.886235879203014,0.08922995364027317
FPT,2023-01-12,50179,50328.54475071173,-149.54475071172783,-0.2980225805849615
FPT,2023-01-13,49744,49895.543267250134,-151.5432672501338,-0.3046463236774964
FPT,2023-01-16,50241,49881.39442168508,359.6055783149204,0.7157611877051022
FPT,2023-01-17,50988,50618.709701460444,369.2902985395558,0.724269040832266
FPT,2023-01-18,51858,51534.812317443924,323.18768255607574,0.6232166349571441
FPT,2023-01-19,52169,52236.410964647184,-67.4109646471843,-0.12921651679576818
FPT,2023-01-27,52231,52331.55921706379,-100.55921706379013,-0.19252784182533386
FPT,2023-01-30,52045,51993.382019435885,51.61798056411499,0.09917951880894416
FPT,2023-01-31,51920,51951.96676150044,-31.966761500436405,-0.061569263290516964
FPT,2023-02-01,50988,51181.2231000211,-193.22310002110316,-0.3789579901567097
FPT,2023-02-02,50925,51108.865298012846,-183.86529801284632,-0.36105114975522107
FPT,2023-02-03,49806,50177.6758623469,-371.6758623468995,-0.7462471636889121
FPT,2023-02-06,50055,49966.12258876534,88.87741123465821,0.17755950701160364
FPT,2023-02-07,50179,49901.4766359041,277.5233640958977,0.5530667492295537
FPT,2023-02-08,50490,50301.12331314394,188.87668685606332,0.3740873179957681
FPT,2023-02-09,50179,50330.49098514734,-151.49098514734214,-0.30190116412710927
FPT,2023-02-10,50179,50131.94515474794,47.05484525205975,0.09377397965694763
FPT,2023-02-13,50179,50092.44997698087,86.55002301913191,0.17248255847890934
FPT,2023-02-14,50241,50207.792084596505,33.20791540349455,0.06609724210006679
FPT,2023-02-15,50739,50725.206229490774,13.793770509226306,0.02718573584269754
FPT,2023-02-16,50739,50921.286975228904,-182.28697522890434,-0.35926402812216307
FPT,2023-02-17,50739,50787.86983348911,-48.869833489108714,-0.09631611480145197
FPT,2023-02-20,51485,51343.03011537342,141.96988462658192,0.27574999441892184
FPT,2023-02-21,51485,51290.99944054795,194.00055945204804,0.3768098658872449
FPT,2023-02-22,50863,50949.37904059304,-86.37904059304128,-0.16982686941989517
FPT,2023-02-23,50615,50724.74356985222,-109.74356985221675,-0.21682025062178556
FPT,2023-02-24,50241,50064.971352200366,176.0286477996342,0.35036851933606855
FPT,2023-02-27,49931,49794.80385131291,136.19614868709323,0.2727687182053098
FPT,2023-02-28,50055,49954.33891920967,100.6610807903271,0.20110095053506566
FPT,2023-03-01,50055,50064.33223982298,-9.332239822979318,-0.018643971277553326
FPT,2023-03-02,49744,49743.17600429376,0.823995706239657,0.001656472551945274
FPT,2023-03-03,48811,48946.59285010663,-135.59285010663007,-0.2777915840827479
FPT,2023-03-06,48625,48564.24424152351,60.755758476487244,0.12494757527298148
FPT,2023-03-07,48998,48790.21321868379,207.78678131620836,0.42407196480715204
FPT,2023-03-08,49433,49306.89940208525,126.10059791475214,0.2550939613512272
FPT,2023-03-09,50117,50080.56941770105,36.43058229894814,0.0726910674999464
FPT,2023-03-10,49433,49735.15465096054,-302.1546509605396,-0.6112407722787199
FPT,2023-03-13,49060,49180.94837863719,-120.94837863719295,-0.2465315504223256
FPT,2023-03-14,48936,48744.4249976428,191.57500235720363,0.3914807143150311
FPT,2023-03-15,50055,49630.2301653926,424.769834607403,0.8486062023921748
FPT,2023-03-16,49247,49572.89890685156,-325.8989068515584,-0.6617639792303256
FPT,2023-03-17,49122,49393.15919156667,-271.15919156667223,-0.5520117087387978
FPT,2023-03-20,48252,48372.60834292237,-120.60834292237269,-0.24995511672546772
FPT,2023-03-21,48563,48167.16649092398,395.8335090760229,0.8150927847868189
FPT,2023-03-22,48811,48599.589475522065,211.4105244779348,0.4331206582080572
FPT,2023-03-23,48500,48648.247586767146,-148.24758676714555,-0.3056651273549393
FPT,2023-03-24,48873,48926.10343709087,-53.103437090867374,-0.1086559799702645
FPT,2023-03-27,49184,48991.1647847623,192.8352152376974,0.39206899649824617
FPT,2023-03-28,49247,49072.7901028298,174.20989717019984,0.353747227587873
FPT,2023-03-29,49122,49249.343517711735,-127.34351771173533,-0.2592392771298712
FPT,2023-03-30,49184,49211.39880720118,-27.398807201177988,-0.055706748538504366
FPT,2023-03-31,49184,49254.22374028786,-70.22374028785998,-0.1427776111903464
FPT,2023-04-03,50304,50004.37433571171,299.6256642882872,0.5956298987919195
FPT,2023-04-04,50055,50147.504869880606,-92.50486988060584,-0.18480645266328205
FPT,2023-04-05,50117,50243.11210593113,-126.11210593113356,-0.25163538506122385
FPT,2023-04-06,49931,49946.57549208863,-15.575492088632018,-0.03119403194134309
FPT,2023-04-07,50055,49835.998678306925,219.00132169307471,0.43752136987928225
FPT,2023-04-10,49931,49977.83207046983,-46.83207046982716,-0.09379357607463733
FPT,2023-04-11,49931,50031.325336338996,-100.32533633899584,-0.2009279532534815
FPT,2023-04-12,49931,50016.84481157469,-85.8448115746869,-0.1719268822468745
FPT,2023-04-13,49495,49622.69280209612,-127.69280209612043,-0.2579913164887775
FPT,2023-04-14,49495,49391.19371615422,103.80628384577722,0.20973084926917307
FPT,2023-04-17,49495,49477.86022478456,17.139775215437112,0.034629306425774546
FPT,2023-04-18,49371,49437.65289478322,-66.65289478321938,-0.13500414166863012
FPT,2023-04-19,49309,49420.98450266356,-111.9845026635594,-0.22710763281258878
FPT,2023-04-20,49371,49401.564032314716,-30.564032314716314,-0.06190685283813638
FPT,2023-04-21,49309,49305.63817434564,3.3618256543632015,0.006817874331994569
FPT,2023-04-24,49184,49283.16616445676,-99.16616445675754,-0.20162281322535286
FPT,2023-04-25,48749,48912.808010075154,-163.80801007515402,-0.3360233237095202
FPT,2023-04-26,48687,48806.44465503681,-119.4446550368084,-0.24533172106888573
FPT,2023-04-27,48687,48651.22396164319,35.776038356809295,0.07348170632162444
FPT,2023-04-28,48189,48439.36132115867,-250.36132115867076,-0.519540395440185
FPT,2023-05-04,48811,48620.20661518115,190.7933848188477,0.3908819422237768
FPT,2023-05-05,48749,48716.03942855657,32.96057144342922,0.06761281553145546
FPT,2023-05-08,48811,48866.50177518964,-55.501775189637556,-0.1137075150880694
FPT,2023-05-09,49060,49047.97349167443,12.02650832557265,0.024513877549067774
FPT,2023-05-10,49122,49064.11361982993,57.88638017007179,0.11784206703731889
FPT,2023-05-11,49184,49213.634718788926,-29.634718788925966,-0.060252762664537184
FPT,2023-05-12,50055,49859.852175001746,195.14782499825378,0.3898667965203352
FPT,2023-05-15,50366,50269.26076969806,96.73923030193691,0.19207248997724044
FPT,2023-05-16,50677,50677.8521918311,-0.8521918311016634,-0.001681614600512389
FPT,2023-05-17,50677,50683.90430258385,-6.904302583847311,-0.013624134388080019
FPT,2023-05-18,51547,51225.64743627895,321.3525637210478,0.6234166173027484
FPT,2023-05-19,51485,51452.19469869751,32.80530130249099,0.06371817287072154
FPT,2023-05-22,51298,51452.9889722699,-154.98897226990084,-0.3021345320868276
FPT,2023-05-23,50988,51160.02602653035,-172.02602653035137,-0.33738531915421544
FPT,2023-05-24,50552,50572.88527373863,-20.88527373863326,-0.041314436102692795
FPT,2023-05-25,51734,51242.51866434516,491.4813356548402,0.9500161125272358
FPT,2023-05-26,51672,51629.81027686425,42.18972313575068,0.08164910035560977
FPT,2023-05-29,51672,51881.40297251635,-209.4029725163491,-0.40525424314202874
FPT,2023-05-30,52231,52179.30762641878,51.692373581223364,0.09896876104463512
FPT,2023-05-31,52293,52053.4883336335,239.51166636650305,0.45801859974853815
FPT,2023-06-01,51920,52145.826229252336,-225.8262292523359,-0.43495036450758073
FPT,2023-06-02,52107,52309.99951657424,-202.99951657423662,-0.3895820457409496
FPT,2023-06-05,52853,52689.22222888307,163.77777111693285,0.30987412467964515
FPT,2023-06-06,53040,53140.7071900374,-100.70719003739941,-0.18987026779298533
FPT,2023-06-07,52853,53093.070954763425,-240.0709547634251,-0.4542238941279116
FPT,2023-06-08,51982,52354.22579860356,-372.225798603562,-0.7160667127150976
FPT,2023-06-09,52604,52371.790171400135,232.20982859986543,0.4414299836511776
FPT,2023-06-12,52791,52639.302751783456,151.6972482165438,0.2873543752089254
FPT,2023-06-13,52480,52742.88296546804,-262.8829654680376,-0.5009202848095229
FPT,2023-06-14,52356,52659.13884616757,-303.13884616756695,-0.578995427778224
FPT,2023-06-15,52293,52254.320058543264,38.67994145673583,0.07396772313069785
FPT,2023-06-16,52542,52346.1131428049,195.8868571951025,0.3728195675747069
FPT,2023-06-19,52666,52570.60310222746,95.39689777253807,0.18113564305726287
FPT,2023-06-20,53164,53121.34146167019,42.658538329807925,0.08023951984389423
FPT,2023-06-21,53350,53452.22178841818,-102.22178841818095,-0.19160597641645913
FPT,2023-06-22,53164,53287.53872409712,-123.53872409711767,-0.2323728916129668
FPT,2023-06-23,52915,53063.96694610978,-148.9669461097801,-0.2815212059147314
FPT,2023-06-26,53350,53183.06285169157,166.93714830843237,0.3129093689005293
FPT,2023-06-27,54283,53939.27338049454,343.7266195054617,0.6332122754922567
FPT,2023-06-28,54097,54275.340514925076,-178.3405149250757,-0.3296680313604741
FPT,2023-06-29,53786,53975.698909708546,-189.69890970854613,-0.352691982502038
FPT,2023-06-30,53475,53512.30977649272,-37.30977649272245,-0.06977050302519391
FPT,2023-07-03,53724,53404.38027231695,319.61972768304986,0.5949291335028104
FPT,2023-07-04,54097,53916.097192751324,180.90280724867625,0.33440450902762864
FPT,2023-07-05,54107,54213.90071766088,-106.90071766087931,-0.19757280511002148
FPT,2023-07-06,53963,54103.11458201188,-140.1145820118836,-0.2596493560622716
FPT,2023-07-07,54469,54267.05132482161,201.94867517839157,0.3707589182441234
FPT,2023-07-10,54469,54328.808649489896,140.1913505101038,0.25737823442711233
FPT,2023-07-11,54252,54352.32347149055,-100.3234714905484,-0.18492124067416577
FPT,2023-07-12,54469,54491.557983671024,-22.557983671023976,-0.041414352514318194
FPT,2023-07-13,54831,54729.21525941724,101.78474058276333,0.1856335660169673
FPT,2023-07-14,56639,56012.671743447674,626.3282565523259,1.1058250614458693
FPT,2023-07-17,57145,56991.91677975146,153.08322024853987,0.26788558972533005
FPT,2023-07-18,56928,57167.937529595016,-239.9375295950158,-0.42147542438697266
FPT,2023-07-19,56784,56915.8171856223,-131.81718562229798,-0.23213790085639965
FPT,2023-07-20,58086,57369.92310666794,716.0768933320578,1.2327874071756668
FPT,2023-07-21,58592,58369.39135478701,222.60864521298936,0.37993010174254055
FPT,2023-07-24,58592,58861.39565111288,-269.3956511128781,-0.4597823100643059
FPT,2023-07-25,58809,58958.83521792163,-149.83521792163083,-0.2547828018188216
FPT,2023-07-26,59822,59266.998519104294,555.0014808957058,0.9277548074215267
FPT,2023-07-27,60545,59979.316867000365,565.6831329996348,0.9343184953334459
FPT,2023-07-28,61052,60919.70169078254,132.2983092174618,0.21669774817772028
FPT,2023-07-31,61920,61803.74990835086,116.25009164914081,0.18774239607419382
FPT,2023-08-01,61124,61342.23994559654,-218.23994559654238,-0.3570446070226791
FPT,2023-08-02,60401,60625.73597513167,-224.73597513166897,-0.3720732688724838
FPT,2023-08-03,60545,60356.33887381482,188.66112618517946,0.311604800041588
FPT,2023-08-04,60256,60303.30803520545,-47.30803520545305,-0.07851174191027126
FPT,2023-08-07,61124,61030.216038901504,93.78396109849564,0.1534323033481049
FPT,2023-08-08,60907,61039.06238281709,-132.06238281708647,-0.216826280751123
FPT,2023-08-09,60111,60368.742764130584,-257.74276413058396,-0.428778034187726
FPT,2023-08-10,59460,59621.538792155996,-161.5387921559959,-0.27167640793137554
FPT,2023-08-11,59315,59198.15659783779,116.8434021622088,0.19698794935886169
FPT,2023-08-14,59749,59634.5032158128,114.4967841871985,0.19162962424006844
FPT,2023-08-15,60762,60621.70363310908,140.2963668909215,0.23089491275949028
FPT,2023-08-16,61558,61563.73221030431,-5.732210304311593,-0.009311885220948687
FPT,2023-08-17,62209,62105.63087969352,103.36912030648091,0.16616425325351783
FPT,2023-08-18,61847,61707.689783750335,139.31021624966525,0.22524975544434694
FPT,2023-08-21,62137,62002.677733344724,134.3222666552756,0.21617114867997425
FPT,2023-08-22,62571,62412.123862632434,158.87613736756612,0.25391337419502025
FPT,2023-08-23,62571,62586.18986767869,-15.189867678687733,-0.02427621051076015
FPT,2023-08-24,65866,64952.11029077848,913.8897092215193,1.3874984198547344
FPT,2023-08-25,66306,65972.53914632148,333.46085367852356,0.5029120346251071
FPT,2023-08-28,68794,68005.00289086334,788.9971091366606,1.1468981439321169
FPT,2023-08-29,68501,68492.85010272832,8.149897271679947,0.011897486564692408
FPT,2023-08-30,70697,69569.81465244273,1127.1853475572716,1.5943892209814725
FPT,2023-08-31,70770,70627.92818216069,142.07181783931446,0.20075147356127518
FPT,2023-09-05,70843,70752.57466542645,90.42533457354875,0.1276418765065691
FPT,2023-09-06,72453,72063.01757292543,389.98242707457393,0.5382557341650089
FPT,2023-09-07,71648,71605.80989225513,42.19010774487106,0.05888525533841985
FPT,2023-09-08,71428,71339.3242151758,88.67578482419776,0.12414709193061231
FPT,2023-09-11,71282,71084.96659375227,197.0334062477341,0.2764139702137063
FPT,2023-09-12,72380,71585.4385653919,794.5614346080984,1.0977637947058556
FPT,2023-09-13,71721,71862.16299196647,-141.16299196647014,-0.1968223978562348
FPT,2023-09-14,70184,70729.34783556822,-545.3478355682164,-0.7770258685287478
FPT,2023-09-15,71355,70993.63631126682,361.36368873318133,0.50643078793803
FPT,2023-09-18,70916,70670.45044348453,245.5495565154706,0.3462540985327297
FPT,2023-09-19,72014,71716.08000926992,297.919990730079,0.4136973237566015
FPT,2023-09-20,72087,72503.46949488492,-416.469494884921,-0.5777317614617351
FPT,2023-09-21,70843,71376.11656786881,-533.1165678688121,-0.7525324560913741
FPT,2023-09-22,70770,70955.70624558638,-185.70624558637792,-0.26240814693567605
FPT,2023-09-25,69013,69294.58099141301,-281.5809914130077,-0.4080115216162284
FPT,2023-09-26,68428,68741.34027621901,-313.34027621900896,-0.45791236952564585
FPT,2023-09-27,69013,69144.66800479623,-131.66800479622907,-0.19078724993295332
FPT,2023-09-28,68794,68778.03597820176,15.964021798237809,0.023205543794862647
FPT,2023-09-29,67916,68448.20501457185,-532.2050145718531,-0.7836224373812549
FPT,2023-10-02,68208,68005.20957593797,202.79042406202643,0.2973117875645473
FPT,2023-10-03,67476,67173.30702045899,302.6929795410106,0.4485935436911058
FPT,2023-10-04,67696,67568.35043850803,127.64956149196951,0.18856293058965007
FPT,2023-10-05,67037,67186.16234934994,-149.16234934993554,-0.222507494890785
FPT,2023-10-06,67842,67628.43434845694,213.56565154306008,0.3147985783777897
FPT,2023-10-09,69965,69157.69103507811,807.3089649218891,1.1538754590465077
FPT,2023-10-10,70477,70072.73960729557,404.2603927044256,0.5736061306588328
FPT,2023-10-11,70989,70914.7204825177,74.2795174822968,0.1046352498025001
FPT,2023-10-12,70550,70555.6054847349,-5.605484734900529,-0.00794540713664143
FPT,2023-10-13,70331,69978.17300535273,352.82699464727193,0.5016663983837454
FPT,2023-10-16,70843,70344.09401307098,498.9059869290213,0.7042417556131464
FPT,2023-10-17,68135,68830.40635862143,-695.4063586214324,-1.020630158687066
FPT,2023-10-18,68062,68097.10447931381,-35.1044793138135,-0.051577208007131
FPT,2023-10-19,67330,67039.5473411024,290.4526588976005,0.4313866907732073
FPT,2023-10-20,67989,67210.50582204436,778.4941779556393,1.1450296047237631
FPT,2023-10-23,66598,66894.70048042607,-296.70048042606504,-0.44550959552248576
FPT,2023-10-24,67330,66941.10513043817,388.894869561831,0.5775952317864711
FPT,2023-10-25,66525,66552.08942855714,-27.08942855714122,-0.04072067426853246
FPT,2023-10-26,63524,64188.71133420318,-664.7113342031807,-1.046394015180374
FPT,2023-10-27,63671,63763.867259184306,-92.86725918430602,-0.14585487770618652
FPT,2023-10-30,62207,62436.64842569177,-229.64842569176835,-0.36916814135349457
FPT,2023-10-31,60743,61313.23003455378,-570.2300345537806,-0.9387584323358751
FPT,2023-11-01,62500,62280.57487924378,219.42512075621926,0.3510801932099508
FPT,2023-11-02,65135,64056.47340367096,1078.5265963290367,1.655832649618541
FPT,2023-11-03,63671,64323.311531309395,-652.3115313093949,-1.024503355231416
FPT,2023-11-06,64769,64799.77951437969,-30.779514379690227,-0.047521984868826486
FPT,2023-11-07,64622,64340.29786200734,281.7021379926591,0.4359229643041984
FPT,2023-11-08,67769,66579.0817757296,1189.9182242703973,1.7558444484504676
FPT,2023-11-09,67696,67895.29993674447,-199.29993674447178,-0.29440430268327783
FPT,2023-11-10,66964,67593.98898583568,-629.9889858356764,-0.940787566208226
FPT,2023-11-13,66891,67168.01715430953,-277.0171543095348,-0.4141321766897413
FPT,2023-11-14,67769,66757.97588999529,1011.0241100047133,1.4918681255510828
FPT,2023-11-15,67623,67258.13220701256,364.8677929874393,0.5395616772214177
FPT,2023-11-16,68062,68029.86101039698,32.13898960301594,0.04722016632337566
FPT,2023-11-17,66598,66921.1465708462,-323.1465708462056,-0.4852196324907738
FPT,2023-11-20,66379,66234.01510984283,144.98489015716768,0.2184198167450062
FPT,2023-11-21,67257,66476.23851735335,780.7614826466452,1.1608627840174928
FPT,2023-11-22,68062,67491.94749457922,570.0525054207828,0.8375488604813006
FPT,2023-11-23,66452,67233.12133419653,-781.121334196534,-1.1754670050510654
FPT,2023-11-24,66745,66987.55246745293,-242.5524674529297,-0.3634017041769866
FPT,2023-11-27,66379,66268.09128898877,110.90871101123048,0.16708403412409117
FPT,2023-11-28,66671,66542.49140288489,128.50859711511293,0.19275036689882097
FPT,2023-11-29,67111,67348.0143467703,-237.01434677030193,-0.3531676577167706
FPT,2023-11-30,67257,67517.67068428984,-260.67068428984203,-0.3875740581498462
FPT,2023-12-01,67623,67876.19118024508,-253.1911802450777,-0.37441577606003534
FPT,2023-12-04,68501,68371.72371249778,129.2762875022163,0.18872175224042903
FPT,2023-12-05,69379,69103.81651367244,275.18348632755806,0.39663801197416804
FPT,2023-12-06,69526,69844.48040967583,-318.48040967583074,-0.45807382802955837
FPT,2023-12-07,69013,69511.32379333948,-498.32379333948484,-0.7220723535268498
FPT,2023-12-08,68940,69150.74105206339,-210.74105206338572,-0.30568762991497783
FPT,2023-12-11,69526,69296.24103978579,229.75896021421067,0.3304648048416573
FPT,2023-12-12,70843,70418.22236216662,424.77763783338014,0.5996042485967282
FPT,2023-12-13,69672,70237.11293285637,-565.1129328563693,-0.8111047951205208
FPT,2023-12-14,70404,70366.33769899799,37.6623010020121,0.053494547187676975
FPT,2023-12-15,70404,70166.61052255228,237.38947744772304,0.3371818042266392
FPT,2023-12-18,68794,69093.19333895345,-299.19333895345335,-0.4349119675457937
FPT,2023-12-19,69233,69363.97417794802,-130.9741779480246,-0.18917882794046856
FPT,2023-12-20,69306,69237.63410217842,68.36589782158262,0.09864354864165097
FPT,2023-12-21,69599,69566.83351676541,32.16648323458503,0.04621687557951268
FPT,2023-12-22,69233,69623.9055445658,-390.9055445658014,-0.5646231487380315
FPT,2023-12-25,70257,69945.10387488494,311.8961251150613,0.4439360136570894
FPT,2023-12-26,71136,70846.00051647969,289.9994835203106,0.4076690895191051
FPT,2023-12-27,70916,71038.36484713823,-122.36484713823302,-0.17254899760030604
FPT,2023-12-28,70697,71140.9303634187,-443.93036341869447,-0.6279338068357844
FPT,2023-12-29,70331,70632.91607406439,-301.9160740643856,-0.4292788017579525
FPT,2024-01-02,70184,70211.5252759647,-27.525275964697357,-0.0392187335641989
FPT,2024-01-03,70477,70520.16291016253,-43.16291016252944,-0.06124396634721886
FPT,2024-01-04,71136,71036.77483202892,99.22516797107528,0.13948657215906896
FPT,2024-01-05,71282,71352.97516976413,-70.97516976413317,-0.0995695543954058
FPT,2024-01-08,71209,71259.02139680128,-50.02139680128312,-0.07024589139193517
FPT,2024-01-09,70697,70745.54217262162,-48.542172621615464,-0.06866228074970009
FPT,2024-01-10,69306,69717.75324456257,-411.7532445625693,-0.5941090880480324
FPT,2024-01-11,69526,69435.41265863388,90.58734136611747,0.13029275575485066
FPT,2024-01-12,69306,69322.61111871584,-16.61111871583853,-0.0239677931432178
FPT,2024-01-15,69818,69710.34941810864,107.65058189135743,0.15418743288458198
FPT,2024-01-16,70038,70129.5266930011,-91.52669300109847,-0.13068147719966083
FPT,2024-01-17,70038,69930.60005936678,107.39994063321501,0.15334524205890376
FPT,2024-01-18,69965,69959.89827120601,5.101728793990333,0.007291829906367944
FPT,2024-01-19,70477,70244.28591213492,232.71408786508255,0.3301986291486337
FPT,2024-01-22,70550,70553.54827982173,-3.548279821727192,-0.005029454035049174
FPT,2024-01-23,69965,70365.05156786776,-400.05156786776206,-0.5717881338780276
FPT,2024-01-24,69526,69794.23770648209,-268.2377064820903,-0.38580920300619953
FPT,2024-01-25,69599,69461.59301377606,137.4069862239412,0.1974266673715732
FPT,2024-01-26,70184,69825.80066224295,358.19933775704703,0.5103717909452967
FPT,2024-01-29,70184,70144.2740094894,39.72599051060388,0.056602630956633815
FPT,2024-01-30,69965,70134.68952423372,-169.68952423371957,-0.2425348734849133
FPT,2024-01-31,70038,69886.61638694236,151.38361305763829,0.2161449685279966
FPT,2024-02-01,73112,71837.66806700903,1274.3319329909718,1.7429860118598477
FPT,2024-02-02,74649,73929.99416179486,719.0058382051357,0.9631821433711579
FPT,2024-02-05,75746,75753.64858595384,-7.648585953837028,-0.010097676384016353
FPT,2024-02-06,76185,76332.6869856794,-147.68698567939282,-0.19385310189590185
FPT,2024-02-07,76771,76358.11836117336,412.8816388266423,0.5378093796181401
FPT,2024-02-15,76112,76161.13765581432,-49.13765581432381,-0.06455966971610759
FPT,2024-02-16,76917,76688.44612929493,228.55387070507277,0.29714350625358865
FPT,2024-02-19,76844,76997.58652434888,-153.58652434888063,-0.19986794590193202
FPT,2024-02-20,76332,76556.27973609624,-224.27973609624314,-0.29382138041220346
FPT,2024-02-21,77503,76950.29266091273,552.7073390872683,0.7131431545711371
FPT,2024-02-22,76551,76447.59792059871,103.4020794012904,0.1350760661536628
FPT,2024-02-23,76039,76063.26403087654,-24.264030876540346,-0.0319099815575433
FPT,2024-02-26,79040,77966.03659793963,1073.9634020603698,1.3587593649549212
FPT,2024-02-27,78966,78769.99300783967,196.00699216032808,0.24821694420425006
FPT,2024-02-28,79406,79830.26502621341,-424.26502621341206,-0.5342984487487243
FPT,2024-02-29,79772,79974.05362544197,-202.05362544197123,-0.2532889051822334
FPT,2024-03-01,81089,80432.48121362062,656.5187863793835,0.8096274295889497
FPT,2024-03-04,81528,81542.22443718577,-14.224437185766874,-0.017447302995004018
FPT,2024-03-05,81016,81548.97487154895,-532.974871548955,-0.6578637201897835
FPT,2024-03-06,79845,80657.50735901338,-812.5073590133834,-1.01760581002365
FPT,2024-03-07,81455,80945.70200425627,509.29799574373465,0.6252507467236322
FPT,2024-03-08,80503,80431.66908252743,71.33091747257276,0.08860653326282594
FPT,2024-03-11,80503,80698.17517984605,-195.17517984604638,-0.2424446043576592
FPT,2024-03-12,81894,81623.77488108528,270.22511891472095,0.3299693737205668
FPT,2024-03-13,85626,84080.59356955523,1545.4064304447675,1.804833146993632
FPT,2024-03-14,85626,85565.42775071671,60.57224928328651,0.07074048686530553
FPT,2024-03-15,84894,85556.70467961668,-662.7046796166833,-0.7806260508595229
FPT,2024-03-18,82699,83543.35955172274,-844.3595517227368,-1.0210033394874627
FPT,2024-03-19,81967,81870.27882257983,96.72117742017144,0.11800014325298162
FPT,2024-03-20,83797,83026.4281477473,770.5718522527022,0.9195697366883089
FPT,2024-03-21,85041,84844.03165147245,196.96834852754546,0.23161574831851162
FPT,2024-03-22,84089,85021.30958473461,-932.3095847346121,-1.108717650031053
FPT,2024-03-25,83431,83759.95252654166,-328.9525265416596,-0.39428093459464664
FPT,2024-03-26,84163,83174.56826069446,988.4317393055389,1.1744255068207394
FPT,2024-03-27,84309,83638.62896444774,670.3710355522635,0.7951357928006066
FPT,2024-03-28,85700,85450.36630469518,249.63369530481577,0.29128785916547933
FPT,2024-03-29,85260,85840.43458157567,-580.4345815756678,-0.6807818221624066
FPT,2024-04-01,85480,85603.23925920897,-123.23925920897454,-0.14417320918223508
FPT,2024-04-02,85626,85377.6270847555,248.3729152445012,0.29006717030399787
FPT,2024-04-03,84236,84295.46447792804,-59.464477928035194,-0.07059271324378555
FPT,2024-04-04,83431,83802.24624800438,-371.24624800437596,-0.44497398809120825
FPT,2024-04-05,83211,83183.12835273295,27.87164726704941,0.03349514759713188
FPT,2024-04-08,82406,82465.95152740406,-59.95152740406047,-0.07275141058182714
FPT,2024-04-09,82699,82641.6551887808,57.344811219198164,0.06934160173544802
FPT,2024-04-10,83284,82826.92833183755,457.07166816244717,0.5488108978464616
FPT,2024-04-11,84089,83583.61647169411,505.383528305887,0.6010102728131943
FPT,2024-04-12,84529,84371.26421082593,157.7357891740685,0.18660553085221462
FPT,2024-04-15,81674,82382.22300417106,-708.2230041710573,-0.867133976750321
FPT,2024-04-16,82699,82415.0258916887,283.974108311304,0.343382759539177
FPT,2024-04-17,81821,81677.60471394709,143.3952860529098,0.17525486861919287
FPT,2024-04-19,79772,80408.77836320478,-636.7783632047795,-0.798247960693952
FPT,2024-04-22,80723,80860.22908895748,-137.2290889574797,-0.16999998632047827
FPT,2024-04-23,82187,81150.61880031083,1036.3811996891745,1.261003808009995
FPT,2024-04-24,87895,85688.1613042207,2206.8386957792973,2.510767046793671
FPT,2024-04-25,90164,89288.41442566972,875.5855743302818,0.9711032943639166
FPT,2024-04-26,90164,90390.4299502118,-226.42995021179377,-0.2511312166849228
FPT,2024-05-02,93164,92298.51796659792,865.4820334020769,0.9289876276266336
FPT,2024-05-03,92140,91672.27860524309,467.72139475691074,0.5076203546308994
FPT,2024-05-06,93384,93056.76750625795,327.232493742049,0.3504160174570044
FPT,2024-05-07,96092,95492.4599852688,599.540014731203,0.6239229225442315
FPT,2024-05-08,95872,95705.53700614169,166.46299385830935,0.17363045921469183
FPT,2024-05-09,95360,95673.92691974204,-313.92691974203626,-0.32920188731337696
FPT,2024-05-10,95872,94958.63065270858,913.3693472914165,0.9526966656494248
FPT,2024-05-13,94921,94236.40453251376,684.5954674862442,0.7212265647077508
FPT,2024-05-14,95506,95049.31012407999,456.6898759200121,0.478179251481595
FPT,2024-05-15,98141,97015.01767565632,1125.982324343684,1.1473108327240236
FPT,2024-05-16,99092,98764.44628269429,327.55371730570914,0.3305551581416352
FPT,2024-05-17,98434,99040.79739200204,-606.797392002045,-0.6164510148953054
FPT,2024-05-20,97336,97803.4140941472,-467.41409414719965,-0.48020680338949584
FPT,2024-05-21,99531,98477.18323546737,1053.816764532632,1.058782454243032
FPT,2024-05-22,100995,100323.65778626362,671.3422137363814,0.6647281684602024
FPT,2024-05-23,100629,101449.35581751112,-820.3558175111248,-0.8152280331824074
FPT,2024-05-24,96531,98936.91904609646,-2405.91904609646,-2.492379697813614
FPT,2024-05-27,97190,97116.47587857053,73.5241214294656,0.07564988314586439
FPT,2024-05-28,100263,98500.40818725798,1762.5918127420155,1.7579683559658252
FPT,2024-05-29,99312,99515.11478045728,-203.1147804572829,-0.2045218910678296
FPT,2024-05-30,98800,100173.15409382423,-1373.1540938242251,-1.3898320787694587
FPT,2024-05-31,98507,98885.92702917993,-378.927029179933,-0.3846701545879308
FPT,2024-06-03,100190,98968.58776619502,1221.4122338049783,1.2190959514971338
FPT,2024-06-04,101800,100994.53013625671,805.4698637432884,0.7912277639914425
FPT,2024-06-05,102532,102639.48886566161,-107.48886566160945,-0.10483445720517444
FPT,2024-06-06,102166,103029.6019440871,-863.6019440871023,-0.8452928998757927
FPT,2024-06-07,103923,103273.42885484966,649.5711451503448,0.6250504172804334
FPT,2024-06-10,105386,104300.88942335894,1085.110576641062,1.0296534422419126
FPT,2024-06-11,107216,106482.47481763724,733.5251823627623,0.684156452733512
FPT,2024-06-12,111862,110499.85289176331,1362.1471082366916,1.2177031594613823
FPT,2024-06-13,110167,110659.0872690437,-492.0872690436954,-0.4466739305270139
FPT,2024-06-14,111015,110675.01421057491,339.985789425089,0.30625211856513895
FPT,2024-06-17,109150,109250.8153557214,-100.81535572139546,-0.09236404555327114
FPT,2024-06-18,108472,107947.10947227478,524.8905277252197,0.48389494775169606
FPT,2024-06-19,111438,110322.8209017075,1115.1790982925013,1.0007170788173705
FPT,2024-06-20,112964,111994.13358472078,969.8664152792189,0.8585623873793589
FPT,2024-06-21,115337,114588.17897351872,748.8210264812806,0.6492461451930261
FPT,2024-06-24,111947,112923.22109313263,-976.2210931326263,-0.8720386371520685
FPT,2024-06-25,110167,110169.88263346332,-2.8826334633195074,-0.0026166033960437407
FPT,2024-06-26,111693,110522.03068549267,1170.9693145073252,1.0483820064886118
FPT,2024-06-27,112540,111575.25440864777,964.7455913522281,0.8572468378818446
FPT,2024-06-28,110591,112121.80454294695,-1530.8045429469494,-1.3842035454484989
FPT,2024-07-01,108981,110437.88601572432,-1456.886015724318,-1.3368256996396786
FPT,2024-07-02,108472,108232.46486705502,239.5351329449768,0.22082669531766427
FPT,2024-07-03,111015,109358.84416840211,1656.155831597891,1.491830681978013
FPT,2024-07-04,115082,113412.9397800332,1669.0602199668065,1.4503225699647264
FPT,2024-07-05,117540,117304.41737234511,235.58262765489053,0.20042762264326233
FPT,2024-07-08,118303,118769.65924222593,-466.6592422259273,-0.39446103837259183
FPT,2024-07-09,116523,117157.91147689876,-634.9114768987638,-0.5448808191505229
FPT,2024-07-10,113557,114145.93460023795,-588.9346002379461,-0.5186246556689118
FPT,2024-07-11,112709,112810.72118540286,-101.72118540285737,-0.09025116486070976
FPT,2024-07-12,113387,113065.50536884644,321.4946311535605,0.2835374700393877
FPT,2024-07-15,112455,113013.9241864633,-558.9241864632932,-0.4970203072013633
FPT,2024-07-16,113557,113323.73609862289,233.26390137711132,0.20541569553361866
FPT,2024-07-17,111777,111679.17676535468,97.8232346453151,0.08751642524429454
FPT,2024-07-18,108388,108785.2354415636,-397.23544156359276,-0.366493930659845
FPT,2024-07-19,106777,106817.86162980618,-40.861629806182464,-0.03826819427983785
FPT,2024-07-22,105167,105156.95106594326,10.048934056743747,0.009555216043762537
FPT,2024-07-23,106354,105962.41719645768,391.5828035423183,0.36818812977633025
FPT,2024-07-24,106777,106945.72342611675,-168.72342611674685,-0.158014765461426
FPT,2024-07-25,105930,106327.39678465597,-397.3967846559681,-0.37515036784288497
FPT,2024-07-26,108472,107604.67892491372,867.3210750862781,0.7995806061345584
FPT,2024-07-29,109320,108320.21433906144,999.7856609385635,0.9145496349602668
FPT,2024-07-30,108472,108740.35976496873,-268.359764968729,-0.2474000340813565
FPT,2024-07-31,108981,109342.1467696916,-361.14676969159336,-0.33138507601471207
FPT,2024-08-01,105760,106639.37163977926,-879.3716397792596,-0.8314784793676813
FPT,2024-08-02,104405,104917.44838491136,-512.4483849113603,-0.49082743634055875
FPT,2024-08-05,100506,101365.95198955429,-859.9519895542908,-0.8556225395043986
FPT,2024-08-06,102371,101259.75995512704,1111.2400448729604,1.0855027740990715
FPT,2024-08-07,103388,102545.25625711678,842.74374288322,0.8151272322544395
FPT,2024-08-08,102879,102520.6676762201,358.332323779905,0.3483046333847578
FPT,2024-08-09,107540,105917.24622809287,1622.753771907126,1.508976912690279
FPT,2024-08-12,110167,108327.0584618432,1839.941538156796,1.6701385516141822
FPT,2024-08-13,109913,109674.77629390299,238.22370609700738,0.2167384259341546
FPT,2024-08-14,109743,110348.70403704737,-605.7040370473696,-0.5519295417907016
FPT,2024-08-15,109065,109040.23135888235,24.768641117654624,0.022709981311744946
FPT,2024-08-16,110676,110165.52972030893,510.4702796910715,0.46122942615478646
FPT,2024-08-19,110591,110646.2546683858,-55.2546683857945,-0.049963078718697276
FPT,2024-08-20,111438,111354.61689694488,83.38310305512277,0.07482465860399753
FPT,2024-08-21,113133,112552.05469305224,580.9453069477604,0.5135064984997838
FPT,2024-08-22,113387,112463.91418752863,923.0858124713704,0.8141019803605092
FPT,2024-08-23,112794,112593.7185975585,200.28140244149836,0.17756387967577916
FPT,2024-08-26,111438,111713.33981265535,-275.3398126553511,-0.24707892519190144
FPT,2024-08-27,112286,111755.48912477844,530.5108752215601,0.4724639538513796
FPT,2024-08-28,112964,112629.2694227283,334.7305772716936,0.2963161514037159
FPT,2024-08-29,113303,113359.89705179381,-56.89705179381417,-0.05021672135231563
FPT,2024-08-30,114235,114346.63869124136,-111.63869124135817,-0.09772722129063613
FPT,2024-09-04,112709,113234.9400723387,-525.9400723386934,-0.4666353816808715
FPT,2024-09-05,110676,111424.88953483442,-748.8895348344231,-0.6766503440984704
FPT,2024-09-06,111947,111581.88908855391,365.1109114460851,0.3261462222713294
FPT,2024-09-09,111269,111475.41166620696,-206.4116662069573,-0.18550689428947623
FPT,2024-09-10,110167,111261.3837390272,-1094.3837390271947,-0.9933861673887776
FPT,2024-09-11,110676,111133.10161358911,-457.10161358911137,-0.4130087946701284
FPT,2024-09-12,112116,111466.00991405385,649.9900859461486,0.5797478379055162
FPT,2024-09-13,112709,112529.22678812534,179.7732118746644,0.15950209111487496
FPT,2024-09-16,111099,112031.94111777077,-932.9411177707661,-0.8397385374942765
FPT,2024-09-17,112625,112601.10238755858,23.89761244141846,0.021218745785943138
FPT,2024-09-18,114065,113547.74667117112,517.2533288288832,0.4534724313583336
FPT,2024-09-19,114574,114502.1485951501,71.85140484990552,0.06271178875652898
FPT,2024-09-20,114659,115303.11621602421,-644.1162160242093,-0.5617668181513961
FPT,2024-09-23,113557,114127.3734999635,-570.3734999635053,-0.5022794719510953
FPT,2024-09-24,113981,113696.33742430748,284.6625756925205,0.2497456380383752
FPT,2024-09-25,114235,113874.99442874412,360.0055712558824,0.3151447203185384
FPT,2024-09-26,113811,113939.11339010994,-128.11339010993834,-0.1125667906528704
FPT,2024-09-27,113726,114065.35682455279,-339.35682455278584,-0.29839862876807927
FPT,2024-09-30,113981,113678.90408326207,302.0959167379333,0.2650405916231067
FPT,2024-10-01,115167,114406.12747039074,760.8725296092598,0.6606688805033211
FPT,2024-10-02,114743,114714.6769327174,28.323067282603006,0.02468391734798899
FPT,2024-10-03,113557,114059.05435306623,-502.0543530662253,-0.442116604935165
FPT,2024-10-04,113642,113659.0521734779,-17.052173477903125,-0.015005168404201902
FPT,2024-10-07,113642,113353.90829890931,288.0917010906851,0.2535081229569042
FPT,2024-10-08,113387,113517.6691762,-130.6691761999973,-0.11524176157760352
FPT,2024-10-09,114743,114595.86442119908,147.13557880092412,0.12823054896675537
FPT,2024-10-10,120082,118181.5847067394,1900.415293260594,1.5825979691049399
FPT,2024-10-11,118303,118876.79147089207,-573.7914708920725,-0.4850185294473281
FPT,2024-10-14,116608,117768.11663470954,-1160.1166347095423,-0.9948859724114488
FPT,2024-10-15,116099,116271.73799348294,-172.73799348293687,-0.14878508297482052
FPT,2024-10-16,115506,114927.86041119945,578.13958880055,0.5005277550954496
FPT,2024-10-17,116099,116139.70688050591,-40.706880505909794,-0.03506221458058191
FPT,2024-10-18,116099,116558.65777205152,-459.6577720515197,-0.3959188038239087
FPT,2024-10-21,114828,115520.47626503451,-692.4762650345074,-0.6030552348159921
FPT,2024-10-22,112794,113337.77024758601,-543.7702475860133,-0.482091465491084
FPT,2024-10-23,113726,112619.69030260625,1106.30969739375,0.9727852007401561
FPT,2024-10-24,113811,113291.149884219,519.8501157809951,0.4567661436776719
FPT,2024-10-25,113557,113952.97907424495,-395.979074244955,-0.34870512099206125
FPT,2024-10-28,114320,114588.99146442067,-268.99146442067286,-0.23529694228540313
FPT,2024-10-29,114743,114587.88549806945,155.11450193055498,0.13518428307657546
FPT,2024-10-30,115167,114915.53937983244,251.46062016756332,0.21834433489416527
FPT,2024-10-31,115167,115271.68354742537,-104.68354742537485,-0.09089717317059127
FPT,2024-11-01,114065,114568.81381379279,-503.813813792789,-0.44169010107639417
FPT,2024-11-04,112540,113267.04910118536,-727.0491011853592,-0.646036165972418
FPT,2024-11-05,112371,112346.60344953559,24.39655046441476,0.02171071759120659
FPT,2024-11-06,114065,113311.02340939375,753.976590606253,0.6610060847817061
FPT,2024-11-07,114489,114297.6718846325,191.32811536750523,0.16711484541528465
FPT,2024-11-08,115082,115016.16585875787,65.83414124212868,0.05720628876985861
FPT,2024-11-11,117201,116321.4248194967,879.5751805033069,0.7504843648973191
FPT,2024-11-12,115930,115893.70103306576,36.29896693423507,0.031311107508181724
FPT,2024-11-13,116777,116517.41887647308,259.58112352692115,0.22228788505178343
FPT,2024-11-14,115252,115761.04192037469,-509.041920374686,-0.44167729876677714
FPT,2024-11-15,113472,114108.45664448674,-636.4566444867378,-0.5608931229613806
FPT,2024-11-18,113557,113730.14798197281,-173.14798197281198,-0.15247671387304346
FPT,2024-11-19,110167,111023.014012081,-856.0140120809956,-0.7770149065337131
FPT,2024-11-20,112201,111635.60754795223,565.392452047774,0.503910350217711
FPT,2024-11-21,112709,112300.0185088514,408.9814911486028,0.36286498074563944
FPT,2024-11-22,113472,112944.89512549494,527.1048745050648,0.46452417733455376
FPT,2024-11-25,113472,113944.87410422775,-472.8741042277543,-0.4167319728459481
FPT,2024-11-26,114574,114000.27100584884,573.7289941511553,0.5007497286916363
FPT,2024-11-27,117709,116570.65339291784,1138.3466070821596,0.9670854455327625
FPT,2024-11-28,118133,118177.70092160988,-44.700921609881334,-0.037839487365834555
FPT,2024-11-29,122286,121464.30537221782,821.6946277821844,0.6719449714457782
FPT,2024-12-02,121343,122088.36735751363,-745.3673575136345,-0.6142648175120398
FPT,2024-12-03,123733,122931.24350506297,801.756494937028,0.6479730507924547
FPT,2024-12-04,122453,122842.3203950062,-389.3203950062016,-0.317934550403993
FPT,2024-12-05,126719,125023.28068414438,1695.7193158556183,1.3381728989777526
FPT,2024-12-06,127572,127262.65199685434,309.34800314565655,0.24248894988371786
FPT,2024-12-09,125439,126246.37472977907,-807.3747297790687,-0.6436393225225557
FPT,2024-12-10,127572,126986.08582102197,585.914178978026,0.4592811737513138
FPT,2024-12-11,128426,127127.66050888688,1298.3394911131181,1.0109631158123107
FPT,2024-12-12,128170,127783.64432224988,386.3556777501217,0.30144002321145486
FPT,2024-12-13,127572,128285.84490755737,-713.8449075573735,-0.5595623707062471
FPT,2024-12-16,127914,127635.96021718548,278.03978281452146,0.21736462217937166
FPT,2024-12-17,126292,126776.29082844632,-484.2908284463192,-0.38346912587204196
FPT,2024-12-18,126890,126640.98367900359,249.01632099640847,0.19624581999874574
FPT,2024-12-19,126378,126605.20156695278,-227.20156695277547,-0.17977936583327436
FPT,2024-12-20,127572,127505.35062011253,66.6493798874726,0.05224452065302151
FPT,2024-12-23,127828,128068.74054088251,-240.74054088251432,-0.18833161817638883
FPT,2024-12-24,128340,128371.44050661918,-31.440506619182997,-0.02449782345269051
FPT,2024-12-25,128682,129001.35528958103,-319.35528958102805,-0.2481740177966056
FPT,2024-12-26,127828,128366.0321747482,-538.0321747481939,-0.4209032252309306
FPT,2024-12-27,127658,128080.27383671886,-422.27383671885764,-0.33078525178121043
FPT,2024-12-30,128426,128429.93150800768,-3.931508007677621,-0.00306130223449895
FPT,2024-12-31,130132,129632.46735027741,499.5326497225906,0.3838661126568335
HPG,2023-01-03,14583,14421.414042877654,161.58595712234637,1.10804331840051
HPG,2023-01-04,14697,14645.729522769285,51.27047723071519,0.3488499505389888
HPG,2023-01-05,15000,15094.326802668158,-94.32680266815805,-0.6288453511210537
HPG,2023-01-06,14697,14910.150665685609,-213.15066568560906,-1.4503005081690759
HPG,2023-01-09,14848,14795.413682187916,52.58631781208351,0.35416431716112273
HPG,2023-01-10,15000,14840.744213052078,159.2557869479224,1.0617052463194827
HPG,2023-01-11,15303,15153.74899379835,149.25100620164994,0.9753055361801605
HPG,2023-01-12,15189,15273.170335136616,-84.1703351366159,-0.554153236793837
HPG,2023-01-13,15113,15129.080716786033,-16.08071678603301,-0.10640320774189777
HPG,2023-01-16,15340,15134.073565513647,205.92643448635317,1.3424148271600598
HPG,2023-01-17,16401,15977.263875090024,423.73612490997584,2.5835993226631047
HPG,2023-01-18,16439,16402.10935088114,36.89064911886089,0.22440932610779787
HPG,2023-01-19,16022,16328.520251463648,-306.5202514636476,-1.9131210302312296
HPG,2023-01-27,16287,16240.896894387042,46.103105612957734,0.2830668976051927
HPG,2023-01-30,16477,16102.030037683142,374.9699623168581,2.275717438349566
HPG,2023-01-31,16742,16659.115058907493,82.88494109250678,0.4950719214699963
HPG,2023-02-01,15984,16215.442818969585,-231.44281896958455,-1.4479655841440475
HPG,2023-02-02,16136,16176.566290855373,-40.566290855373154,-0.2514023974676075
HPG,2023-02-03,15984,15885.920469966002,98.0795300339978,0.613610673385872
HPG,2023-02-06,16022,15910.447540762209,111.55245923779148,0.6962455326288322
HPG,2023-02-07,14962,15300.879899417168,-338.8798994171684,-2.264937170279163
HPG,2023-02-08,15795,15581.618765285457,213.3812347145431,1.3509416569455086
HPG,2023-02-09,15606,15496.979112456975,109.02088754302531,0.6985831573947541
HPG,2023-02-10,15530,15509.541911610055,20.45808838994526,0.13173270051477953
HPG,2023-02-13,15303,15482.849124569067,-179.8491245690675,-1.1752540323405052
HPG,2023-02-14,15606,15418.132902155003,187.86709784499726,1.203813263135956
HPG,2023-02-15,15757,15727.21325630159,29.786743698410646,0.18903816524979783
HPG,2023-02-16,16136,16114.496371974055,21.503628025944636,0.1332649233139851
HPG,2023-02-17,15909,16078.107444580233,-169.10744458023328,-1.062967154316634
HPG,2023-02-20,16590,16595.170755760435,-5.170755760434986,-0.031167906934508657
HPG,2023-02-21,16363,16322.146166232631,40.853833767369,0.2496720269349691
HPG,2023-02-22,16060,16012.544955017689,47.45504498231094,0.295485958793966
HPG,2023-02-23,16287,16248.703683473004,38.296316526995724,0.2351342575489392
HPG,2023-02-24,15757,15718.718626476812,38.28137352318845,0.24294836277964366
HPG,2023-02-27,15227,15315.50260219698,-88.50260219698066,-0.5812215288433746
HPG,2023-02-28,15151,15146.493238078458,4.50676192154242,0.029745640033941128
HPG,2023-03-01,15833,15498.764975287546,334.2350247124541,2.1110024929732463
HPG,2023-03-02,15606,15591.273941241354,14.726058758646104,0.09436151966324557
HPG,2023-03-03,15416,15435.645792909902,-19.645792909901502,-0.1274376810450279
HPG,2023-03-06,15454,15410.512420448908,43.487579551092495,0.28140015239480065
HPG,2023-03-07,15984,15697.002988235323,286.99701176467715,1.795526850379612
HPG,2023-03-08,16060,16056.565109186307,3.4348908136926184,0.021387863098957773
HPG,2023-03-09,16060,16246.984840397225,-186.98484039722462,-1.1642891681022705
HPG,2023-03-10,16136,16186.087137564968,-50.087137564967634,-0.31040615744278405
HPG,2023-03-13,15984,15975.050796875847,8.949203124153428,0.05598850803399291
HPG,2023-03-14,15378,15458.325575802708,-80.32557580270804,-0.5223408492827939
HPG,2023-03-15,16136,15991.939265025749,144.06073497425132,0.8927908711840066
HPG,2023-03-16,15795,15746.874294792073,48.12570520792724,0.3046894916614577
HPG,2023-03-17,15454,15625.215076536628,-171.21507653662775,-1.1079013623439093
HPG,2023-03-20,15151,15153.493592526436,-2.4935925264362595,-0.016458270255668005
HPG,2023-03-21,15492,15212.4185613084,279.58143869160085,1.8046826664833517
HPG,2023-03-22,15378,15366.116436620516,11.883563379484258,0.07727639081469799
HPG,2023-03-23,15454,15483.746715286972,-29.746715286972176,-0.1924855395818052
HPG,2023-03-24,15454,15526.886408268689,-72.88640826868868,-0.4716345817826368
HPG,2023-03-27,15757,15642.84476649621,114.15523350379044,0.724473145292825
HPG,2023-03-28,15681,15650.678683897379,30.321316102621495,0.1933634086003539
HPG,2023-03-29,15757,15770.187736291315,-13.18773629131465,-0.08369446145404995
HPG,2023-03-30,15757,15826.52193658524,-69.52193658524084,-0.4412130264976889
HPG,2023-03-31,15757,15790.686989228469,-33.68698922846852,-0.21379062783822125
HPG,2023-04-03,15909,15941.983604538698,-32.98360453869827,-0.20732669896724037
HPG,2023-04-04,15984,15939.509181048083,44.49081895191739,0.2783459644138976
HPG,2023-04-05,16287,16195.060187068211,91.93981293178877,0.5644981453416146
HPG,2023-04-06,16287,16238.128777460686,48.87122253931375,0.3000627650231089
HPG,2023-04-07,16060,16133.795491912786,-73.79549191278602,-0.4594987043137361
HPG,2023-04-10,15681,15801.838463574439,-120.83846357443872,-0.7706043209899798
HPG,2023-04-11,15757,15694.026781538438,62.97321846156228,0.3996523352260093
HPG,2023-04-12,15719,15680.236043768346,38.76395623165445,0.24660573975223898
HPG,2023-04-13,15492,15575.725670736438,-83.72567073643768,-0.540444556780517
HPG,2023-04-14,15643,15574.742770878065,68.25722912193487,0.436343598554848
HPG,2023-04-17,15795,15687.328073615354,107.67192638464621,0.6816836111721825
HPG,2023-04-18,15871,15796.376927201012,74.62307279898778,0.4701850721377845
HPG,2023-04-19,15757,15792.066629756731,-35.066629756731345,-0.22254635880390525
HPG,2023-04-20,15757,15778.636470310812,-21.636470310812,-0.13731338650004443
HPG,2023-04-21,15681,15686.664552058439,-5.664552058438858,-0.03612366595522516
HPG,2023-04-24,15643,15661.02140350323,-18.02140350322952,-0.11520426710496401
HPG,2023-04-25,15946,15830.578563675148,115.42143632485204,0.7238268927935033
HPG,2023-04-26,16666,16480.208395390044,185.79160460995627,1.1147942194285148
HPG,2023-04-27,16439,16529.49866136937,-90.49866136936907,-0.550511961611832
HPG,2023-04-28,16401,16555.82021684807,-154.82021684807114,-0.9439681534544914
HPG,2023-05-04,16136,16138.749555365379,-2.74955536537891,-0.01703988203630956
HPG,2023-05-05,16250,16103.60387847586,146.39612152413974,0.9008992093793214
HPG,2023-05-08,16363,16408.203524496574,-45.203524496573664,-0.27625450404310736
HPG,2023-05-09,16515,16531.331966417176,-16.331966417175863,-0.09889171309219415
HPG,2023-05-10,16439,16563.612767782135,-124.61276778213505,-0.7580313144481723
HPG,2023-05-11,16477,16431.266986486393,45.73301351360715,0.2775566760551505
HPG,2023-05-12,16931,16753.90159977476,177.09840022524077,1.0460008282159399
HPG,2023-05-15,16742,16785.780729910563,-43.78072991056251,-0.261502388666602
HPG,2023-05-16,16666,16783.94975809515,-117.94975809515017,-0.7077268576452068
HPG,2023-05-17,16515,16605.78465102682,-90.78465102682094,-0.5497102696144168
HPG,2023-05-18,16628,16593.667915642636,34.33208435736378,0.20647152007074684
HPG,2023-05-19,16515,16543.9094862135,-28.909486213498894,-0.17504987110807685
HPG,2023-05-22,16590,16623.57327742274,-33.57327742273992,-0.20237056915455046
HPG,2023-05-23,16439,16498.679234823507,-59.679234823506704,-0.36303445965999576
HPG,2023-05-24,16136,16209.906668446542,-73.90666844654152,-0.4580234782259638
HPG,2023-05-25,16060,16067.382506645976,-7.382506645975809,-0.04596828546684813
HPG,2023-05-26,15984,15969.538375282104,14.461624717896484,0.09047563011696999
HPG,2023-05-29,16250,16220.112855135223,29.88714486477693,0.18392089147555032
HPG,2023-05-30,16174,16262.39149832203,-88.39149832202929,-0.546503637455356
HPG,2023-05-31,16060,16112.762217177446,-52.762217177445564,-0.32853186287326
HPG,2023-06-01,16212,16166.059630984353,45.940369015646866,0.28337261914413314
HPG,2023-06-02,16363,16323.706048758506,39.29395124149414,0.24013904077182757
HPG,2023-06-05,16401,16432.6788669961,-31.678866996098805,-0.19315204558318888
HPG,2023-06-06,16477,16577.875582430726,-100.87558243072635,-0.6122205646096155
HPG,2023-06-07,17121,16942.439809655956,178.5601903440438,1.0429308471703977
HPG,2023-06-08,17272,17148.082183823022,123.9178161769778,0.7174491441464671
HPG,2023-06-09,17348,17395.247976441748,-47.247976441747596,-0.2723540260649504
HPG,2023-06-12,17386,17455.01659623156,-69.01659623155865,-0.39696650311491233
HPG,2023-06-13,17727,17589.2213148693,137.77868513069916,0.7772250529175786
HPG,2023-06-14,17499,17527.804500871498,-28.80450087149802,-0.16460655392592732
HPG,2023-06-15,17537,17556.836249066742,-19.83624906674231,-0.11311084602122548
HPG,2023-06-16,17765,17693.699894736936,71.30010526306432,0.40135156354103196
HPG,2023-06-19,17689,17597.740517504648,91.25948249535213,0.5159109191890561
HPG,2023-06-20,17916,17862.02968066758,53.97031933242033,0.30124089826088596
HPG,2023-06-21,18636,18399.826410632595,236.17358936740493,1.2672976463157595
HPG,2023-06-22,18825,18758.872265387185,66.1277346128154,0.3512761466816223
HPG,2023-06-23,19242,19223.55526546693,18.444734533070005,0.09585663929461596
HPG,2023-06-26,19090,19195.816596710214,-105.81659671021407,-0.5543038067585859
HPG,2023-06-27,19545,19403.828666424026,141.17133357597413,0.7222887366383941
HPG,2023-06-28,20151,19980.977116738744,170.02288326125563,0.8437441479889615
HPG,2023-06-29,19545,19731.609689169047,-186.60968916904676,-0.9547694508521195
HPG,2023-06-30,19810,19887.736667491128,-77.73666749112817,-0.39241124427626545
HPG,2023-07-03,19848,19790.41712079671,57.58287920329167,0.2901193027171084
HPG,2023-07-04,19886,19793.115370698124,92.88462930187598,0.46708553405348474
HPG,2023-07-05,20416,20331.178232975995,84.82176702400466,0.41546711904391
HPG,2023-07-06,20454,20389.35399207126,64.64600792873898,0.3160555780225823
HPG,2023-07-07,20795,20805.103003981116,-10.103003981115762,-0.048583813325875275
HPG,2023-07-10,20984,20992.454970797346,-8.454970797345595,-0.04029246472238656
HPG,2023-07-11,20681,20768.655015350025,-87.65501535002477,-0.4238432152701744
HPG,2023-07-12,20454,20657.91705436442,-203.91705436442135,-0.9969544067880188
HPG,2023-07-13,20492,20539.097606273604,-47.09760627360447,-0.22983411220771263
HPG,2023-07-14,20833,20735.010109232404,97.98989076759608,0.470359001428484
HPG,2023-07-17,20681,20831.105009124032,-150.10500912403222,-0.7258111751077424
HPG,2023-07-18,20605,20714.60465457738,-109.60465457737882,-0.5319323202008193
HPG,2023-07-19,20757,20700.09785130679,56.90214869321062,0.2741347434273287
HPG,2023-07-20,21363,21067.40982120593,295.5901787940711,1.383654818115766
HPG,2023-07-21,21515,21546.279160120423,-31.279160120422603,-0.14538303565151106
HPG,2023-07-24,21401,21605.537833110746,-204.53783311074585,-0.9557396061433852
HPG,2023-07-25,21401,21510.63912895633,-109.63912895632893,-0.5123084386539364
HPG,2023-07-26,21515,21425.04224985472,89.95775014528044,0.41811643107264906
HPG,2023-07-27,21515,21457.729654159462,57.27034584053763,0.2661879890334075
HPG,2023-07-28,21439,21574.141836222443,-135.1418362224431,-0.6303551295416908
HPG,2023-07-31,21363,21519.721287067332,-156.721287067332,-0.7336108555321444
HPG,2023-08-01,20833,20939.50470128244,-106.50470128243978,-0.5112307458476445
HPG,2023-08-02,20833,20739.99522042468,93.00477957531984,0.4464300848428927
HPG,2023-08-03,20340,20364.539427702126,-24.539427702125977,-0.12064615389442467
HPG,2023-08-04,20719,20618.315491854624,100.68450814537573,0.4859525466739501
HPG,2023-08-07,20871,20863.81312884047,7.18687115953071,0.03443472358550482
HPG,2023-08-08,20605,20647.379592447276,-42.37959244727608,-0.20567625550728502
HPG,2023-08-09,21060,20891.238752587957,168.7612474120433,0.8013354577969768
HPG,2023-08-10,20719,20637.647331402666,81.35266859733383,0.39264765962321463
HPG,2023-08-11,20984,20915.02844958922,68.97155041078076,0.3286863820567135
HPG,2023-08-14,21325,21250.00488138779,74.9951186122089,0.35167699231985416
HPG,2023-08-15,21174,21163.3800452688,10.619954731198959,0.05015563772172929
HPG,2023-08-16,21174,21313.52743937728,-139.52743937728155,-0.6589564530900234
HPG,2023-08-17,21287,21120.730401635836,166.26959836416427,0.7810851616675166
HPG,2023-08-18,20075,20127.599859662667,-52.59985966266686,-0.26201673555500304
HPG,2023-08-21,19848,19933.128705188297,-85.12870518829732,-0.42890319018690715
HPG,2023-08-22,19810,19653.606553895526,156.3934461044737,0.7894671686242993
HPG,2023-08-23,19431,19370.867486250456,60.13251374954416,0.30946690211283084
HPG,2023-08-24,19924,19874.35913902318,49.64086097681866,0.24915107898423336
HPG,2023-08-25,19659,19593.63746978075,65.36253021924858,0.3324814599890563
HPG,2023-08-28,20340,20101.83455518373,238.16544481626988,1.1709215576021135
HPG,2023-08-29,20454,20330.227679770527,123.77232022947283,0.6051252577954084
HPG,2023-08-30,20605,20526.07418194183,78.92581805817099,0.38304206774166943
HPG,2023-08-31,20908,20967.44388531115,-59.44388531114964,-0.2843116764451389
HPG,2023-09-05,21060,21024.577592729303,35.42240727069657,0.16819756538792294
HPG,2023-09-06,21969,21739.407200485948,229.59279951405188,1.0450762415861072
HPG,2023-09-07,21704,21798.476041542563,-94.4760415425626,-0.43529322494730277
HPG,2023-09-08,21780,21759.06114728299,20.938852717008558,0.0961379830900301
HPG,2023-09-11,21211,21313.38962933573,-102.38962933572839,-0.48271948204105597
HPG,2023-09-12,21780,21492.20751594734,287.79248405266117,1.3213612674594177
HPG,2023-09-13,21515,21488.233918450904,26.76608154909627,0.12440660724655482
HPG,2023-09-14,21060,21171.013810038872,-111.01381003887218,-0.5271311017990132
HPG,2023-09-15,20908,21022.94982207031,-114.94982207030989,-0.5497887032251286
HPG,2023-09-18,20908,20651.144079280297,256.85592071970314,1.2285054559006272
HPG,2023-09-19,21325,21048.513217802873,276.48678219712747,1.296538251803646
HPG,2023-09-20,21515,21535.271229793136,-20.271229793135717,-0.09421905551074003
HPG,2023-09-21,21515,21546.119344487754,-31.11934448775355,-0.14464022536720217
HPG,2023-09-22,20681,20995.409223178372,-314.4092231783725,-1.520280562730876
HPG,2023-09-25,19696,19862.749454520934,-166.7494545209338,-0.8466158332703788
HPG,2023-09-26,19848,19723.977538378393,124.02246162160736,0.6248612536356679
HPG,2023-09-27,20075,20044.887131713134,30.112868286865705,0.15000183455474822
HPG,2023-09-28,20151,20276.91932952285,-125.9193295228506,-0.6248788125792795
HPG,2023-09-29,19924,20224.34597675604,-300.34597675604164,-1.5074582250353425
HPG,2023-10-02,19848,19824.772258732213,23.22774126778677,0.1170281200513239
HPG,2023-10-03,18787,18851.468470773867,-64.46847077386701,-0.3431546855478097
HPG,2023-10-04,19128,19010.954791013522,117.04520898647752,0.6119051076248302
HPG,2023-10-05,18863,18895.640556482973,-32.6405564829729,-0.17304011282920476
HPG,2023-10-06,18901,19089.934120508464,-188.93412050846382,-0.9995985424499434
HPG,2023-10-09,19318,19353.618790547247,-35.618790547247045,-0.184381357010286
HPG,2023-10-10,19696,19491.48202682697,204.51797317303135,1.0383731375560081
HPG,2023-10-11,19848,19783.069106964067,64.93089303593297,0.32714073476387023
HPG,2023-10-12,19545,19645.213657644657,-100.21365764465736,-0.5127329631345989
HPG,2023-10-13,19507,19505.05299855825,1.9470014417493076,0.00998103984082282
HPG,2023-10-16,18939,19058.03772120055,-119.03772120055146,-0.628532241409533
HPG,2023-10-17,18787,18735.598339033964,51.401660966035706,0.2736022833131192
HPG,2023-10-18,18181,18320.770768356146,-139.7707683561457,-0.7687738207807365
HPG,2023-10-19,17954,17888.589531334426,65.41046866557372,0.36432253907526857
HPG,2023-10-20,18446,18274.930847397693,171.06915260230744,0.9274051425908459
HPG,2023-10-23,18181,18037.641073577604,143.3589264223956,0.7885095782541972
HPG,2023-10-24,18181,18247.69364387376,-66.69364387376118,-0.36683154872537915
HPG,2023-10-25,18219,18166.79140166634,52.2085983336583,0.2865612730317707
HPG,2023-10-26,17272,17275.269425992617,-3.269425992617471,-0.018929052759480494
HPG,2023-10-27,17689,17632.045079141506,56.954920858494006,0.3219793140284584
HPG,2023-10-30,17424,17373.45102670628,50.54897329372034,0.2901111874065676
HPG,2023-10-31,17424,17443.322409001386,-19.322409001386404,-0.11089536846525713
HPG,2023-11-01,18143,18102.355693731108,40.64430626889225,0.22402197138782037
HPG,2023-11-02,19128,18872.919721939998,255.08027806000246,1.333543904537863
HPG,2023-11-03,19015,19107.58761305524,-92.58761305523876,-0.4869188170141402
HPG,2023-11-06,19507,19509.378462799927,-2.3784627999266377,-0.012192868200782477
HPG,2023-11-07,19545,19471.526527932794,73.47347206720588,0.3759195296352309
HPG,2023-11-08,20416,20295.198426363917,120.80157363608305,0.5917004978256418
HPG,2023-11-09,20227,20352.074093212894,-125.07409321289379,-0.6183521689469214
HPG,2023-11-10,20075,20208.310797308382,-133.31079730838246,-0.6640637474888292
HPG,2023-11-13,20605,20484.798608015786,120.20139198421384,0.5833603105276091
HPG,2023-11-14,20454,20378.432889381016,75.56711061898386,0.3694490594455063
HPG,2023-11-15,20454,20522.911026577836,-68.91102657783631,-0.336907336353947
HPG,2023-11-16,20605,20614.53939347675,-9.539393476748955,-0.046296498309871176
HPG,2023-11-17,20075,20077.506413782292,-2.5064137822919292,-0.012485249226858926
HPG,2023-11-20,20189,20212.692232316178,-23.69223231617798,-0.11735218344731278
HPG,2023-11-21,20492,20384.20915174797,107.79084825202881,0.5260142897327191
HPG,2023-11-22,20605,20612.846565892305,-7.84656589230508,-0.038080882758093085
HPG,2023-11-23,19583,20022.188375777005,-439.1883757770047,-2.2427022201756865
HPG,2023-11-24,19999,19997.366840060757,1.6331599392433418,0.00816620800661704
HPG,2023-11-27,19924,19861.87961671839,62.120383281609975,0.3117867058904335
HPG,2023-11-28,20227,20239.52972236102,-12.529722361021413,-0.061945530039162575
HPG,2023-11-29,20454,20669.662360629907,-215.6623606299072,-1.0543774353667117
HPG,2023-11-30,20113,20328.30670508172,-215.30670508171897,-1.0704852835565006
HPG,2023-12-01,20378,20442.84301160286,-64.84301160286122,-0.31820105801777027
HPG,2023-12-04,20833,20746.64019237867,86.35980762133113,0.41453370912173537
HPG,2023-12-05,20643,20728.55353895315,-85.55353895315056,-0.41444334134161975
HPG,2023-12-06,20908,21118.280623148723,-210.28062314872295,-1.0057424103153
HPG,2023-12-07,20908,20969.68681938348,-61.686819383481634,-0.29503931214598067
HPG,2023-12-08,20984,20985.275833675725,-1.2758336757251527,-0.00608003086029905
HPG,2023-12-11,20833,20925.79486491526,-92.7948649152604,-0.44542247835290355
HPG,2023-12-12,21174,21063.669307767002,110.33069223299754,0.5210668377868969
HPG,2023-12-13,20719,20841.115721037426,-122.11572103742583,-0.5893900334834009
HPG,2023-12-14,20492,20583.64944469036,-91.64944469035981,-0.4472449965369891
HPG,2023-12-15,20302,20307.655311006783,-5.65531100678345,-0.027855930483614667
HPG,2023-12-18,20151,20054.451946272504,96.54805372749615,0.4791228908118512
HPG,2023-12-19,20605,20472.93114411206,132.06885588794103,0.64095537921835
HPG,2023-12-20,20605,20627.618931627516,-22.61893162751585,-0.10977399479502961
HPG,2023-12-21,20605,20659.08248022981,-54.082480229808425,-0.2624726048522612
HPG,2023-12-22,20492,20553.941487389573,-61.94148738957301,-0.30227155665417244
HPG,2023-12-25,20795,20678.42731223833,116.57268776166893,0.5605803691352196
HPG,2023-12-26,21060,20999.382543611213,60.617456388787105,0.28783217658493404
HPG,2023-12-27,21022,21116.258393585435,-94.25839358543453,-0.4483797620846472
HPG,2023-12-28,21174,21293.67757737491,-119.67757737491047,-0.5652100565547864
HPG,2023-12-29,21174,21181.356211211933,-7.356211211932532,-0.034741717256694685
HPG,2024-01-02,20795,20865.32976947616,-70.32976947616044,-0.3382051910370783
HPG,2024-01-03,21060,21030.17993336265,29.820066637348646,0.14159575801210184
HPG,2024-01-04,21022,21034.350840164625,-12.35084016462497,-0.05875197490545604
HPG,2024-01-05,21060,21076.44906059552,-16.449060595521587,-0.07810570083343583
HPG,2024-01-08,21098,21137.378386073877,-39.378386073876754,-0.1866451136310397
HPG,2024-01-09,20984,20939.45743466379,44.54256533621083,0.21226918288320068
HPG,2024-01-10,20719,20795.638109494153,-76.63810949415347,-0.3698928977950358
HPG,2024-01-11,20833,20751.031439829632,81.96856017036771,0.3934553841039107
HPG,2024-01-12,20568,20614.213396006642,-46.21339600664214,-0.22468590046014267
HPG,2024-01-15,20530,20569.04908887898,-39.04908887897909,-0.19020501158781827
HPG,2024-01-16,21060,20919.680208518097,140.31979148190294,0.666285809505712
HPG,2024-01-17,20946,20927.445503853796,18.554496146203746,0.088582527194709
HPG,2024-01-18,20946,21035.951028991665,-89.95102899166523,-0.42944251404404293
HPG,2024-01-19,21060,21082.385250614974,-22.38525061497421,-0.1062927379628405
HPG,2024-01-22,21439,21278.776819217775,160.22318078222452,0.7473444693419681
HPG,2024-01-23,21477,21474.3289816737,2.6710183262985083,0.012436645370854907
HPG,2024-01-24,21401,21480.629152640595,-79.62915264059484,-0.3720814571309511
HPG,2024-01-25,21401,21439.299374515376,-38.29937451537626,-0.1789606771430132
HPG,2024-01-26,21477,21420.948799124366,56.051200875634095,0.26098245041502116
HPG,2024-01-29,21211,21241.15710570804,-30.157105708040035,-0.1421767276792232
HPG,2024-01-30,21211,21255.420040150253,-44.420040150253044,-0.20941983004220946
HPG,2024-01-31,21022,20999.365342286863,22.63465771313713,0.10767128585832524
HPG,2024-02-01,21098,21070.39689569575,27.603104304249428,0.13083280075954795
HPG,2024-02-02,21136,21100.50518333955,35.49481666045176,0.16793535513082777
HPG,2024-02-05,21211,21247.38889826892,-36.38889826892046,-0.17155673126642051
HPG,2024-02-06,21249,21263.149044325688,-14.14904432568801,-0.06658687150307313
HPG,2024-02-07,21325,21350.67179769583,-25.67179769583163,-0.12038357653379426
HPG,2024-02-15,21742,21626.371161261675,115.6288387383247,0.5318224576318862
HPG,2024-02-16,21666,21742.346517431073,-76.34651743107315,-0.3523793844321663
HPG,2024-02-19,22121,22117.253401484697,3.7465985153030488,0.016936840627923912
HPG,2024-02-20,22121,22173.50371188971,-52.50371188970894,-0.23734782283671144
HPG,2024-02-21,21818,21941.893024350953,-123.89302435095306,-0.5678477603398709
HPG,2024-02-22,21628,21730.32264190715,-102.32264190715068,-0.4731026535377782
HPG,2024-02-23,21515,21419.878342686778,95.12165731322239,0.4421178587646869
HPG,2024-02-26,21818,21734.83809843852,83.1619015614815,0.3811618918392222
HPG,2024-02-27,22992,22685.17084437424,306.8291556257609,1.3345039823667402
HPG,2024-02-28,23181,23201.904231092514,-20.904231092514237,-0.09017829728016151
HPG,2024-02-29,23484,23492.70413703748,-8.704137037479086,-0.0370641161534623
HPG,2024-03-01,23371,23402.22509691415,-31.225096914149617,-0.1336061653936486
HPG,2024-03-04,23333,23237.852526279603,95.1474737203971,0.4077807128118849
HPG,2024-03-05,23598,23584.358825798638,13.641174201362446,0.05780648445360812
HPG,2024-03-06,23333,23459.024788749157,-126.02478874915687,-0.5401139534100067
HPG,2024-03-07,23484,23604.93208236608,-120.93208236607825,-0.5149552136181155
HPG,2024-03-08,22954,23044.448113586106,-90.44811358610605,-0.39404074926420685
HPG,2024-03-11,22651,22583.86424864698,67.13575135302017,0.2963919974968883
HPG,2024-03-12,22878,22767.807332086144,110.19266791385598,0.48165341338340756
HPG,2024-03-13,23333,23201.35129771797,131.64870228202926,0.5642167843056155
HPG,2024-03-14,22992,23160.28444599972,-168.28444599972136,-0.7319260873335132
HPG,2024-03-15,22802,23007.93753825708,-205.93753825707972,-0.9031555927422145
HPG,2024-03-18,22424,22442.79082050346,-18.790820503458235,-0.08379780816740205
HPG,2024-03-19,22575,22445.866037345426,129.13396265457413,0.5720219829659984
HPG,2024-03-20,22727,22787.705627927593,-60.705627927593014,-0.26710796817702737
HPG,2024-03-21,22916,23061.607694982646,-145.60769498264563,-0.6353975169429465
HPG,2024-03-22,23143,23224.061856306238,-81.06185630623804,-0.35026511820523715
HPG,2024-03-25,22878,22905.224516507533,-27.224516507532826,-0.11899867343095037
HPG,2024-03-26,23143,23070.914261166698,72.08573883330246,0.3114796648373264
HPG,2024-03-27,23181,23125.67148566132,55.32851433867836,0.2386804466532003
HPG,2024-03-28,23143,23217.079051507702,-74.07905150770239,-0.3200926911277811
HPG,2024-03-29,22916,23060.537804016603,-144.53780401660333,-0.6307287660001891
HPG,2024-04-01,22802,22791.05243902708,10.947560972919746,0.04801140677536946
HPG,2024-04-02,23030,22867.069972044148,162.93002795585198,0.7074686407114719
HPG,2024-04-03,22689,22640.92156953699,48.07843046301059,0.21190193689898448
HPG,2024-04-04,22424,22482.560281277438,-58.56028127743775,-0.2611500235347741
HPG,2024-04-05,22310,22263.576042700377,46.423957299623,0.20808586866706857
HPG,2024-04-08,22424,22219.801597463953,204.19840253604707,0.9106243423833708
HPG,2024-04-09,22651,22566.961649219447,84.03835078055272,0.3710138659686227
HPG,2024-04-10,22461,22508.19633805212,-47.196338052119245,-0.21012572036916985
HPG,2024-04-11,22651,22600.659450331957,50.34054966804251,0.22224427031054925
HPG,2024-04-12,22689,22699.270341450956,-10.270341450956039,-0.045265729873313225
HPG,2024-04-15,21590,21661.223599794605,-71.22359979460452,-0.3298916155377699
HPG,2024-04-16,21477,21593.599162782317,-116.59916278231685,-0.5429024667426402
HPG,2024-04-17,21211,21092.31693134091,118.68306865909108,0.5595354705534443
HPG,2024-04-19,21060,20961.23478462139,98.76521537861117,0.46897063332673866
HPG,2024-04-22,21211,21288.06815138545,-77.06815138545062,-0.3633404902430372
HPG,2024-04-23,20908,20901.55272225011,6.447277749888599,0.030836415486362154
HPG,2024-04-24,21818,21595.580611936944,222.41938806305552,1.019430690544759
HPG,2024-04-25,21628,21570.63482998915,57.3651700108494,0.2652356667784788
HPG,2024-04-26,21515,21592.93809706172,-77.93809706172033,-0.3622500444421117
HPG,2024-05-02,21477,21630.842550435722,-153.84255043572193,-0.716313034575229
HPG,2024-05-03,21704,21548.681202384356,155.31879761564414,0.7156229156636755
HPG,2024-05-06,22196,22132.86104770178,63.13895229822083,0.28446094926212306
HPG,2024-05-07,22840,22706.170737390315,133.82926260968452,0.5859424807779533
HPG,2024-05-08,23257,23159.234213921256,97.76578607874399,0.42037144119509817
HPG,2024-05-09,23067,23148.152059362536,-81.15205936253551,-0.35181020229130583
HPG,2024-05-10,23067,22960.31637106346,106.6836289365383,0.4624945980688355
HPG,2024-05-13,22878,22811.0103718595,66.98962814050174,0.2928124317707043
HPG,2024-05-14,22878,22858.663017913088,19.33698208691203,0.08452217014997827
HPG,2024-05-15,23636,23479.85118622277,156.1488137772285,0.660639760438435
HPG,2024-05-16,23939,23907.329188507734,31.670811492265784,0.13229797189634399
HPG,2024-05-17,23939,24045.20761746016,-106.20761746016069,-0.44365937365871877
HPG,2024-05-20,24242,24159.324707221567,82.67529277843278,0.3410415509381766
HPG,2024-05-21,24128,24031.17014549968,96.82985450031993,0.4013173677897875
HPG,2024-05-22,23711,23833.646875660583,-122.64687566058274,-0.5172572884339873
HPG,2024-05-23,24582,24444.88220950865,137.1177904913493,0.5577975367803649
HPG,2024-05-24,24082,24210.830940996482,-128.83094099648224,-0.5349677809005989
HPG,2024-05-27,24082,24280.058993195773,-198.05899319577293,-0.8224358159445765
HPG,2024-05-28,24291,24343.66946617204,-52.66946617203939,-0.21682708069671644
HPG,2024-05-29,23832,23820.847343685255,11.1526563147454,0.0467969801726477
HPG,2024-05-30,23541,23740.644873783527,-199.64487378352715,-0.8480730376089679
HPG,2024-05-31,23832,23753.435169220786,78.56483077921439,0.3296610892044914
HPG,2024-06-03,24166,24149.38622434352,16.613775656478538,0.06874855440072225
HPG,2024-06-04,24416,24497.1146481401,-81.11464814010105,-0.33221923386345453
HPG,2024-06-05,24374,24487.048147607158,-113.04814760715817,-0.4638063001852719
HPG,2024-06-06,24416,24477.705705335953,-61.7057053359531,-0.2527265126800176
HPG,2024-06-07,24416,24428.474366895407,-12.474366895407002,-0.05109095222561845
HPG,2024-06-10,24416,24440.106319485567,-24.106319485566928,-0.09873164926919613
HPG,2024-06-11,24249,24416.2296365586,-167.22963655860076,-0.689635187259684
HPG,2024-06-12,24666,24694.613400559247,-28.613400559246656,-0.11600340776472334
HPG,2024-06-13,24582,24615.19940461718,-33.199404617178516,-0.13505575061906483
HPG,2024-06-14,24249,24299.51361595442,-50.51361595441995,-0.2083121611382735
HPG,2024-06-17,24541,24413.04434200508,127.95565799492033,0.5213954524873491
HPG,2024-06-18,24499,24408.677850203087,90.32214979691344,0.3686768839418484
HPG,2024-06-19,24457,24497.275315794715,-40.275315794715425,-0.16467807087833922
HPG,2024-06-20,24457,24550.384745515836,-93.38474551583568,-0.3818323813870699
HPG,2024-06-21,24207,24246.65313344853,-39.65313344852984,-0.16380854070529122
HPG,2024-06-24,23916,23879.661367217213,36.33863278278659,0.1519427696219543
HPG,2024-06-25,23916,23848.076557825072,67.92344217492791,0.2840083716964706
HPG,2024-06-26,24082,23978.219326104554,103.78067389544594,0.4309470720681253
HPG,2024-06-27,24041,24054.399598932567,-13.399598932566732,-0.05573644579080209
HPG,2024-06-28,23582,23715.450784056236,-133.45078405623644,-0.5659010434069902
HPG,2024-07-01,23624,23621.309528052545,2.6904719474550802,0.011388723109782764
HPG,2024-07-02,23916,23747.465201419447,168.5347985805529,0.7046947590757354
HPG,2024-07-03,23957,23921.915796952166,35.08420304783431,0.1464465627909768
HPG,2024-07-04,23916,24041.533145578785,-125.53314557878548,-0.524891894877009
HPG,2024-07-05,23874,23924.880751922385,-50.88075192238466,-0.21312202363401467
HPG,2024-07-08,23999,23870.148406570872,128.85159342912812,0.5369040102884625
HPG,2024-07-09,24166,24065.51471525238,100.48528474762134,0.4158126489597837
HPG,2024-07-10,24124,24097.078453332644,26.92154666735587,0.11159652904723873
HPG,2024-07-11,24041,24101.932257933717,-60.932257933716755,-0.2534514285334086
HPG,2024-07-12,23749,23806.76542485052,-57.7654248505205,-0.24323308286883868
HPG,2024-07-15,23707,23621.903873427214,85.09612657278558,0.3589493675825097
HPG,2024-07-16,23707,23637.81027131872,69.18972868127821,0.2918535819853976
HPG,2024-07-17,23499,23522.746730735937,-23.74673073593658,-0.10105421820476013
HPG,2024-07-18,23666,23640.853630355916,25.14636964408419,0.10625525920765735
HPG,2024-07-19,23499,23468.684048286414,30.3159517135864,0.1290095396126916
HPG,2024-07-22,23374,23338.60310147865,35.39689852135052,0.1514370605003445
HPG,2024-07-23,23166,23118.476734351083,47.523265648917004,0.2051423018601269
HPG,2024-07-24,23082,23077.541728568503,4.4582714314965415,0.01931492691922945
HPG,2024-07-25,22791,22857.402028112254,-66.4020281122539,-0.2913519727622917
HPG,2024-07-26,22874,22880.626826614673,-6.626826614672609,-0.028971000326451907
HPG,2024-07-29,23249,23113.398168080013,135.60183191998658,0.5832587720761606
HPG,2024-07-30,23249,23234.706368494462,14.293631505537633,0.06148062929819619
HPG,2024-07-31,22666,22962.50091134692,-296.5009113469205,-1.3081307303755425
HPG,2024-08-01,22249,22292.862791899275,-43.86279189927518,-0.19714500381713868
HPG,2024-08-02,22707,22472.26032293146,234.7396770685409,1.033776707925049
HPG,2024-08-05,21624,21737.227999719384,-113.22799971938366,-0.5236219002931172
HPG,2024-08-06,21916,22058.93451619399,-142.9345161939891,-0.6521925360192968
HPG,2024-08-07,21707,21783.184429275185,-76.18442927518481,-0.3509671040456296
HPG,2024-08-08,21332,21301.54039686371,30.459603136288933,0.14278831397097758
HPG,2024-08-09,21707,21690.63849169026,16.361508309739293,0.07537434150154003
HPG,2024-08-12,21541,21503.563133449014,37.43686655098645,0.17379354046231119
HPG,2024-08-13,21166,21340.132480010678,-174.13248001067768,-0.82269904568968
HPG,2024-08-14,21207,21259.7779124067,-52.777912406698306,-0.2488702428759292
HPG,2024-08-15,20999,20931.785940289956,67.21405971004424,0.32008219300940155
HPG,2024-08-16,21332,21390.111492022992,-58.111492022992024,-0.2724146447730734
HPG,2024-08-19,21541,21519.894294754136,21.105705245863646,0.09797922680406501
HPG,2024-08-20,21499,21570.7872095609,-71.78720956089819,-0.3339095286334164
HPG,2024-08-21,21791,21795.555867310628,-4.555867310627946,-0.02090710527570073
HPG,2024-08-22,21457,21480.146515816818,-23.146515816817555,-0.10787396102352403
HPG,2024-08-23,21707,21615.85041071302,91.14958928697888,0.419908735831662
HPG,2024-08-26,21666,21666.790559113993,-0.7905591139933676,-0.0036488466444815266
HPG,2024-08-27,21457,21530.935374783396,-73.93537478339567,-0.34457461333548806
HPG,2024-08-28,21416,21506.87836121075,-90.87836121075088,-0.42434796979244904
HPG,2024-08-29,21332,21292.32077629655,39.67922370344968,0.18600798660908344
HPG,2024-08-30,21249,21244.731856575494,4.268143424505979,0.020086326060078024
HPG,2024-09-04,21041,21069.86545819602,-28.86545819602179,-0.13718672209506103
HPG,2024-09-05,20874,20884.659814849376,-10.659814849375834,-0.051067427658215175
HPG,2024-09-06,21166,21104.480752746986,61.51924725301433,0.290651267376993
HPG,2024-09-09,21332,21229.85680847715,102.14319152284952,0.47882613689691317
HPG,2024-09-10,20957,21102.739814454537,-145.73981445453683,-0.6954230779908233
HPG,2024-09-11,21124,21170.6971802083,-46.69718020829896,-0.2210622051140833
HPG,2024-09-12,20916,20972.049912242932,-56.049912242931896,-0.2679762490100014
HPG,2024-09-13,20833,20866.260103665434,-33.260103665434144,-0.15965105201091606
HPG,2024-09-16,20708,20790.26094423981,-82.26094423980976,-0.39724234228225686
HPG,2024-09-17,21041,21060.17739676991,-19.177396769908228,-0.0911429911596798
HPG,2024-09-18,20916,21038.297677323135,-122.29767732313485,-0.5847087269226183
HPG,2024-09-19,21041,21072.48612872823,-31.486128728229232,-0.14964178854726123
HPG,2024-09-20,21374,21318.46038557147,55.5396144285296,0.2598466100333564
HPG,2024-09-23,21416,21378.3879786053,37.612021394699696,0.17562580031144798
HPG,2024-09-24,21541,21611.308586748386,-70.308586748386,-0.3263942562944432
HPG,2024-09-25,21832,21866.2187840365,-34.21878403650044,-0.15673682684362603
HPG,2024-09-26,21707,21803.57261085857,-96.57261085856953,-0.4448915596746189
HPG,2024-09-27,21707,21794.910333265874,-87.91033326587421,-0.4049861024824905
HPG,2024-09-30,21957,21896.127267133554,60.87273286644631,0.27723611088238975
HPG,2024-10-01,22291,22202.67367656905,88.32632343094883,0.39624208618253487
HPG,2024-10-02,21916,22096.131270212427,-180.1312702124269,-0.8219167284742969
HPG,2024-10-03,21832,21907.00441407625,-75.00441407625112,-0.34355264783918615
HPG,2024-10-04,21832,21771.333823025976,60.66617697402398,0.2778773221602418
HPG,2024-10-07,21999,21878.850788429707,120.14921157029312,0.5461576052106601
HPG,2024-10-08,22457,22385.415599683678,71.58440031632199,0.31876208004774453
HPG,2024-10-09,22916,22907.189265099725,8.810734900274838,0.03844796168735747
HPG,2024-10-10,22707,22907.124237144668,-200.12423714466786,-0.8813327922872588
HPG,2024-10-11,22749,22807.870638139444,-58.870638139444054,-0.25878341087275947
HPG,2024-10-14,22541,22566.391161417203,-25.391161417202966,-0.11264434327315986
HPG,2024-10-15,22624,22601.28212308465,22.717876915350644,0.10041494393277335
HPG,2024-10-16,22582,22699.362768427993,-117.3627684279927,-0.5197182199450567
HPG,2024-10-17,22707,22800.686666982096,-93.68666698209563,-0.4125893644342962
HPG,2024-10-18,22457,22612.376432382458,-155.376432382458,-0.6918841892615132
HPG,2024-10-21,22291,22314.196466869846,-23.196466869845608,-0.10406202893475218
HPG,2024-10-22,22207,22159.683883352638,47.31611664736192,0.2130684768197502
HPG,2024-10-23,22041,22085.29785977088,-44.29785977087886,-0.20097935561398692
HPG,2024-10-24,22041,22019.17299774311,21.82700225689041,0.09902909240456607
HPG,2024-10-25,22041,22076.861948674385,-35.86194867438462,-0.16270563347572534
HPG,2024-10-28,22291,22233.249762891104,57.75023710889582,0.25907423224124454
HPG,2024-10-29,22541,22495.79782429408,45.20217570591922,0.20053314274397416
HPG,2024-10-30,22499,22515.619376435097,-16.619376435097365,-0.07386717825279954
HPG,2024-10-31,22416,22520.04452697766,-104.04452697766101,-0.46415295760912295
HPG,2024-11-01,22124,22178.40960905386,-54.40960905385873,-0.24593025245822964
HPG,2024-11-04,21916,21918.05479621136,-2.054796211359644,-0.00937578121627872
HPG,2024-11-05,22082,22019.909947646054,62.090052353945794,0.28117947809956434
HPG,2024-11-06,22457,22382.03736097491,74.96263902508872,0.3338052234273889
HPG,2024-11-07,22457,22471.301269128086,-14.30126912808555,-0.06368290122494345
HPG,2024-11-08,22499,22475.181444616348,23.818555383651983,0.10586495125850919
HPG,2024-11-11,23082,22795.202713607665,286.7972863923351,1.2425148877581453
HPG,2024-11-12,22916,22844.862152652884,71.1378473471159,0.3104287281685979
HPG,2024-11-13,22541,22740.701890009972,-199.70189000997198,-0.8859495586263785
HPG,2024-11-14,21916,22133.4073320967,-217.40733209669997,-0.9920027929216096
HPG,2024-11-15,21582,21565.735875465085,16.264124534915027,0.07535967257397382
HPG,2024-11-18,21499,21443.17858251277,55.821417487230065,0.2596465765255596
HPG,2024-11-19,21207,21207.17805411262,-0.17805411262088455,-0.0008396006630871154
HPG,2024-11-20,21332,21373.184439771656,-41.18443977165589,-0.19306412793763308
HPG,2024-11-21,21541,21465.565567551737,75.43443244826267,0.3501900211144453
HPG,2024-11-22,21749,21556.72599592806,192.27400407194,0.8840590559195366
HPG,2024-11-25,21916,21876.58563839735,39.41436160264857,0.17984286184818657
HPG,2024-11-26,21957,21990.790975666117,-33.79097566611745,-0.15389614093964316
HPG,2024-11-27,21916,21980.45589959783,-64.45589959782956,-0.2941043055203028
HPG,2024-11-28,21999,22007.15851123826,-8.158511238259962,-0.03708582771153217
HPG,2024-11-29,22291,22230.004526101737,60.9954738982633,0.2736327392143165
HPG,2024-12-02,22416,22390.964458087372,25.035541912628105,0.11168603636968284
HPG,2024-12-03,22499,22492.171299356793,6.828700643207412,0.030351129575569638
HPG,2024-12-04,22249,22263.66966917193,-14.669669171929854,-0.06593406073050409
HPG,2024-12-05,23207,22953.752167156883,253.24783284311707,1.0912562280480762
HPG,2024-12-06,22999,22964.710371607056,34.289628392943996,0.14909182309206487
HPG,2024-12-09,23041,23083.94791206216,-42.94791206216178,-0.18639777814401187
HPG,2024-12-10,23249,23234.935116048317,14.064883951683441,0.060496726533113
HPG,2024-12-11,23124,23019.638222938454,104.36177706154558,0.4513136873445147
HPG,2024-12-12,22916,22989.843834857864,-73.84383485786384,-0.32223701718390574
HPG,2024-12-13,22666,22740.655983594526,-74.65598359452633,-0.3293743209852922
HPG,2024-12-16,22499,22529.2351659433,-30.23516594330067,-0.1343844879474673
HPG,2024-12-17,22499,22475.44867722679,23.551322773211723,0.10467719797862894
HPG,2024-12-18,22791,22646.4380121923,144.56198780770137,0.6342941854578622
HPG,2024-12-19,22374,22492.17261779051,-118.17261779051114,-0.5281693831702473
HPG,2024-12-20,22249,22363.075859877197,-114.07585987719722,-0.512723537584598
HPG,2024-12-23,22499,22393.192450413215,105.80754958678517,0.4702766771269175
HPG,2024-12-24,22249,22279.651203214376,-30.651203214376437,-0.13776440835262904
HPG,2024-12-25,22624,22675.72682984361,-51.726829843610176,-0.22863697773872954
HPG,2024-12-26,22499,22605.87124161282,-106.87124161281827,-0.47500440736396404
HPG,2024-12-27,22374,22464.753557682132,-90.75355768213194,-0.40562062073000776
HPG,2024-12-30,22291,22344.19779618449,-53.19779618448956,-0.23865145657211234
HPG,2024-12-31,22207,22134.668123560336,72.33187643966448,0.32571655982196823
MWG,2023-01-03,42575,42593.99078397153,-18.990783971530618,-0.04460548202355988
MWG,2023-01-04,42139,42535.60740087948,-396.60740087948216,-0.9411884498433332
MWG,2023-01-05,42236,42576.2628828242,-340.26288282420137,-0.8056228876413518
MWG,2023-01-06,41800,42249.784750736675,-449.78475073667505,-1.0760400735327156
MWG,2023-01-09,40686,41424.248611709314,-738.248611709314,-1.8145028061478492
MWG,2023-01-10,40880,41016.77577200456,-136.7757720045629,-0.3345786986412987
MWG,2023-01-11,41219,41165.22182038128,53.77817961871915,0.13046939425682125
MWG,2023-01-12,40783,41033.43104360404,-250.4310436040396,-0.6140574347253502
MWG,2023-01-13,40735,40935.933258751014,-200.93325875101436,-0.49326932306619453
MWG,2023-01-16,40589,40483.27164678097,105.72835321902676,0.2604852379192066
MWG,2023-01-17,41703,41225.09779913509,477.9022008649117,1.1459659997240288
MWG,2023-01-18,43544,42844.72021218363,699.2797878163692,1.605915367941322
MWG,2023-01-19,44174,44064.97281672516,109.02718327484035,0.24681301959261184
MWG,2023-01-27,44464,44701.73078970378,-237.73078970378265,-0.5346590268616918
MWG,2023-01-30,44755,44542.80418545868,212.19581454132276,0.47412761600116804
MWG,2023-01-31,45046,44756.10428556742,289.8957144325832,0.6435548426776699
MWG,2023-02-01,45627,45251.2906895035,375.70931049650244,0.8234363655215167
MWG,2023-02-02,48339,47481.79364999521,857.206350004788,1.7733224725476073
MWG,2023-02-03,46305,47098.6881989597,-793.6881989597023,-1.7140442694303042
MWG,2023-02-06,45675,46185.13181633083,-510.1318163308315,-1.1168731610965112
MWG,2023-02-07,44271,44350.0474266142,-79.04742661419732,-0.1785535149741305
MWG,2023-02-08,43108,42982.51757736037,125.48242263963039,0.2910884815802876
MWG,2023-02-09,42624,42854.582188945016,-230.58218894501624,-0.540967973313195
MWG,2023-02-10,40783,41506.44260998389,-723.4426099838893,-1.7738827697420232
MWG,2023-02-13,41171,41185.59761932422,-14.597619324216794,-0.03545607180835247
MWG,2023-02-14,41171,41012.25942183999,158.74057816001005,0.3855640576133931
MWG,2023-02-15,41413,41190.26055892848,222.73944107152056,0.5378490837937859
MWG,2023-02-16,41946,42184.800005866455,-238.80000586645474,-0.569303404058682
MWG,2023-02-17,41897,42111.27797967389,-214.2779796738905,-0.5114399113871889
MWG,2023-02-20,42914,43060.971320985336,-146.9713209853362,-0.34247872718771544
MWG,2023-02-21,43108,43300.9229430894,-192.92294308939745,-0.44753396838034115
MWG,2023-02-22,41655,42360.1990833565,-705.1990833564996,-1.6929518265670378
MWG,2023-02-23,41655,42083.106811503334,-428.10681150333403,-1.0277441159604706
MWG,2023-02-24,40783,40879.46420658627,-96.46420658627176,-0.23653043323510226
MWG,2023-02-27,39233,39645.17584318522,-412.1758431852213,-1.050584567035968
MWG,2023-02-28,38749,39045.17473845992,-296.1747384599221,-0.7643416306483318
MWG,2023-03-01,39524,39055.950111626036,468.04988837396377,1.1842169020695368
MWG,2023-03-02,39039,38943.31800152498,95.68199847501819,0.24509336426398776
MWG,2023-03-03,38168,38388.687061582605,-220.68706158260466,-0.5781991762277422
MWG,2023-03-06,38168,38049.24116083645,118.75883916355087,0.31114766077224604
MWG,2023-03-07,38458,38115.3111645029,342.68883549710154,0.8910729510039563
MWG,2023-03-08,38168,38256.15085967323,-88.15085967323103,-0.23095488281605278
MWG,2023-03-09,38749,38808.166499408646,-59.166499408645905,-0.15269168083988208
MWG,2023-03-10,38507,38693.983745632526,-186.98374563252582,-0.48558377861824037
MWG,2023-03-13,38168,38309.730751272895,-141.73075127289485,-0.3713339742006258
MWG,2023-03-14,37393,37543.49819945483,-150.49819945482886,-0.40247693272759305
MWG,2023-03-15,38749,38265.424284225126,483.57571577487397,1.247969536697396
MWG,2023-03-16,38168,38202.242985663404,-34.2429856634044,-0.0897164788917533
MWG,2023-03-17,38168,38286.78267839304,-118.78267839304317,-0.31121011945358196
MWG,2023-03-20,36908,37289.117497609805,-381.11749760980456,-1.0326148737666754
MWG,2023-03-21,37296,36945.7598817393,350.2401182606991,0.9390822561687556
MWG,2023-03-22,36763,36775.59590770394,-12.595907703936973,-0.034262458732793766
MWG,2023-03-23,36618,36656.864197164556,-38.86419716455566,-0.1061341339356482
MWG,2023-03-24,36763,36887.95861905909,-124.9586190590926,-0.33990321534992407
MWG,2023-03-27,36908,36825.67162074973,82.32837925026979,0.22306377817890374
MWG,2023-03-28,37877,37481.23540503689,395.76459496311145,1.0448678484650618
MWG,2023-03-29,37490,37646.12680635444,-156.12680635444121,-0.4164492033994164
MWG,2023-03-30,37393,37586.68483067187,-193.68483067186753,-0.5179708252129209
MWG,2023-03-31,37344,37520.51799514641,-176.5179951464088,-0.47268100671167734
MWG,2023-04-03,37780,37640.60783945052,139.39216054948338,0.3689575451283308
MWG,2023-04-04,38555,38424.423856598805,130.5761434011947,0.3386749926110614
MWG,2023-04-05,38507,38711.941086069564,-204.94108606956434,-0.5322177424093394
MWG,2023-04-06,37877,38232.45687963737,-355.45687963737146,-0.9384504571042359
MWG,2023-04-07,37780,37827.50423405472,-47.504234054722474,-0.1257391054915894
MWG,2023-04-10,39718,38815.22696005179,902.7730399482098,2.272956946342237
MWG,2023-04-11,39427,39555.69417480182,-128.69417480182165,-0.32641127857007035
MWG,2023-04-12,39475,39880.78837698332,-405.78837698332063,-1.0279629562592036
MWG,2023-04-13,39766,39844.58336384584,-78.58336384584254,-0.1976144541715097
MWG,2023-04-14,38749,38829.54134094002,-80.54134094002075,-0.2078539857545246
MWG,2023-04-17,38604,38736.63380093449,-132.63380093449086,-0.34357527959405987
MWG,2023-04-18,38700,38756.98361650063,-56.98361650062725,-0.14724448708172416
MWG,2023-04-19,39233,39134.496089553555,98.50391044644493,0.25107412241338906
MWG,2023-04-20,39136,39421.41975886181,-285.4197588618117,-0.7293023274269514
MWG,2023-04-21,38071,38505.019001723136,-434.01900172313617,-1.14002522056982
MWG,2023-04-24,37199,37602.56811125046,-403.5681112504608,-1.0848896778151584
MWG,2023-04-25,36521,36643.28203813059,-122.28203813058644,-0.33482664256341954
MWG,2023-04-26,37199,37005.64976916086,193.35023083913984,0.5197726574347156
MWG,2023-04-27,37441,37606.72468736664,-165.72468736663723,-0.4426289024508887
MWG,2023-04-28,37974,38177.49421846507,-203.49421846507175,-0.5358777544242685
MWG,2023-05-04,36715,37337.839702198224,-622.8397021982237,-1.6964175465020392
MWG,2023-05-05,36618,36638.4082596904,-20.408259690397244,-0.05573286277349185
MWG,2023-05-08,36666,36604.73893914392,61.261060856078984,0.1670786583103665
MWG,2023-05-09,36763,36767.0341648218,-4.034164821801824,-0.010973437482800162
MWG,2023-05-10,37780,37835.543087946586,-55.54308794658573,-0.14701717296608185
MWG,2023-05-11,37490,37793.95405961205,-303.9540596120496,-0.8107603617285932
MWG,2023-05-12,37780,37808.784245364746,-28.78424536474631,-0.07618910895909559
MWG,2023-05-15,37683,37641.828538496804,41.17146150319604,0.1092573879553009
MWG,2023-05-16,37247,37218.76420043931,28.235799560687155,0.07580690944421606
MWG,2023-05-17,36957,37145.941344772145,-188.94134477214538,-0.5112464344295949
MWG,2023-05-18,36908,36981.034028013935,-73.03402801393531,-0.19788129406615182
MWG,2023-05-19,37102,37003.114182064994,98.88581793500634,0.2665242249339829
MWG,2023-05-22,37344,37267.68006670168,76.3199332983204,0.2043700013344055
MWG,2023-05-23,37054,37052.868783631806,1.1312163681941456,0.0030528859723488577
MWG,2023-05-24,36763,36812.756434161034,-49.75643416103412,-0.13534378086944515
MWG,2023-05-25,36811,36694.542060512365,116.45793948763458,0.31636722579564414
MWG,2023-05-26,37005,36842.89089621029,162.10910378971312,0.43807351382168114
MWG,2023-05-29,37490,37466.98601309942,23.013986900579766,0.06138700160197324
MWG,2023-05-30,38168,38092.47352024613,75.52647975386935,0.1978790603486411
MWG,2023-05-31,37974,38109.778656254726,-135.77865625472623,-0.35755689749493397
MWG,2023-06-01,38071,38123.89774736702,-52.897747367016564,-0.13894499058868054
MWG,2023-06-02,39524,39052.87906370522,471.1209362947775,1.1919869858687822
MWG,2023-06-05,39911,39761.92110302609,149.07889697390783,0.37352834299794
MWG,2023-06-06,40493,40614.62358150599,-121.62358150599175,-0.30035705308569816
MWG,2023-06-07,40493,40704.224383475856,-211.22438347585557,-0.5216318461854039
MWG,2023-06-08,39379,39662.181071683815,-283.1810716838154,-0.7191169701714503
MWG,2023-06-09,40105,39855.29342027372,249.7065797262767,0.6226320402101402
MWG,2023-06-12,41655,40958.95923876579,696.0407612342096,1.6709656973573632
MWG,2023-06-13,41655,41746.82072967556,-91.82072967555723,-0.22043147203350674
MWG,2023-06-14,40735,41430.097865506476,-695.0978655064755,-1.706389752071868
MWG,2023-06-15,40396,40458.00422923357,-62.004229233571095,-0.15349101206448929
MWG,2023-06-16,40057,39812.35647615335,244.64352384665108,0.6107385072438053
MWG,2023-06-19,40202,39989.43997958827,212.56002041172906,0.5287299647075495
MWG,2023-06-20,41171,41071.63503895714,99.36496104286198,0.2413469700586869
MWG,2023-06-21,41364,41600.35769256645,-236.3576925664529,-0.5714091784316142
MWG,2023-06-22,41703,41788.01169756804,-85.01169756804302,-0.20385031668715206
MWG,2023-06-23,41558,41594.39081901708,-36.390819017076865,-0.08756633865218938
MWG,2023-06-26,42963,42410.37790632424,552.62209367576,1.286274454008705
MWG,2023-06-27,42817,42983.69691302809,-166.69691302809224,-0.38932413066794086
MWG,2023-06-28,42527,42992.06789704407,-465.0678970440713,-1.093582658179677
MWG,2023-06-29,41364,42019.00450080891,-655.0045008089073,-1.5835134435956564
MWG,2023-06-30,41946,41650.48998228292,295.5100177170825,0.7045010673653805
MWG,2023-07-03,41655,41627.21521639399,27.784783606010024,0.06670215725845642
MWG,2023-07-04,41897,41929.79663492089,-32.7966349208873,-0.07827919641236199
MWG,2023-07-05,41994,42157.119719864655,-163.11971986465505,-0.3884357762172097
MWG,2023-07-06,41849,41791.33800327671,57.66199672329094,0.137785841294394
MWG,2023-07-07,44077,43230.15022501636,846.8497749836388,1.9212963109640828
MWG,2023-07-10,46256,45400.13561762836,855.8643823716411,1.8502775475000888
MWG,2023-07-11,47274,47110.97597343144,163.02402656855702,0.3448492333387423
MWG,2023-07-12,47613,47928.74084551219,-315.7408455121913,-0.6631399943548848
MWG,2023-07-13,47806,47736.67907403034,69.32092596965958,0.14500465625582476
MWG,2023-07-14,47903,47707.73102093222,195.26897906778322,0.4076341337030733
MWG,2023-07-17,47128,47406.23593247135,-278.23593247134704,-0.5903834927672446
MWG,2023-07-18,46547,46919.64484349676,-372.6448434967606,-0.8005775742728007
MWG,2023-07-19,46983,46827.42187455458,155.57812544541957,0.33113706116131275
MWG,2023-07-20,47564,47040.21369818403,523.7863018159696,1.101224249045433
MWG,2023-07-21,50858,49504.6480665086,1353.3519334914017,2.66104041348736
MWG,2023-07-24,52795,51904.090433407095,890.9095665929053,1.6874885246574587
MWG,2023-07-25,51923,52320.50770001236,-397.5077000123565,-0.7655715193890116
MWG,2023-07-26,50955,51522.0550846449,-567.0550846448969,-1.1128546455596051
MWG,2023-07-27,52910,51821.00991777003,1088.9900822299678,2.0581933136079527
MWG,2023-07-28,53302,52948.44276969425,353.5572303057488,0.6633095011552077
MWG,2023-07-31,52519,53467.92935439883,-948.9293543988315,-1.8068305839769063
MWG,2023-08-01,50563,51832.532445592406,-1269.5324455924056,-2.510793357974024
MWG,2023-08-02,50563,50336.061883887465,226.93811611253477,0.4488224909766722
MWG,2023-08-03,51541,50494.49021926486,1046.5097807351412,2.0304413587923036
MWG,2023-08-04,51835,51578.65123718638,256.34876281362085,0.49454762769098265
MWG,2023-08-07,52617,52849.47708816782,-232.4770881678196,-0.44182885411144607
MWG,2023-08-08,52421,52655.28894118035,-234.28894118034805,-0.44693718391550724
MWG,2023-08-09,51443,51571.14296883389,-128.14296883389034,-0.24909699829693122
MWG,2023-08-10,50857,50919.81880091824,-62.81880091824132,-0.12352046113266871
MWG,2023-08-11,52128,51691.13745724,436.8625427599982,0.8380573641037411
MWG,2023-08-14,53008,52903.644795159504,104.3552048404963,0.19686689714853664
MWG,2023-08-15,52813,53264.29143498329,-451.2914349832936,-0.8545082365767777
MWG,2023-08-16,52617,52968.137618597466,-351.1376185974659,-0.6673463302686697
MWG,2023-08-17,52715,52383.309914614765,331.69008538523485,0.6292138582665936
MWG,2023-08-18,49096,49841.81855386066,-745.8185538606631,-1.5191024805700324
MWG,2023-08-21,47923,48435.226319606525,-512.2263196065251,-1.0688527838543602
MWG,2023-08-22,48901,48372.15028151249,528.8497184875087,1.081470150891615
MWG,2023-08-23,48607,48346.985403748724,260.0145962512761,0.5349324094292511
MWG,2023-08-24,49194,49345.11882836961,-151.11882836961013,-0.30718955232266154
MWG,2023-08-25,49390,49174.107790223425,215.89220977657533,0.4371172500031896
MWG,2023-08-28,50563,49778.96610799791,784.0338920020877,1.5506079386153664
MWG,2023-08-29,51737,51024.711744686414,712.288255313586,1.376748275535083
MWG,2023-08-30,52617,52251.567612828745,365.43238717125496,0.6945139159801109
MWG,2023-08-31,52617,53011.1245480782,-394.12454807820177,-0.7490441265716438
MWG,2023-09-05,53106,53100.84061670979,5.159383290207188,0.009715254943334441
MWG,2023-09-06,53791,53371.92183484084,419.07816515916056,0.7790860276982405
MWG,2023-09-07,53791,53567.64012510674,223.35987489326362,0.415236517062824
MWG,2023-09-08,54280,53992.345525506535,287.6544744934654,0.529945605183245
MWG,2023-09-11,53302,53352.71269727822,-50.71269727822073,-0.09514220344118557
MWG,2023-09-12,54573,53877.02027771705,695.9797222829511,1.2753187881973707
MWG,2023-09-13,56236,55130.7571803905,1105.2428196094988,1.9653652813313514
MWG,2023-09-14,56040,55723.7819184112,316.21808158879867,0.5642720941984273
MWG,2023-09-15,54671,55347.61507105614,-676.6150710561415,-1.2376123924130553
MWG,2023-09-18,53791,53818.22095475625,-27.220954756252468,-0.05060503570532704
MWG,2023-09-19,54280,53594.19168311975,685.8083168802477,1.2634641062642737
MWG,2023-09-20,54573,54332.58416124597,240.41583875403012,0.440539898400363
MWG,2023-09-21,53008,53789.207734685544,-781.207734685544,-1.4737544044022488
MWG,2023-09-22,50954,51998.2423579884,-1044.242357988398,-2.049382497916548
MWG,2023-09-25,49879,49867.33859643373,11.661403566271474,0.02337938524483545
MWG,2023-09-26,50368,49665.68387815687,702.3161218431269,1.3943696828206935
MWG,2023-09-27,50857,50762.91178778604,94.0882122139592,0.18500543133483924
MWG,2023-09-28,51835,51957.2672692954,-122.26726929540018,-0.2358778225048716
MWG,2023-09-29,51443,51958.665262784365,-515.665262784365,-1.0024012261811424
MWG,2023-10-02,50759,51032.178710644555,-273.1787106445554,-0.5381877315245679
MWG,2023-10-03,47923,48685.505608537285,-762.5056085372853,-1.591105749926518
MWG,2023-10-04,48118,48124.77166895802,-6.771668958019291,-0.014073047420963653
MWG,2023-10-05,45967,46748.42799814612,-781.4279981461223,-1.6999760657561345
MWG,2023-10-06,47238,47127.75390339959,110.24609660040733,0.23338434438462113
MWG,2023-10-09,46896,47201.71482844115,-305.71482844115235,-0.6518995829946101
MWG,2023-10-10,47776,47294.06659276624,481.93340723375877,1.0087353634330183
MWG,2023-10-11,48216,47942.53608250701,273.46391749299073,0.5671642556267437
MWG,2023-10-12,47336,47285.70235928776,50.297640712240536,0.10625663493375134
MWG,2023-10-13,48412,48006.15489106063,405.84510893937113,0.8383151056336675
MWG,2023-10-16,47531,47701.849783110796,-170.84978311079612,-0.3594491660406811
MWG,2023-10-17,45282,46100.59240088879,-818.5924008887887,-1.8077655600211753
MWG,2023-10-18,43717,44466.54723878499,-749.5472387849877,-1.7145440876203484
MWG,2023-10-19,42055,42111.73792662885,-56.73792662884807,-0.1349136288879992
MWG,2023-10-20,43717,42907.74194093149,809.2580590685102,1.8511289865921956
MWG,2023-10-23,42055,42357.762585309596,-302.76258530959603,-0.7199205452611961
MWG,2023-10-24,42055,42203.492140649505,-148.49214064950502,-0.3530903356307336
MWG,2023-10-25,42544,42223.57414653804,320.42585346195847,0.7531634389384131
MWG,2023-10-26,41077,40734.69061862034,342.3093813796586,0.8333358847521937
MWG,2023-10-27,41077,41219.50906415194,-142.50906415194186,-0.34693152896253826
MWG,2023-10-30,39609,40122.610239786445,-513.6102397864452,-1.2967008502775763
MWG,2023-10-31,36871,37963.32513705011,-1092.3251370501093,-2.962559022131511
MWG,2023-11-01,34328,35626.34880475711,-1298.3488047571082,-3.782185984494023
MWG,2023-11-02,36186,35416.83998754577,769.160012454231,2.125573460604187
MWG,2023-11-03,38094,37166.102436392575,927.8975636074247,2.4358102683032095
MWG,2023-11-06,37213,37872.553081352235,-659.5530813522346,-1.7723727765894568
MWG,2023-11-07,37360,37760.65247181503,-400.6524718150322,-1.072410256464219
MWG,2023-11-08,38729,38061.994842978966,667.0051570210344,1.7222369723489745
MWG,2023-11-09,39414,38609.469169986725,804.5308300132747,2.041231110806502
MWG,2023-11-10,38534,39141.887931017496,-607.8879310174962,-1.5775365418007374
MWG,2023-11-13,39120,39505.275767623236,-385.2757676232359,-0.9848562567056132
MWG,2023-11-14,40588,40230.46953320883,357.5304667911696,0.880877271092859
MWG,2023-11-15,40979,40684.73952130011,294.2604786998927,0.7180762798015878
MWG,2023-11-16,40588,40831.32890554864,-243.32890554863843,-0.5995094745950489
MWG,2023-11-17,40490,40440.17489223067,49.82510776932759,0.12305534149006567
MWG,2023-11-20,39658,39683.43099139485,-25.430991394852754,-0.06412575368110535
MWG,2023-11-21,40001,39707.08330358123,293.91669641876797,0.7347733717126271
MWG,2023-11-22,38925,39306.491415929595,-381.49141592959495,-0.9800678636598458
MWG,2023-11-23,36480,37454.66205734947,-974.6620573494729,-2.6717709905413183
MWG,2023-11-24,37702,37444.481638781814,257.5183612181863,0.6830363408259146
MWG,2023-11-27,37164,36946.4939976292,217.50600237079925,0.5852599353428029
MWG,2023-11-28,37164,37408.17331943716,-244.17331943716272,-0.6570157126174866
MWG,2023-11-29,37947,38234.446860282434,-287.4468602824345,-0.7574956130456545
MWG,2023-11-30,37653,37782.06143117833,-129.06143117832835,-0.3427653339131765
MWG,2023-12-01,37898,38231.15458620841,-333.15458620840946,-0.8790822370795542
MWG,2023-12-04,39072,39035.65752821998,36.342471780022606,0.09301410672610208
MWG,2023-12-05,39120,39408.80873453362,-288.8087345336171,-0.7382636363333771
MWG,2023-12-06,40050,40456.70463933151,-406.7046393315104,-1.0154922330374792
MWG,2023-12-07,39952,40328.139224717,-376.1392247170006,-0.9414778351947352
MWG,2023-12-08,41663,41310.628219604,352.3717803960026,0.8457667004200432
MWG,2023-12-11,41566,41803.20622392748,-237.20622392748191,-0.570673685049035
MWG,2023-12-12,41566,41796.42903499,-230.42903498999658,-0.5543690395756065
MWG,2023-12-13,40783,41290.726903319664,-507.7269033196644,-1.244947412695644
MWG,2023-12-14,40685,40653.72276365757,31.277236342430115,0.07687657943328036
MWG,2023-12-15,39854,40111.82454494697,-257.8245449469687,-0.6469226299668005
MWG,2023-12-18,38729,39200.34547638387,-471.3454763838672,-1.2170349773654554
MWG,2023-12-19,39756,39543.40459222541,212.59540777459188,0.5347504974710532
MWG,2023-12-20,41468,40797.86344819289,670.1365518071107,1.6160329695358122
MWG,2023-12-21,41712,41697.4148688306,14.585131169398664,0.03496627150316135
MWG,2023-12-22,41419,41960.277150987735,-541.2771509877348,-1.3068329775893546
MWG,2023-12-25,41712,41821.34506365563,-109.34506365562993,-0.2621429412534281
MWG,2023-12-26,41761,41730.144220063536,30.855779936464387,0.0738865926018639
MWG,2023-12-27,41908,42121.50291309705,-213.50291309705062,-0.5094562210008844
MWG,2023-12-28,42103,42584.44760050483,-481.4476005048273,-1.1434995142978583
MWG,2023-12-29,41859,42356.02809959113,-497.02809959113074,-1.187386463105021
MWG,2024-01-02,41517,41805.489556092,-288.48955609199766,-0.6948709109328652
MWG,2024-01-03,42250,41999.58958379864,250.41041620136093,0.5926873756245229
MWG,2024-01-04,42250,42247.71737673272,2.2826232672814513,0.0054026586207845005
MWG,2024-01-05,42886,42871.45050473421,14.549495265790028,0.03392597879445513
MWG,2024-01-08,42250,42674.885592979525,-424.8855929795245,-1.0056463739160344
MWG,2024-01-09,41761,42009.00009416287,-248.00009416286775,-0.593855736603213
MWG,2024-01-10,41321,41520.947306466966,-199.94730646696553,-0.4838878692842998
MWG,2024-01-11,41517,41382.104412545705,134.8955874542953,0.32491650999420796
MWG,2024-01-12,40979,41299.33172161644,-320.33172161644325,-0.7816972635165408
MWG,2024-01-15,41957,41809.546612704944,147.45338729505602,0.35143930046251165
MWG,2024-01-16,43326,42907.420776834144,418.5792231658561,0.9661155499373497
MWG,2024-01-17,43913,43704.57231651567,208.4276834843331,0.4746377689621139
MWG,2024-01-18,44842,44736.43314614524,105.56685385476158,0.2354195929145925
MWG,2024-01-19,45037,45092.30940860578,-55.309408605782664,-0.12280882076022528
MWG,2024-01-22,45135,45161.99375521871,-26.993755218711158,-0.05980670260044568
MWG,2024-01-23,44402,44767.705145432716,-365.70514543271565,-0.8236231373197506
MWG,2024-01-24,43424,43842.440899308494,-418.4408993084944,-0.9636166620037178
MWG,2024-01-25,44206,43980.69724871338,225.30275128661742,0.5096655460494445
MWG,2024-01-26,43913,43867.77915818647,45.22084181352693,0.10297825658353318
MWG,2024-01-29,43619,43711.183305471,-92.1833054710005,-0.21133750308581237
MWG,2024-01-30,44402,44139.29991067361,262.7000893263903,0.5916402173919876
MWG,2024-01-31,44011,43751.03434005422,259.9656599457812,0.590683374487699
MWG,2024-02-01,45184,44772.19260435522,411.807395644777,0.911400928746408
MWG,2024-02-02,46358,45947.660428706,410.3395712939964,0.885153741088909
MWG,2024-02-05,46358,46541.13599442686,-183.13599442686245,-0.39504722901519146
MWG,2024-02-06,45967,46477.01271968931,-510.01271968930814,-1.1095192631437947
MWG,2024-02-07,45575,45761.8502455113,-186.85024551129754,-0.40998408230674177
MWG,2024-02-15,44842,45031.985899872954,-189.98589987295418,-0.4236784707929044
MWG,2024-02-16,45282,45213.5120406919,68.48795930809865,0.15124764654409845
MWG,2024-02-19,45771,45694.96665732639,76.0333426736106,0.1661168483834974
MWG,2024-02-20,45771,45897.723086547805,-126.723086547805,-0.27686326833105024
MWG,2024-02-21,45086,45376.96794692828,-290.96794692827825,-0.6453620789785705
MWG,2024-02-22,44304,44384.98505304508,-80.98505304507853,-0.18279399838632748
MWG,2024-02-23,43033,43214.92136037288,-181.92136037287855,-0.4227484962072794
MWG,2024-02-26,43375,43238.06962685684,136.93037314315734,0.3156896210793253
MWG,2024-02-27,43766,43712.99921784464,53.00078215535905,0.12110035679604955
MWG,2024-02-28,44304,44371.24971555932,-67.2497155593228,-0.15179152121551734
MWG,2024-02-29,45184,45035.70236187057,148.29763812942838,0.32820829968446436
MWG,2024-03-01,45575,45343.10863075656,231.89136924344348,0.5088126587897827
MWG,2024-03-04,46358,46022.600196657055,335.39980334294523,0.723499295359906
MWG,2024-03-05,48901,48028.51081631455,872.4891836854513,1.7841949728746882
MWG,2024-03-06,47629,48110.23114492356,-481.2311449235567,-1.0103742361241193
MWG,2024-03-07,47923,48278.78363083514,-355.7836308351398,-0.7424068418820603
MWG,2024-03-08,46700,47003.69356075364,-303.6935607536434,-0.6503074106073734
MWG,2024-03-11,45380,45442.391198753045,-62.39119875304459,-0.1374861144844526
MWG,2024-03-12,45722,45626.541927817794,95.4580721822058,0.2087793013914654
MWG,2024-03-13,47482,46676.49281376519,805.5071862348123,1.696447466902852
MWG,2024-03-14,46211,46579.55310903312,-368.55310903312056,-0.7975441107812438
MWG,2024-03-15,46309,46410.3399507922,-101.3399507922004,-0.2188342455941618
MWG,2024-03-18,44891,44888.2929568321,2.7070431679021567,0.0060302581094254
MWG,2024-03-19,44500,44255.344291678295,244.65570832170488,0.5497881085881009
MWG,2024-03-20,46945,46157.439028766814,787.5609712331861,1.677624818901238
MWG,2024-03-21,47434,47419.05919535497,14.940804645033495,0.031498091337507896
MWG,2024-03-22,48020,48446.60733206964,-426.6073320696378,-0.8883951105156971
MWG,2024-03-25,47238,47715.19360036289,-477.1936003628871,-1.0101901019579302
MWG,2024-03-26,47580,47172.08144414651,407.9185558534882,0.857331979515528
MWG,2024-03-27,49585,48738.47727996001,846.5227200399895,1.7072153272965402
MWG,2024-03-28,49879,49846.17558352241,32.82441647758969,0.06580808852942058
MWG,2024-03-29,49976,50496.996641406695,-520.9966414066948,-1.042493679779684
MWG,2024-04-01,50270,50361.87910498882,-91.87910498881683,-0.18277124525326605
MWG,2024-04-02,50465,49938.143803833584,526.8561961664163,1.044003162917698
MWG,2024-04-03,49096,49316.48816369481,-220.4881636948121,-0.4490959827578868
MWG,2024-04-04,49585,49394.00512386464,190.99487613535894,0.3851868027334051
MWG,2024-04-05,49879,49635.14963265078,243.85036734922323,0.48888383357569964
MWG,2024-04-08,48901,49169.717509218164,-268.7175092181642,-0.5495133212371204
MWG,2024-04-09,51639,50775.714566989845,863.2854330101545,1.6717702376307721
MWG,2024-04-10,50857,50834.12414549779,22.875854502206494,0.04498073913562832
MWG,2024-04-11,51150,51146.168083275006,3.831916724993789,0.007491528299108092
MWG,2024-04-12,50857,51204.4440009809,-347.4440009808968,-0.6831783254633518
MWG,2024-04-15,48803,49063.326665872664,-260.3266658726643,-0.5334234900982815
MWG,2024-04-16,48803,49126.892732109336,-323.89273210933607,-0.663673815358351
MWG,2024-04-17,48314,48346.48016820422,-32.480168204223446,-0.0672272389042999
MWG,2024-04-19,47140,47595.40881426913,-455.40881426913256,-0.9660772470707099
MWG,2024-04-22,47531,47810.43325937542,-279.4332593754225,-0.5878968659936095
MWG,2024-04-23,48705,47953.3513668928,751.648633107201,1.5432679049526765
MWG,2024-04-24,51150,50316.43539279689,833.5646072031086,1.6296473259102808
MWG,2024-04-25,52617,52230.83280937317,386.16719062683114,0.7339209582964272
MWG,2024-04-26,53693,53572.71682594243,120.28317405757116,0.22402021503281835
MWG,2024-05-02,54377,54399.99892486493,-22.998924864928995,-0.042295317624968264
MWG,2024-05-03,54475,54407.4330635655,67.56693643450126,0.12403292599265948
MWG,2024-05-06,57018,56235.35899545017,782.6410045498269,1.3726209347045266
MWG,2024-05-07,57996,57751.07466406377,244.92533593622647,0.4223141870753612
MWG,2024-05-08,57801,58098.73790256153,-297.73790256153006,-0.5151085665672395
MWG,2024-05-09,57605,57744.83684982113,-139.83684982112754,-0.24275123656128383
MWG,2024-05-10,57605,56954.96237753956,650.0376224604406,1.128439584168806
MWG,2024-05-13,57018,56675.10906841616,342.8909315838391,0.6013731305619964
MWG,2024-05-14,58779,57976.182890386146,802.817109613854,1.3658230143654264
MWG,2024-05-15,59463,59110.71939994785,352.2806000521523,0.5924366413604297
MWG,2024-05-16,58583,59011.86361135908,-428.86361135907646,-0.7320615389431686
MWG,2024-05-17,58290,58435.93143997569,-145.93143997569132,-0.25035416019161316
MWG,2024-05-20,58681,58138.01704049333,542.9829595066694,0.9253130647171476
MWG,2024-05-21,59170,58813.45251707035,356.54748292965087,0.6025815158520379
MWG,2024-05-22,59659,59742.01437174607,-83.0143717460669,-0.13914811134291039
MWG,2024-05-23,60637,60724.98329849737,-87.9832984973691,-0.14509836980287466
MWG,2024-05-24,59170,59841.78578831938,-671.7857883193792,-1.135348636672941
MWG,2024-05-27,58681,58967.98871144524,-286.9887114452431,-0.48906581592890896
MWG,2024-05-28,60148,59585.98811973179,562.0118802682118,0.9343816590214336
MWG,2024-05-29,59170,59402.07092911385,-232.07092911384825,-0.39221045988482045
MWG,2024-05-30,61419,61116.18661498876,302.81338501124264,0.4930288428845189
MWG,2024-05-31,62202,62048.94619479986,153.05380520014296,0.24605929905813792
MWG,2024-06-03,62593,62488.28725038148,104.71274961852032,0.1672914696827446
MWG,2024-06-04,62397,62644.87598026923,-247.87598026922933,-0.39725624672537035
MWG,2024-06-05,60637,61039.598645447746,-402.5986454477461,-0.663948819116622
MWG,2024-06-06,60539,60611.262559960756,-72.26255996075633,-0.1193653016415143
MWG,2024-06-07,60735,60569.93070759255,165.06929240744648,0.2717861075285198
MWG,2024-06-10,61615,61226.260217604555,388.7397823954452,0.6309174428230873
MWG,2024-06-11,60930,61381.16648299074,-451.1664829907386,-0.7404669013470189
MWG,2024-06-12,62006,61546.3967098679,459.6032901321014,0.7412238979003667
MWG,2024-06-13,62593,61953.48047554322,639.5195244567803,1.0217109332621546
MWG,2024-06-14,61615,61565.62863677251,49.37136322748847,0.08012880504339605
MWG,2024-06-17,60637,61107.917281379276,-470.91728137927566,-0.7766170512711309
MWG,2024-06-18,60832,60738.96150422406,93.03849577593792,0.15294334523924566
MWG,2024-06-19,61908,61320.154367249335,587.8456327506647,0.9495471227477299
MWG,2024-06-20,62104,62066.087869951814,37.912130048185645,0.061046196779894445
MWG,2024-06-21,62104,62232.663898001345,-128.66389800134493,-0.20717489694922217
MWG,2024-06-24,60637,60992.49742517005,-355.4974251700478,-0.5862714599502742
MWG,2024-06-25,60637,60266.35984902001,370.6401509799907,0.6112442089483165
MWG,2024-06-26,61224,60643.02983257634,580.9701674236567,0.9489255315295582
MWG,2024-06-27,62006,61638.16701334977,367.83298665023176,0.5932216021840334
MWG,2024-06-28,61514,61929.0289513075,-415.02895130749675,-0.6746902352431914
MWG,2024-07-01,64866,63741.045200802415,1124.954799197585,1.734274965617712
MWG,2024-07-02,65063,64600.795538749124,462.2044612508762,0.7103952496055764
MWG,2024-07-03,64570,64734.26878510421,-164.26878510420647,-0.25440418941335985
MWG,2024-07-04,64176,64493.940800301454,-317.94080030145415,-0.49542009520919683
MWG,2024-07-05,64668,64136.63212506234,531.3678749376631,0.8216859574096356
MWG,2024-07-08,66049,65394.75823593491,654.2417640650892,0.9905399991901305
MWG,2024-07-09,65851,66002.12416168014,-151.1241616801417,-0.22949410286881247
MWG,2024-07-10,64274,64976.225480339956,-702.2254803399555,-1.0925498340541362
MWG,2024-07-11,63880,63874.23668837597,5.763311624032212,0.00902209083286195
MWG,2024-07-12,63880,63088.80854497737,791.1914550226284,1.2385589464975397
MWG,2024-07-15,63387,63221.65319848088,165.34680151911743,0.2608528586604784
MWG,2024-07-16,63190,63485.80667845824,-295.80667845824064,-0.4681226118978329
MWG,2024-07-17,62598,62881.110566438154,-283.1105664381539,-0.4522677504683119
MWG,2024-07-18,64077,63405.87141795307,671.1285820469275,1.0473782824522488
MWG,2024-07-19,64668,64169.63599963837,498.36400036163104,0.7706500902480842
MWG,2024-07-22,64373,64553.17493377711,-180.1749337771107,-0.27989208795164233
MWG,2024-07-23,61613,62906.923778153876,-1293.923778153876,-2.100082414675273
MWG,2024-07-24,60528,60979.97273962514,-451.9727396251401,-0.7467167916090737
MWG,2024-07-25,60134,59984.67257128695,149.327428713048,0.24832445656874313
MWG,2024-07-26,60134,60112.82754161752,21.172458382483455,0.035208797656040604
MWG,2024-07-29,61120,61164.31814425004,-44.31814425004268,-0.0725100527651222
MWG,2024-07-30,62105,61876.884460667694,228.11553933230607,0.367306238358113
MWG,2024-07-31,62894,62464.662326068,429.33767393200105,0.6826369350526299
MWG,2024-08-01,61218,61511.16547261429,-293.16547261428786,-0.478887700699611
MWG,2024-08-02,62007,61675.60292398667,331.39707601333066,0.5344510716746991
MWG,2024-08-05,60725,60893.46464615916,-168.46464615916193,-0.2774222250459645
MWG,2024-08-06,61415,61392.61136911176,22.388630888242915,0.03645466235975399
MWG,2024-08-07,61415,61671.15971018744,-256.1597101874431,-0.41709632856377615
MWG,2024-08-08,61514,61352.83282936258,161.16717063741817,0.26200079760285166
MWG,2024-08-09,64668,63537.14699318429,1130.8530068157124,1.748705707329301
MWG,2024-08-12,65654,64852.627990881134,801.3720091188661,1.220598911138493
MWG,2024-08-13,65753,65699.8640017926,53.135998207406374,0.0808115191814919
MWG,2024-08-14,65654,65873.07345427162,-219.07345427162363,-0.3336787617991648
MWG,2024-08-15,64964,64775.71805094355,188.28194905645069,0.2898250555022023
MWG,2024-08-16,68020,66930.85374668069,1089.1462533193117,1.6012147211398289
MWG,2024-08-19,68020,67946.55191085991,73.448089140089,0.10798013693044545
MWG,2024-08-20,68513,68725.8001136045,-212.8001136045059,-0.31059815451739947
MWG,2024-08-21,68809,68925.80519212916,-116.8051921291626,-0.16975278252723133
MWG,2024-08-22,69006,68238.85332265214,767.1466773478605,1.1117101083208134
MWG,2024-08-23,69006,68777.53106839141,228.468931608586,0.33108560358314637
MWG,2024-08-26,68809,68871.36305960978,-62.36305960977916,-0.09063212604423718
MWG,2024-08-27,68809,68976.36740133585,-167.36740133585408,-0.24323475320939714
MWG,2024-08-28,68415,68677.40744137196,-262.4074413719645,-0.3835524978030615
MWG,2024-08-29,68119,68143.36757545565,-24.367575455646147,-0.035772068667546716
MWG,2024-08-30,68809,68599.34757102618,209.6524289738154,0.30468751031669605
MWG,2024-09-04,68119,68324.47160193624,-205.47160193623859,-0.3016362570446404
MWG,2024-09-05,66936,67564.90214397592,-628.9021439759235,-0.9395574040515171
MWG,2024-09-06,67034,67225.2210975406,-191.22109754060511,-0.2852598644577455
MWG,2024-09-09,66542,66613.6760963574,-71.67609635740519,-0.10771557265697633
MWG,2024-09-10,66837,66902.31374667889,-65.31374667889031,-0.09772094300894761
MWG,2024-09-11,66837,67140.7465979484,-303.7465979483968,-0.45445875480407083
MWG,2024-09-12,66542,66838.47174741639,-296.47174741639174,-0.4455407823876525
MWG,2024-09-13,66246,66494.50129508456,-248.50129508455575,-0.37511894315816163
MWG,2024-09-16,65161,65457.605673449645,-296.6056734496451,-0.45518895267053167
MWG,2024-09-17,65851,65770.39803824647,80.60196175353485,0.12240051290570357
MWG,2024-09-18,67232,66809.71372531501,422.286274684986,0.6281030977584869
MWG,2024-09-19,67232,67337.23562581759,-105.23562581758597,-0.1565260974202552
MWG,2024-09-20,67034,67438.27650248095,-404.2765024809487,-0.6030917183532963
MWG,2024-09-23,66344,66459.67247488114,-115.67247488113935,-0.1743525788031161
MWG,2024-09-24,67133,66540.76355014756,592.2364498524403,0.8821837991039284
MWG,2024-09-25,67724,67358.98996522045,365.01003477955237,0.5389670349943186
MWG,2024-09-26,67330,67566.0571136546,-236.05711365460593,-0.3505972280626852
MWG,2024-09-27,66542,67076.72649728833,-534.7264972883277,-0.803592463839872
MWG,2024-09-30,67133,66654.40282218388,478.59717781611835,0.7129089684895928
MWG,2024-10-01,66837,66468.72268190893,368.27731809107354,0.5510081513100131
MWG,2024-10-02,66443,66450.82747953446,-7.827479534462327,-0.011780743696796242
MWG,2024-10-03,65359,65781.88775334749,-422.8877533474879,-0.6470229858894535
MWG,2024-10-04,65457,65244.95243663828,212.04756336171704,0.32394940703319286
MWG,2024-10-07,65359,65119.49021155192,239.50978844807833,0.3664526514299153
MWG,2024-10-08,64274,64545.95622818383,-271.9562281838298,-0.42312012350846345
MWG,2024-10-09,63288,63834.68357890377,-546.6835789037723,-0.8638028992917651
MWG,2024-10-10,64077,63715.03993046703,361.96006953297183,0.5648829838053777
MWG,2024-10-11,63584,63505.616972253214,78.38302774678596,0.1232747668388053
MWG,2024-10-14,62697,63139.36215810733,-442.3621581073312,-0.7055555419036497
MWG,2024-10-15,63486,63353.62889760114,132.37110239885806,0.20850439844825325
MWG,2024-10-16,64570,63980.57896786345,589.4210321365535,0.912840378095948
MWG,2024-10-17,64866,64781.94654708303,84.05345291696722,0.12958013892789322
MWG,2024-10-18,64767,65038.8114975089,-271.81149750889745,-0.4196759113574775
MWG,2024-10-21,64866,64867.531023252595,-1.5310232525953325,-0.0023602862094091394
MWG,2024-10-22,65359,65019.341922262196,339.658077737804,0.5196806526076041
MWG,2024-10-23,64767,64872.74797470715,-105.74797470714839,-0.16327446802715642
MWG,2024-10-24,64471,64627.156908440724,-156.15690844072378,-0.2422126358218793
MWG,2024-10-25,64570,64535.28858243379,34.711417566206364,0.0537578094567235
MWG,2024-10-28,64570,64338.36495421054,231.63504578945867,0.35873477743450316
MWG,2024-10-29,65556,65101.44785499553,454.5521450044689,0.6933799270920571
MWG,2024-10-30,65063,65123.23061697474,-60.23061697473895,-0.09257276328287806
MWG,2024-10-31,65556,65402.91469282118,153.0853071788224,0.2335183769278516
MWG,2024-11-01,65063,65120.57058410844,-57.570584108441835,-0.08848436762590388
MWG,2024-11-04,64176,64309.448974231076,-133.44897423107614,-0.2079421812376529
MWG,2024-11-05,64668,64602.06308261276,65.9369173872401,0.1019622029245378
MWG,2024-11-06,64668,64683.205216143244,-15.205216143243888,-0.023512736041386602
MWG,2024-11-07,64471,64680.40463173487,-209.40463173486933,-0.32480437985275445
MWG,2024-11-08,64077,64386.68015609374,-309.68015609373833,-0.483293781066121
MWG,2024-11-11,62105,62723.78444128048,-618.784441280477,-0.9963520510111538
MWG,2024-11-12,59937,60721.31650511698,-784.3165051169781,-1.3085681717753275
MWG,2024-11-13,61021,60534.66141043737,486.338589562627,0.7970019985949542
MWG,2024-11-14,60430,60422.42346432054,7.576535679458175,0.01253770590676514
MWG,2024-11-15,59049,59917.699035823316,-868.6990358233161,-1.4711494450766587
MWG,2024-11-18,58064,58787.90093933085,-723.9009393308515,-1.2467293664419459
MWG,2024-11-19,56684,56821.22824967692,-137.2282496769185,-0.24209344731655935
MWG,2024-11-20,55993,56138.4396975202,-145.43969752020348,-0.259746213848523
MWG,2024-11-21,57866,57321.93654520803,544.063454791969,0.9402126547402084
MWG,2024-11-22,58162,58261.80089000642,-99.80089000642329,-0.17159122796056409
MWG,2024-11-25,58162,58709.16372332355,-547.1637233235524,-0.9407580951885294
MWG,2024-11-26,59148,58952.715215077675,195.28478492232534,0.3301629555053854
MWG,2024-11-27,59345,58950.759427242214,394.24057275778614,0.6643197788487424
MWG,2024-11-28,59148,59263.64068238254,-115.64068238253822,-0.1955107229027832
MWG,2024-11-29,59641,59714.35189267011,-73.35189267010719,-0.12298903886606058
MWG,2024-12-02,59542,59609.67689888228,-67.67689888228051,-0.11366245487602114
MWG,2024-12-03,58951,59190.521351738564,-239.52135173856368,-0.4063058332149814
MWG,2024-12-04,57275,57697.43311468026,-422.43311468025786,-0.7375523608559719
MWG,2024-12-05,60134,58970.59538184916,1163.4046181508384,1.9346868961832548
MWG,2024-12-06,60232,59753.357750748146,478.6422492518541,0.7946643798177947
MWG,2024-12-09,60232,60295.95751288629,-63.957512886292534,-0.10618527175968344
MWG,2024-12-10,59937,60289.922357184274,-352.922357184274,-0.5888221919419958
MWG,2024-12-11,59148,59009.89600934479,138.1039906552105,0.2334888595645001
MWG,2024-12-12,59148,58975.67491911334,172.32508088665782,0.2913455753138869
MWG,2024-12-13,60134,59777.47191211857,356.5280878814301,0.5928893602312005
MWG,2024-12-16,60134,60377.467946710785,-243.46794671078533,-0.40487568881295993
MWG,2024-12-17,59444,60146.74759807745,-702.747598077447,-1.1822010599512938
MWG,2024-12-18,59345,59413.622012928834,-68.62201292883401,-0.1156323412736271
MWG,2024-12-19,58951,58848.22656206082,102.7734379391768,0.17433705609604044
MWG,2024-12-20,59739,59511.576502490614,227.42349750938592,0.38069518657725426
MWG,2024-12-23,60134,60280.09584148123,-146.09584148122667,-0.24295047973064604
MWG,2024-12-24,60430,60691.26949836219,-261.26949836219137,-0.4323506509385924
MWG,2024-12-25,61317,61362.53668811243,-45.53668811242824,-0.07426437710981985
MWG,2024-12-26,60627,60872.75656852359,-245.75656852358952,-0.4053582867758416
MWG,2024-12-27,60528,60756.42297760755,-228.42297760755173,-0.3773839836233672
MWG,2024-12-30,60134,60439.37049838324,-305.3704983832431,-0.50781670666053
MWG,2024-12-31,60134,60216.18179389671,-82.18179389670695,-0.13666443924686025
VCB,2023-01-03,46444,46165.24731243879,278.7526875612093,0.6001909559064881
VCB,2023-01-04,46557,46364.737968700305,192.26203129969508,0.41296052430288693
VCB,2023-01-05,47232,47034.75670495501,197.24329504498746,0.41760521478020723
VCB,2023-01-06,47232,47294.8182685374,-62.81826853739767,-0.13299938291285077
VCB,2023-01-09,48862,48165.82741229435,696.1725877056524,1.4247730090983841
VCB,2023-01-10,49087,48922.09379738101,164.90620261899312,0.3359467936907799
VCB,2023-01-11,47850,48340.465099158144,-490.46509915814386,-1.025005431887448
VCB,2023-01-12,47681,47846.468982015045,-165.46898201504519,-0.34703337181486377
VCB,2023-01-13,48244,47731.34505247125,512.6549475287466,1.0626294410263382
VCB,2023-01-16,49087,48543.48396546778,543.516034532222,1.1072504625098742
VCB,2023-01-17,50268,50108.96403518711,159.03596481288696,0.3163761534433177
VCB,2023-01-18,50605,50597.75409855536,7.245901444643096,0.014318548453004832
VCB,2023-01-19,52292,51676.65470936922,615.3452906307793,1.1767484330887696
VCB,2023-01-27,52292,52066.49845480155,225.5015451984509,0.4312352658120762
VCB,2023-01-30,50549,51096.80253367534,-547.8025336753417,-1.0837059757370902
VCB,2023-01-31,51674,51591.07002457593,82.92997542407102,0.16048685107417854
VCB,2023-02-01,50099,50297.74022741235,-198.7402274123524,-0.3966949987272249
VCB,2023-02-02,50943,50821.63641832213,121.36358167786966,0.23823406881783496
VCB,2023-02-03,52292,51924.98821714542,367.0117828545772,0.7018507283228356
VCB,2023-02-06,53979,53208.53135781831,770.4686421816878,1.4273488619309134
VCB,2023-02-07,51730,52624.16797253975,-894.167972539748,-1.728528846974189
VCB,2023-02-08,52967,52581.31598529873,385.6840147012699,0.7281590701781674
VCB,2023-02-09,52292,52123.15593392837,168.84406607162964,0.32288699241113294
VCB,2023-02-10,53135,52761.276823275766,373.7231767242338,0.7033465262524397
VCB,2023-02-13,52573,53159.15950909992,-586.1595090999181,-1.1149439999618018
VCB,2023-02-14,52011,52444.558474489335,-433.5584744893349,-0.8335899607570224
VCB,2023-02-15,52292,52321.444479979014,-29.44447997901443,-0.056307809949924334
VCB,2023-02-16,51955,51812.44501895211,142.5549810478915,0.27438163997284476
VCB,2023-02-17,52292,52102.516568433595,189.48343156640476,0.3623564437512521
VCB,2023-02-20,52742,52922.12470080897,-180.12470080897037,-0.3415204216923332
VCB,2023-02-21,52967,52810.66991978974,156.33008021026035,0.29514618575766105
VCB,2023-02-22,52292,52484.37536379478,-192.37536379478115,-0.36788679682318737
VCB,2023-02-23,52461,52356.7202425433,104.27975745670119,0.19877577144297898
VCB,2023-02-24,52573,52311.71321479526,261.28678520474205,0.4969980507194606
VCB,2023-02-27,52180,52210.4094530258,-30.409453025800758,-0.05827798586776688
VCB,2023-02-28,52573,52554.855065801436,18.144934198564442,0.03451378882423381
VCB,2023-03-01,52292,52437.86870674616,-145.86870674615784,-0.2789503303491124
VCB,2023-03-02,52404,52236.63842654905,167.36157345095125,0.3193679365142952
VCB,2023-03-03,51111,51388.499575754475,-277.4995757544748,-0.5429351328568699
VCB,2023-03-06,51167,51011.537110307,155.46288969300076,0.3038342871245153
VCB,2023-03-07,51674,51396.182977611694,277.8170223883062,0.537634056562887
VCB,2023-03-08,51842,51673.07714137083,168.92285862917197,0.3258417087094865
VCB,2023-03-09,52292,52284.59709808252,7.40290191747772,0.014156853663041613
VCB,2023-03-10,51786,51890.918987624704,-104.91898762470373,-0.20260106520044746
VCB,2023-03-13,51449,51392.62794068331,56.37205931668723,0.109568814392286
VCB,2023-03-14,51167,51016.605771437695,150.39422856230522,0.2939281735538633
VCB,2023-03-15,51392,51261.55911931208,130.4408806879219,0.25381553683048313
VCB,2023-03-16,51167,51202.78349663695,-35.78349663694826,-0.06993471697959282
VCB,2023-03-17,50043,50488.34544398135,-445.3454439813504,-0.8899255519879912
VCB,2023-03-20,47850,48433.90643670012,-583.9064367001192,-1.2202851341695282
VCB,2023-03-21,48637,48120.123596423844,516.876403576156,1.0627226259353086
VCB,2023-03-22,50043,49113.569859746116,929.430140253884,1.8572630342982714
VCB,2023-03-23,50999,50656.00572015544,342.9942798445627,0.6725509908911208
VCB,2023-03-24,50043,50789.86580756143,-746.8658075614294,-1.4924481097484752
VCB,2023-03-27,51167,50768.09211171251,398.9078882874892,0.7796194584155592
VCB,2023-03-28,51617,50984.671871946106,632.328128053894,1.2250385106726351
VCB,2023-03-29,51898,51629.69576849229,268.30423150771094,0.5169837595046263
VCB,2023-03-30,52123,52429.84100067004,-306.8410006700433,-0.5886863777411955
VCB,2023-03-31,51392,51883.13427289753,-491.1342728975287,-0.9556628909120655
VCB,2023-04-03,52180,51922.838448274546,257.16155172545405,0.4928354766681757
VCB,2023-04-04,51730,51576.3978732546,153.60212674539798,0.296930459589016
VCB,2023-04-05,51786,51623.982867182654,162.01713281734555,0.3128589441496651
VCB,2023-04-06,51280,51443.53572086194,-163.5357208619389,-0.31890741197725997
VCB,2023-04-07,50605,50618.9801551555,-13.980155155499233,-0.027626035284061323
VCB,2023-04-10,50043,50104.04826566927,-61.04826566926931,-0.12199161854658856
VCB,2023-04-11,49593,49610.91785117573,-17.917851175727264,-0.03612979891461953
VCB,2023-04-12,49649,49564.315914862855,84.6840851371453,0.17056554036767166
VCB,2023-04-13,49593,49631.234136086845,-38.234136086844956,-0.07709583224819018
VCB,2023-04-14,49706,49614.28990458646,91.71009541353851,0.18450508070160246
VCB,2023-04-17,49706,49766.665553069535,-60.665553069535235,-0.1220487528055672
VCB,2023-04-18,49481,49573.118848253245,-92.11884825324523,-0.18617014258653874
VCB,2023-04-19,49762,49695.092975108215,66.90702489178511,0.13445405106664748
VCB,2023-04-20,49649,49755.997663773705,-106.99766377370543,-0.21550819507685035
VCB,2023-04-21,49199,49461.12030215354,-262.12030215354025,-0.53277567054928
VCB,2023-04-24,49424,49479.5858226345,-55.5858226345008,-0.11246726819865005
VCB,2023-04-25,49649,49462.103185586544,186.896814413456,0.3764362110283309
VCB,2023-04-26,50268,50080.33477684802,187.66522315197653,0.3733294007161147
VCB,2023-04-27,50605,50518.109846374595,86.89015362540522,0.17170270452604527
VCB,2023-04-28,50886,50859.29322799852,26.706772001482022,0.0524835357494832
VCB,2023-05-04,49762,50104.908783016115,-342.9087830161152,-0.689097670945933
VCB,2023-05-05,50493,50158.578766022045,334.4212339779551,0.6623120709364766
VCB,2023-05-08,52292,51564.49782300852,727.502176991482,1.3912303545312512
VCB,2023-05-09,51898,52035.23553704321,-137.2355370432124,-0.26443319018692896
VCB,2023-05-10,51730,52203.08540720134,-473.08540720133897,-0.9145281407333056
VCB,2023-05-11,51167,51328.88092200273,-161.8809220027324,-0.31637759103080576
VCB,2023-05-12,52180,51506.28959308611,673.7104069138877,1.2911276483593095
VCB,2023-05-15,51561,51691.242398262424,-130.2423982624241,-0.25259866616711096
VCB,2023-05-16,52067,52087.74554952527,-20.74554952527251,-0.039843950151290664
VCB,2023-05-17,52180,52319.48232187489,-139.4823218748934,-0.26730993076828935
VCB,2023-05-18,53417,52902.7407326863,514.2592673136969,0.9627258500359379
VCB,2023-05-19,52967,53053.141752225696,-86.14175222569611,-0.1626328699486399
VCB,2023-05-22,52348,52718.87536204019,-370.87536204019125,-0.7084804807064096
VCB,2023-05-23,52180,52328.11228636606,-148.11228636605665,-0.28384876651218216
VCB,2023-05-24,52067,51988.84793606179,78.152063938207,0.15009903381836287
VCB,2023-05-25,52404,52378.41231326304,25.587686736958858,0.048827735930384815
VCB,2023-05-26,51730,52202.15681857033,-472.15681857032905,-0.9127330728210499
VCB,2023-05-29,52348,52343.24404561234,4.755954387663223,0.009085264742995383
VCB,2023-05-30,53135,52829.2684501919,305.7315498081007,0.5753863739683838
VCB,2023-05-31,52854,52844.96458957292,9.035410427080933,0.01709503618852108
VCB,2023-06-01,52798,53111.35755757958,-313.3575575795767,-0.5935027038516169
VCB,2023-06-02,53360,53357.82138662509,2.178613374911947,0.004082858648635584
VCB,2023-06-05,55103,54492.793016497584,610.2069835024158,1.107393396915623
VCB,2023-06-06,55666,55675.13239742035,-9.132397420347843,-0.01640570082338922
VCB,2023-06-07,54541,55272.663625554655,-731.6636255546546,-1.341492868767816
VCB,2023-06-08,56228,55773.7913208613,454.20867913869733,0.8077980350336084
VCB,2023-06-09,56509,56087.64604315885,421.35395684115065,0.7456404410645218
VCB,2023-06-12,56790,56719.41166000832,70.58833999167837,0.12429712976171572
VCB,2023-06-13,57634,57711.54622356875,-77.54622356875188,-0.13454943881866932
VCB,2023-06-14,57690,57564.1773755426,125.82262445740344,0.2181012731104237
VCB,2023-06-15,58196,57981.46056102641,214.5394389735884,0.3686498023465331
VCB,2023-06-16,59039,58591.8913845715,447.10861542850034,0.7573106174367796
VCB,2023-06-19,57184,57712.57239383045,-528.5723938304509,-0.9243361671629317
VCB,2023-06-20,56172,56820.76022492973,-648.760224929727,-1.1549530458764632
VCB,2023-06-21,56228,56053.44034639869,174.55965360131086,0.31044969339352435
VCB,2023-06-22,56453,56117.068087790016,335.93191220998415,0.5950647657520135
VCB,2023-06-23,56172,56522.35381661134,-350.35381661134306,-0.6237161158786283
VCB,2023-06-26,56228,56429.95618422978,-201.95618422977714,-0.35917369323073406
VCB,2023-06-27,56228,56208.25665790442,19.743342095578555,0.035113007924127755
VCB,2023-06-28,56846,56511.99310361695,334.006896383049,0.5875644660715776
VCB,2023-06-29,57296,57055.826828802776,240.1731711972243,0.4191796481381323
VCB,2023-06-30,56228,56898.698810893,-670.6988108930018,-1.192819966730102
VCB,2023-07-03,56228,56583.47890068955,-355.47890068955166,-0.6322097543742471
VCB,2023-07-04,56228,56226.0321039966,1.967896003399801,0.0034998506142843444
VCB,2023-07-05,57353,56898.83998342896,454.1600165710406,0.7918679346695737
VCB,2023-07-06,56622,57007.404071769975,-385.4040717699754,-0.6806613538376874
VCB,2023-07-07,59039,58374.98422987228,664.0157701277203,1.1247070074488394
VCB,2023-07-10,57746,58137.90953981881,-391.9095398188074,-0.6786782457985097
VCB,2023-07-11,57915,57800.273882893554,114.7261171064456,0.1980939602977564
VCB,2023-07-12,58477,58225.30457695512,251.69542304488277,0.43041781049794414
VCB,2023-07-13,58983,58525.31787684697,457.6821231530266,0.775955992664033
VCB,2023-07-14,59039,59206.89190058094,-167.89190058093664,-0.2843745669488586
VCB,2023-07-17,58927,59048.13340270514,-121.13340270514163,-0.205565195419997
VCB,2023-07-18,58646,58571.71251968434,74.2874803156592,0.12667100964372538
VCB,2023-07-19,59883,59216.79260284597,666.2073971540303,1.1125150663026742
VCB,2023-07-20,59039,59045.46499927665,-6.464999276649905,-0.010950387500889083
VCB,2023-07-21,59039,59256.374738401224,-217.37473840122402,-0.36818838124159287
VCB,2023-07-24,58814,58913.171692860844,-99.1716928608439,-0.16861919417289065
VCB,2023-07-25,60896,59890.02154243972,1005.9784575602825,1.651961471295787
VCB,2023-07-26,62025,61547.61092290436,477.3890770956423,0.769672030787009
VCB,2023-07-27,61561,61866.116835836474,-305.1168358364739,-0.4956333325262323
VCB,2023-07-28,61760,61998.43509848449,-238.4350984844932,-0.3860671931419903
VCB,2023-07-31,60830,60982.729506601725,-152.729506601725,-0.25107596021983397
VCB,2023-08-01,60564,60408.37560935976,155.62439064023783,0.25695857380661424
VCB,2023-08-02,60764,60800.00837656365,-36.00837656365184,-0.059259391356151395
VCB,2023-08-03,60166,60403.817020587085,-237.8170205870847,-0.3952681258303439
VCB,2023-08-04,59834,60220.459483115315,-386.4594831153154,-0.6458860900413066
VCB,2023-08-07,60299,60011.93140049483,287.0685995051681,0.4760752243074812
VCB,2023-08-08,60232,59917.326846202515,314.6731537974847,0.5224351736576649
VCB,2023-08-09,59900,59991.279050161764,-91.27905016176373,-0.1523857264804069
VCB,2023-08-10,58771,59188.473839787745,-417.4738397877445,-0.7103398611351593
VCB,2023-08-11,60033,59653.775843596784,379.2241564032156,0.6316928296157374
VCB,2023-08-14,59103,59355.88923063917,-252.88923063917173,-0.4278788397190866
VCB,2023-08-15,59037,59214.052951792786,-177.0529517927862,-0.2999016748696346
VCB,2023-08-16,59236,59405.470594505416,-169.47059450541565,-0.28609392009152484
VCB,2023-08-17,59369,59081.34954387586,287.65045612413815,0.4845128874061179
VCB,2023-08-18,59436,59172.55963423425,263.4403657657531,0.4432336728005806
VCB,2023-08-21,59635,59568.76949963733,66.23050036266795,0.11105978093848906
VCB,2023-08-22,58705,59029.352278692575,-324.35227869257506,-0.5525121858318287
VCB,2023-08-23,57310,57801.99908845726,-491.9990884572617,-0.8584873293618246
VCB,2023-08-24,57775,57508.19693456841,266.80306543158804,0.4617967380901567
VCB,2023-08-25,57244,57152.28559598963,91.7144040103667,0.1602166235943797
VCB,2023-08-28,57775,57708.012635988816,66.98736401118367,0.11594524277141267
VCB,2023-08-29,58705,58408.98224502707,296.0177549729269,0.5042462396268238
VCB,2023-08-30,59170,58830.82928343706,339.1707165629414,0.5732139877690408
VCB,2023-08-31,59170,59155.41645426601,14.58354573399265,0.02464685775560698
VCB,2023-09-05,59834,59524.22127986295,309.778720137052,0.5177302539309623
VCB,2023-09-06,59900,59825.0896819954,74.91031800460041,0.12505896161035127
VCB,2023-09-07,59436,59677.84111002468,-241.84111002468126,-0.40689331385806793
VCB,2023-09-08,59436,59491.616116938756,-55.61611693875602,-0.09357311551712097
VCB,2023-09-11,58771,58841.43258689205,-70.43258689204959,-0.1198424169948607
VCB,2023-09-12,59701,59353.013835170255,347.98616482974467,0.5828816348633099
VCB,2023-09-13,59170,59142.92780980218,27.07219019781769,0.04575323677170473
VCB,2023-09-14,59170,59045.218785705896,124.78121429410385,0.21088594607757957
VCB,2023-09-15,59635,59442.2239631236,192.7760368763993,0.32325989247321085
VCB,2023-09-18,58971,58855.26560328722,115.73439671278175,0.1962564594678431
VCB,2023-09-19,58506,58726.47778736685,-220.47778736684995,-0.37684645569146746
VCB,2023-09-20,58439,58529.48803654898,-90.48803654898074,-0.15484186339427566
VCB,2023-09-21,57775,57864.18804254541,-89.18804254540737,-0.1543713414892382
VCB,2023-09-22,59303,58803.72616736938,499.27383263062075,0.8419031627921366
VCB,2023-09-25,59303,59102.71350324193,200.2864967580681,0.33773417324261523
VCB,2023-09-26,57775,58482.24969374491,-707.2496937449105,-1.2241448615229953
VCB,2023-09-27,58307,58411.82197559776,-104.8219755977625,-0.17977597132036033
VCB,2023-09-28,58439,58035.01122666269,403.9887733373107,0.6912999423968766
VCB,2023-09-29,58107,58278.92582365427,-171.92582365426642,-0.29587799000854703
VCB,2023-10-02,57443,58092.709350081015,-649.7093500810151,-1.1310505197865974
VCB,2023-10-03,57310,57255.71898346199,54.28101653800695,0.09471473833189138
VCB,2023-10-04,57310,57282.44929381551,27.55070618449099,0.04807312194118128
VCB,2023-10-05,56115,56355.36230089208,-240.36230089207675,-0.4283387701899256
VCB,2023-10-06,56713,56678.181544234045,34.81845576595515,0.061394134970738895
VCB,2023-10-09,56181,56426.24375426241,-245.24375426241022,-0.43652436635590364
VCB,2023-10-10,57178,56840.32835111557,337.6716488844322,0.5905621898010287
VCB,2023-10-11,57443,57455.5603330364,-12.56033303640288,-0.021865733050855422
VCB,2023-10-12,57111,57238.17741429685,-127.17741429684975,-0.22268462169608264
VCB,2023-10-13,57510,57533.146933785174,-23.146933785174042,-0.04024853727208145
VCB,2023-10-16,57178,57102.3914880759,75.60851192410337,0.1322335722202654
VCB,2023-10-17,57045,57031.97466351311,13.02533648689132,0.02283344111997777
VCB,2023-10-18,57045,57119.57392161225,-74.57392161225289,-0.13072823492374946
VCB,2023-10-19,56115,56328.72266075734,-213.72266075733933,-0.3808654740396317
VCB,2023-10-20,56314,56413.882934332774,-99.88293433277431,-0.17736785583118642
VCB,2023-10-23,56115,55942.488999450805,172.51100054919516,0.3074240408967213
VCB,2023-10-24,57111,56711.6297277671,399.3702722329035,0.6992878293724563
VCB,2023-10-25,56978,57069.36759676908,-91.36759676907968,-0.1603559211784894
VCB,2023-10-26,56115,56236.72281925606,-121.72281925605785,-0.21691672325769912
VCB,2023-10-27,56447,56428.1243304185,18.875669581502734,0.03343963289723587
VCB,2023-10-30,57045,56525.08459029015,519.9154097098508,0.911412761346044
VCB,2023-10-31,57642,57427.92378941857,214.0762105814283,0.37138928312936453
VCB,2023-11-01,58307,58489.001667183875,-182.00166718387482,-0.31214376864505944
VCB,2023-11-02,59103,59159.42613805775,-56.426138057751814,-0.09547085267710913
VCB,2023-11-03,59037,59093.42815475694,-56.428154756940785,-0.095580999639109
VCB,2023-11-06,59436,59341.61473814441,94.38526185559022,0.15880150389593886
VCB,2023-11-07,58639,58925.09450577158,-286.09450577157986,-0.4878911744258597
VCB,2023-11-08,59436,59473.234652705534,-37.234652705534245,-0.06264663285808979
VCB,2023-11-09,58373,58795.285849081556,-422.2858490815561,-0.7234266682910868
VCB,2023-11-10,57111,57598.22037056689,-487.22037056688714,-0.8531112580183977
VCB,2023-11-13,56779,56959.89036069954,-180.89036069953727,-0.3185867322417395
VCB,2023-11-14,57111,56755.36534491215,355.63465508785157,0.6227078060055884
VCB,2023-11-15,58240,57885.26973280399,354.7302671960133,0.6090835631799679
VCB,2023-11-16,58439,58572.73767126285,-133.73767126284656,-0.22885003381790683
VCB,2023-11-17,56846,57510.045390199004,-664.045390199004,-1.1681479615082928
VCB,2023-11-20,57178,57201.66562994973,-23.665629949733557,-0.04138939793230536
VCB,2023-11-21,57510,57154.242741821996,355.7572581780041,0.6186006923630745
VCB,2023-11-22,57576,57693.02261165654,-117.02261165653908,-0.20324894340791144
VCB,2023-11-23,56779,57529.37553772739,-750.3755377273919,-1.3215723026601243
VCB,2023-11-24,57111,57285.65015083176,-174.65015083175967,-0.30580825205610074
VCB,2023-11-27,56978,56878.37646078352,99.62353921648173,0.17484562325192482
VCB,2023-11-28,56978,56910.482437394756,67.51756260524417,0.11849760013556841
VCB,2023-11-29,56514,56823.00799312003,-309.00799312003073,-0.5467813163464464
VCB,2023-11-30,56248,56407.27257538774,-159.27257538773847,-0.2831613130915561
VCB,2023-12-01,56447,56402.57154643035,44.42845356964972,0.07870826362720733
VCB,2023-12-04,57111,56874.19209295876,236.8079070412423,0.4146450019107392
VCB,2023-12-05,56713,56860.34358428306,-147.3435842830586,-0.25980566057704335
VCB,2023-12-06,57045,57125.47066064653,-80.47066064653336,-0.14106523033838786
VCB,2023-12-07,56580,56681.6412618947,-101.64126189469971,-0.17964167885242083
VCB,2023-12-08,56447,56417.92298722122,29.077012778776407,0.05151206047934594
VCB,2023-12-11,55916,56135.942276158494,-219.94227615849377,-0.3933440806897735
VCB,2023-12-12,55916,55932.80681404728,-16.806814047282387,-0.030057253822309157
VCB,2023-12-13,55584,55669.44408646253,-85.4440864625285,-0.15372065065941368
VCB,2023-12-14,56049,55832.96724251239,216.03275748760643,0.3854355251433682
VCB,2023-12-15,54588,55040.22957981143,-452.22957981142827,-0.8284413787122229
VCB,2023-12-18,54123,54262.57343228491,-139.57343228490936,-0.2578819213364177
VCB,2023-12-19,53924,53905.06974622655,18.930253773447475,0.035105433153044055
VCB,2023-12-20,53857,53741.0395904421,115.96040955789795,0.21531167639842166
VCB,2023-12-21,53724,53935.98329423132,-211.98329423132236,-0.3945783899771468
VCB,2023-12-22,53724,53827.563165374864,-103.56316537486418,-0.1927689028643887
VCB,2023-12-25,54322,54156.63805109679,165.3619489032135,0.30441064191895273
VCB,2023-12-26,54986,54689.503646791025,296.49635320897505,0.539221534952488
VCB,2023-12-27,54920,54947.13498452452,-27.134984524520405,-0.04940820197472762
VCB,2023-12-28,54986,55205.46829860615,-219.46829860615253,-0.39913486815944516
VCB,2023-12-29,53326,53984.05723450921,-658.0572345092078,-1.2340269934163592
VCB,2024-01-02,55451,54687.53009891058,763.4699010894183,1.3768370292500014
VCB,2024-01-03,56115,55777.25893436365,337.74106563634996,0.6018730564668092
VCB,2024-01-04,57045,56906.72398723183,138.27601276816858,0.24239812914044803
VCB,2024-01-05,57244,57540.977748096695,-296.977748096695,-0.518792795920437
VCB,2024-01-08,57642,57275.83873517682,366.16126482318214,0.6352334492612716
VCB,2024-01-09,58307,57827.0393098631,479.96069013689703,0.8231613530740682
VCB,2024-01-10,59436,58924.07953623538,511.92046376461803,0.8612969644064506
VCB,2024-01-11,59303,59491.76484917328,-188.76484917328344,-0.3183057335603316
VCB,2024-01-12,58904,59343.40256618621,-439.4025661862106,-0.7459638839233509
VCB,2024-01-15,59768,59354.436791681226,413.56320831877383,0.6919475443695186
VCB,2024-01-16,59768,59528.01909723297,239.98090276702715,0.40152071805485734
VCB,2024-01-17,60365,60165.92701660634,199.0729833936566,0.3297821310256881
VCB,2024-01-18,60498,60630.43582153441,-132.43582153441093,-0.2189094210294736
VCB,2024-01-19,61494,61206.75535098544,287.2446490145594,0.4671100416537539
VCB,2024-01-22,61096,61279.864546982695,-183.86454698269517,-0.30094367386194704
VCB,2024-01-23,60764,60933.935351875756,-169.93535187575617,-0.27966452484325616
VCB,2024-01-24,60498,60724.599401541775,-226.59940154177457,-0.3745568474028473
VCB,2024-01-25,60432,60490.06728781933,-58.06728781932907,-0.09608698672777513
VCB,2024-01-26,61096,61041.16437830766,54.8356216923421,0.08975321083596652
VCB,2024-01-29,60564,60969.17929887778,-405.17929887778155,-0.6690101361828504
VCB,2024-01-30,60432,60748.35355659417,-316.3535565941711,-0.523486822534702
VCB,2024-01-31,58771,59405.078981752886,-634.0789817528857,-1.0788977246480165
VCB,2024-02-01,59635,59326.10994889002,308.89005110997823,0.5179677221597689
VCB,2024-02-02,59967,59871.740225309215,95.25977469078498,0.15885366066467388
VCB,2024-02-05,59768,60172.536106115054,-404.5361061150543,-0.6768439735561743
VCB,2024-02-06,59436,60044.18593057996,-608.185930579959,-1.0232618792986723
VCB,2024-02-07,59768,59716.17796750556,51.82203249444137,0.08670531470760502
VCB,2024-02-15,59701,59603.48264295985,97.517357040153,0.1633429206213514
VCB,2024-02-16,59502,59704.60501441124,-202.6050144112378,-0.3405011838446402
VCB,2024-02-19,59900,60013.227461731745,-113.22746173174528,-0.18902748202294706
VCB,2024-02-20,60631,60486.73213734112,144.26786265888222,0.23794405940670982
VCB,2024-02-21,60564,60582.52308740207,-18.523087402070814,-0.030584319731310372
VCB,2024-02-22,59436,59893.44385718671,-457.44385718670674,-0.7696410545573503
VCB,2024-02-23,59037,59083.86554161078,-46.865541610779474,-0.07938333860253649
VCB,2024-02-26,59436,59088.91766892624,347.08233107376145,0.5839597736620254
VCB,2024-02-27,60498,60012.69547995972,485.30452004027757,0.8021827499095466
VCB,2024-02-28,64682,63350.02171468861,1331.9782853113866,2.0592719540388154
VCB,2024-02-29,64615,64658.779962403634,-43.77996240363427,-0.06775510702411866
VCB,2024-03-01,64615,64864.0905561644,-249.0905561644031,-0.38549958394243306
VCB,2024-03-04,63752,63918.49948535643,-166.4994853564276,-0.2611674698149511
VCB,2024-03-05,63420,62979.14832162713,440.8516783728701,0.695130366403138
VCB,2024-03-06,63486,63452.24052984567,33.75947015432757,0.053176243824351155
VCB,2024-03-07,63619,63795.48597342904,-176.48597342903668,-0.27741079461958956
VCB,2024-03-08,63154,63421.7485099539,-267.74850995389716,-0.4239612850395813
VCB,2024-03-11,62490,62550.33216910748,-60.332169107481604,-0.09654691807886319
VCB,2024-03-12,62690,62102.04920261336,587.9507973866421,0.937870150560922
VCB,2024-03-13,63752,63118.47489628921,633.5251037107882,0.9937336926069585
VCB,2024-03-14,63088,63243.53313750111,-155.53313750110829,-0.24653363159572073
VCB,2024-03-15,62424,63003.1320679423,-579.1320679423006,-0.9277394398665588
VCB,2024-03-18,61760,62038.1644550897,-278.16445508970355,-0.45039581458825056
VCB,2024-03-19,61428,61371.18081889427,56.81918110573315,0.0924972017740007
VCB,2024-03-20,61893,61865.373305321256,27.62669467874366,0.04463621843947403
VCB,2024-03-21,63221,63000.82109609503,220.17890390496905,0.3482686194539299
VCB,2024-03-22,64018,63973.998148737184,44.00185126281576,0.0687335612840385
VCB,2024-03-25,63553,63843.39296987501,-290.3929698750071,-0.4569303886126652
VCB,2024-03-26,63951,63864.690594507105,86.30940549289517,0.13496177619254612
VCB,2024-03-27,63619,63551.82377435245,67.17622564754856,0.10559145168510754
VCB,2024-03-28,63553,63624.16738594564,-71.16738594564231,-0.11198115894708717
VCB,2024-03-29,63022,63386.91049638809,-364.9104963880891,-0.5790208123958127
VCB,2024-04-01,63221,63188.4736956851,32.52630431490252,0.05144857612961282
VCB,2024-04-02,62756,62827.04786084022,-71.04786084021907,-0.11321285748011198
VCB,2024-04-03,62291,62173.48961478178,117.51038521822193,0.1886474534334365
VCB,2024-04-04,63752,63016.79025902278,735.2097409772177,1.1532340020347875
VCB,2024-04-05,63022,62986.50757836198,35.49242163801682,0.05631751077086862
VCB,2024-04-08,63022,63073.40948849513,-51.409488495126425,-0.08157387657504749
VCB,2024-04-09,62623,62840.56632059294,-217.5663205929377,-0.3474223856936552
VCB,2024-04-10,62756,62439.54531821753,316.45468178246665,0.5042620335624748
VCB,2024-04-11,62424,62556.856317341524,-132.85631734152412,-0.21282890769819962
VCB,2024-04-12,62822,62797.21928452144,24.780715478562342,0.03944591938900758
VCB,2024-04-15,61096,61542.77274169237,-446.77274169237353,-0.7312634897413473
VCB,2024-04-16,60432,60744.37317211653,-312.37317211653135,-0.5169002715722322
VCB,2024-04-17,60100,59893.82046817271,206.17953182729252,0.34306078507037024
VCB,2024-04-19,60100,59803.48786427045,296.5121357295502,0.49336461851838637
VCB,2024-04-22,60166,60324.00220243437,-158.0022024343707,-0.2626104484831478
VCB,2024-04-23,59834,59999.27968216967,-165.27968216966838,-0.27623037431839487
VCB,2024-04-24,60166,60164.65417292203,1.3458270779665327,0.0022368564936451362
VCB,2024-04-25,60432,60175.41314151021,256.58685848979076,0.4245877324758254
VCB,2024-04-26,60564,60450.736706724456,113.26329327554413,0.18701422177455937
VCB,2024-05-02,61029,61059.882465382914,-30.882465382914233,-0.05060293529783256
VCB,2024-05-03,61428,61383.004208030936,44.99579196906416,0.07324964506261665
VCB,2024-05-06,61760,61759.42874330064,0.5712566993606742,0.0009249622722808843
VCB,2024-05-07,61693,61773.364457782955,-80.36445778295456,-0.13026511562568616
VCB,2024-05-08,61760,61690.41885686996,69.58114313003898,0.11266376802143618
VCB,2024-05-09,61428,61456.531097946296,-28.53109794629563,-0.04644640546053206
VCB,2024-05-10,61096,61097.842476425416,-1.8424764254159527,-0.0030157071255335092
VCB,2024-05-13,60432,60569.691416921676,-137.69141692167614,-0.22784520936205344
VCB,2024-05-14,60166,60168.86895499816,-2.868954998157278,-0.004768399092772127
VCB,2024-05-15,60432,60249.63790236578,182.36209763422085,0.30176412767113586
VCB,2024-05-16,61494,61064.318038822305,429.6819611776955,0.6987380251369165
VCB,2024-05-17,60963,61198.079151560036,-235.07915156003583,-0.3856095526139393
VCB,2024-05-20,61029,61148.64276764654,-119.64276764653914,-0.19604248414121014
VCB,2024-05-21,60498,60635.797530931755,-137.79753093175532,-0.22777204359111924
VCB,2024-05-22,60232,60166.52010942524,65.47989057475934,0.1087127948179694
VCB,2024-05-23,60432,60553.13571081646,-121.13571081645932,-0.20044961413896498
VCB,2024-05-24,59900,60157.09838131637,-257.09838131636934,-0.42921265662165164
VCB,2024-05-27,59900,60143.99408215204,-243.99408215204312,-0.4073356964140954
VCB,2024-05-28,60232,60196.76525464337,35.23474535663263,0.05849838185122963
VCB,2024-05-29,59635,59662.97816204066,-27.97816204065748,-0.04691567374974005
VCB,2024-05-30,58838,59234.79302447542,-396.79302447541704,-0.6743822435762892
VCB,2024-05-31,57908,58273.478177358564,-365.4781773585637,-0.631135900667548
VCB,2024-06-03,58572,58377.3626443177,194.63735568230186,0.33230443843867696
VCB,2024-06-04,58904,58788.85339247247,115.14660752753116,0.19548181367569462
VCB,2024-06-05,58971,59100.896109490306,-129.89610949030612,-0.22027116631955726
VCB,2024-06-06,59103,59293.38170617765,-190.3817061776499,-0.32211851543517234
VCB,2024-06-07,58771,58816.258234845045,-45.25823484504508,-0.07700776717266182
VCB,2024-06-10,58439,58478.633044565126,-39.6330445651256,-0.06781951191006964
VCB,2024-06-11,57908,58113.60534536357,-205.60534536356863,-0.35505516571729057
VCB,2024-06-12,58904,58731.70863754966,172.2913624503417,0.29249518275557124
VCB,2024-06-13,58705,58876.684333623496,-171.68433362349606,-0.29245265926836905
VCB,2024-06-14,58107,58366.74339957211,-259.7433995721076,-0.4470087933848032
VCB,2024-06-17,57842,57959.52056253925,-117.5205625392482,-0.20317513664681064
VCB,2024-06-18,57842,57581.34644037889,260.6535596211106,0.4506302680078673
VCB,2024-06-19,57510,57537.19607987896,-27.1960798789587,-0.04728930599714606
VCB,2024-06-20,57111,57399.674807694035,-288.6748076940348,-0.5054627089247865
VCB,2024-06-21,57111,57182.5969127527,-71.5969127526987,-0.12536448801929348
VCB,2024-06-24,56779,56733.92393572953,45.07606427046994,0.07938861950803984
VCB,2024-06-25,56779,56707.65267422617,71.34732577382965,0.12565794708224812
VCB,2024-06-26,56580,56662.56513904646,-82.56513904646272,-0.14592636805666792
VCB,2024-06-27,56580,56594.93531734988,-14.935317349882098,-0.026396813979996638
VCB,2024-06-28,56580,56575.99514745545,4.004852544552705,0.00707821234456116
VCB,2024-07-01,57178,57021.24388605662,156.75611394338193,0.2741545943254083
VCB,2024-07-02,58572,58186.694709437885,385.30529056211526,0.6578318830876789
VCB,2024-07-03,58771,58834.546847643134,-63.54684764313424,-0.10812619768786347
VCB,2024-07-04,58439,58800.53122153333,-361.5312215333324,-0.6186471731777279
VCB,2024-07-05,58439,58549.550358074855,-110.55035807485547,-0.1891722275789378
VCB,2024-07-08,57908,57949.63024197124,-41.63024197123741,-0.07189031216971302
VCB,2024-07-09,58506,58378.1242798069,127.87572019310028,0.21856855740112172
VCB,2024-07-10,58838,58793.92399903174,44.07600096826354,0.07491077359574347
VCB,2024-07-11,58506,58736.400005207855,-230.40000520785543,-0.39380577241283876
VCB,2024-07-12,58174,58379.425347660086,-205.42534766008612,-0.35312226709541394
VCB,2024-07-15,58107,57910.13828740669,196.86171259330877,0.3387917335145658
VCB,2024-07-16,58373,58148.24014926604,224.75985073395714,0.38504077353221033
VCB,2024-07-17,58439,58506.1076594746,-67.10765947459731,-0.11483368893135974
VCB,2024-07-18,58439,58669.71551286507,-230.7155128650702,-0.3947971609114978
VCB,2024-07-19,58107,58393.941995729765,-286.94199572976504,-0.493816572409116
VCB,2024-07-22,58240,58201.68952843176,38.310471568242065,0.0657803426652508
VCB,2024-07-23,58107,58075.91655613541,31.083443864590663,0.05349345838640897
VCB,2024-07-24,58107,58272.07590569057,-165.07590569057356,-0.2840895342911759
VCB,2024-07-25,57975,58202.26564418148,-227.26564418148337,-0.3920062857809114
VCB,2024-07-26,57975,58155.393980729306,-180.39398072930635,-0.3111582246301101
VCB,2024-07-29,57975,58075.70780689632,-100.70780689631647,-0.17370902440071836
VCB,2024-07-30,58107,58124.770417845786,-17.77041784578614,-0.030582232512065915
VCB,2024-07-31,59236,58983.29929954605,252.70070045394823,0.4265998724659805
VCB,2024-08-01,60232,59885.746178455054,346.2538215449458,0.5748668839569429
VCB,2024-08-02,58904,59608.105492432536,-704.1054924325363,-1.1953441063977595
VCB,2024-08-05,57709,58190.75897231718,-481.7589723171768,-0.8348073477571555
VCB,2024-08-06,57975,57858.087677864285,116.91232213571493,0.20165989156656305
VCB,2024-08-07,58240,57909.17980182981,330.8201981701932,0.5680291864186009
VCB,2024-08-08,57975,58265.42796096028,-290.4279609602818,-0.5009537920832804
VCB,2024-08-09,58240,58562.27517925151,-322.2751792515119,-0.5533571072313047
VCB,2024-08-12,58307,58250.94108202551,56.05891797449294,0.09614440457319523
VCB,2024-08-13,59436,58798.27039859624,637.7296014037565,1.072968573598083
VCB,2024-08-14,58439,58706.205575183296,-267.2055751832959,-0.45723844553003284
VCB,2024-08-15,58174,58484.86640627674,-310.86640627674205,-0.5343734422194486
VCB,2024-08-16,58506,58666.73796990718,-160.73796990718256,-0.27473758231152795
VCB,2024-08-19,58971,58722.13342917723,248.86657082277088,0.4220151783465955
VCB,2024-08-20,60299,60050.84380588617,248.15619411382795,0.4115428018936101
VCB,2024-08-21,61627,61364.18593700933,262.8140629906702,0.42645928406489075
VCB,2024-08-22,61361,61541.208382280114,-180.20838228011417,-0.29368553687214055
VCB,2024-08-23,61361,61463.63055696251,-102.63055696251104,-0.16725698238703907
VCB,2024-08-26,61096,60981.564036860436,114.43596313956368,0.18730516423262356
VCB,2024-08-27,60764,60820.71964195081,-56.71964195081091,-0.09334415435259513
VCB,2024-08-28,60498,60769.9223047225,-271.9223047225023,-0.44947321353185604
VCB,2024-08-29,60764,60771.31558995187,-7.315589951867878,-0.012039348877407475
VCB,2024-08-30,60896,60856.52871755766,39.47128244234045,0.06481752897126322
VCB,2024-09-04,60432,60451.01432294054,-19.01432294053666,-0.03146399745256927
VCB,2024-09-05,59834,59921.518678825036,-87.51867882503575,-0.1462691426697793
VCB,2024-09-06,59900,59806.11828949174,93.8817105082635,0.156730735406116
VCB,2024-09-09,59900,59792.69570768073,107.30429231926973,0.1791390522859261
VCB,2024-09-10,59103,59490.737187814615,-387.737187814615,-0.6560363903940832
VCB,2024-09-11,58705,59097.49840979336,-392.49840979336295,-0.6685945145956271
VCB,2024-09-12,59436,59211.606151311236,224.39384868876368,0.3775386107557098
VCB,2024-09-13,59701,59513.68346937487,187.31653062513215,0.31375777729875903
VCB,2024-09-16,59037,59394.034773418614,-357.03477341861435,-0.604764424714356
VCB,2024-09-17,60100,60034.2515023617,65.74849763829843,0.10939849856622035
VCB,2024-09-18,60432,60259.041876554846,172.95812344515434,0.2862028783511291
VCB,2024-09-19,60764,60713.331811453005,50.668188546995225,0.08338520924724381
VCB,2024-09-20,60166,60624.05329666321,-458.05329666320904,-0.761315853909532
VCB,2024-09-23,60365,60310.607168113405,54.39283188659465,0.09010657150102651
VCB,2024-09-24,60564,60453.52959771308,110.47040228691912,0.1824027512828068
VCB,2024-09-25,61627,61193.15631828396,433.84368171604,0.703983127064501
VCB,2024-09-26,61428,61574.61670295885,-146.61670295884687,-0.23868057393834552
VCB,2024-09-27,61428,61521.17487974148,-93.17487974147662,-0.1516814477786622
VCB,2024-09-30,61096,61070.48617613093,25.51382386907062,0.04176021976736713
VCB,2024-10-01,61096,60853.06630969755,242.9336903024523,0.3976261789682668
VCB,2024-10-02,61561,61280.927343991156,280.0726560088442,0.4549514400494537
VCB,2024-10-03,61494,61511.88667477193,-17.886674771929393,-0.029086861762008313
VCB,2024-10-04,61295,61434.10654641131,-139.1065464113126,-0.2269459930032019
VCB,2024-10-07,61096,61137.17012224,-41.17012224000064,-0.06738595364672095
VCB,2024-10-08,60764,60697.56924650689,66.43075349310675,0.1093258401242623
VCB,2024-10-09,60432,60558.226520642114,-126.22652064211434,-0.20887364416553206
VCB,2024-10-10,61029,60874.54196999622,154.45803000377782,0.25308956398397126
VCB,2024-10-11,60764,60907.838589093175,-143.83858909317496,-0.2367167880540698
VCB,2024-10-14,60697,60838.51421744958,-141.5142174495777,-0.2331486192885607
VCB,2024-10-15,60697,60705.31905017663,-8.31905017662939,-0.013705867137798224
VCB,2024-10-16,60764,60629.485124875355,134.5148751246452,0.2213726468380047
VCB,2024-10-17,61229,61133.6549022899,95.34509771010198,0.1557188549708504
VCB,2024-10-18,61361,61390.48885198012,-29.488851980117033,-0.04805797164341689
VCB,2024-10-21,61096,61303.30619630504,-207.30619630504225,-0.33931222388542986
VCB,2024-10-22,60697,60877.83519726471,-180.83519726470695,-0.29793102997628707
VCB,2024-10-23,60764,60636.42206016991,127.57793983008742,0.20995645419999903
VCB,2024-10-24,60896,60694.43270201031,201.56729798969172,0.33100252560051846
VCB,2024-10-25,60963,60951.32082403938,11.679175960620341,0.019157810410610272
VCB,2024-10-28,61096,61135.94127715377,-39.94127715376817,-0.06537461888465394
VCB,2024-10-29,61096,61103.30004128198,-7.300041281981976,-0.01194847663019179
VCB,2024-10-30,60896,60846.136978883835,49.86302111616533,0.08188226010930985
VCB,2024-10-31,62158,61681.117945596714,476.882054403286,0.7672094571950289
VCB,2024-11-01,62092,62016.094980849455,75.90501915054483,0.12224605287403341
VCB,2024-11-04,61428,61782.12015181111,-354.120151811112,-0.5764800283439344
VCB,2024-11-05,61494,61591.95860523314,-97.95860523314332,-0.15929782618327532
VCB,2024-11-06,61693,61461.253954416294,231.7460455837063,0.37564398810838556
VCB,2024-11-07,61893,61761.36942489069,131.63057510930958,0.21267441408448381
VCB,2024-11-08,61229,61570.41597373082,-341.41597373082186,-0.557605013524346
VCB,2024-11-11,61096,61212.94987608442,-116.9498760844217,-0.1914198574119774
VCB,2024-11-12,61029,60922.30778963177,106.69221036823001,0.17482215072871915
VCB,2024-11-13,61428,61101.567977303836,326.4320226961645,0.5314059104905979
VCB,2024-11-14,61096,61195.084338534325,-99.08433853432507,-0.16217811073445898
VCB,2024-11-15,60896,61043.78932032765,-147.78932032764715,-0.24269134315496443
VCB,2024-11-18,60432,60620.11161217164,-188.11161217164045,-0.3112781509326854
VCB,2024-11-19,59768,59872.44276111064,-104.44276111063664,-0.1747469567504963
VCB,2024-11-20,59967,59938.48785468183,28.51214531817095,0.047546392712943704
VCB,2024-11-21,60100,60123.802256284675,-23.802256284674513,-0.0396044197748328
VCB,2024-11-22,60166,60230.37160306378,-64.37160306378064,-0.10698999944118047
VCB,2024-11-25,60631,60601.11192403858,29.888075961418508,0.04929504042720474
VCB,2024-11-26,61361,61056.95411142217,304.045888577828,0.49550347709103176
VCB,2024-11-27,61561,61468.31597372071,92.68402627929026,0.15055640142182594
VCB,2024-11-28,61494,61612.002907656955,-118.00290765695536,-0.19189336790086084
VCB,2024-11-29,61959,61897.74600362205,61.25399637794908,0.09886214493124337
VCB,2024-12-02,62557,62319.63079633175,237.3692036682478,0.3794446723280333
VCB,2024-12-03,61760,62084.95334711682,-324.9533471168179,-0.5261550309533968
VCB,2024-12-04,62092,62053.81607918436,38.183920815637975,0.061495717347867636
VCB,2024-12-05,62424,62336.92897666904,87.07102333095827,0.13948324896026892
VCB,2024-12-06,62557,62335.63571699713,221.36428300286934,0.3538601323638751
VCB,2024-12-09,63287,63073.818540162014,213.18145983798604,0.33684873645138186
VCB,2024-12-10,62756,62881.05882722615,-125.05882722615206,-0.19927788135979357
VCB,2024-12-11,61959,62249.80127376139,-290.8012737613899,-0.46934468561692394
VCB,2024-12-12,62092,61956.92403624078,135.07596375922003,0.21754165393161767
VCB,2024-12-13,61826,61682.93654900799,143.0634509920128,0.23139690581957884
VCB,2024-12-16,61826,61953.87604493476,-127.87604493476101,-0.20683214979905057
VCB,2024-12-17,61760,61918.429198996164,-158.4291989961639,-0.25652396210518763
VCB,2024-12-18,61826,61801.3864487483,24.61355125169939,0.039811003868436244
VCB,2024-12-19,61361,61458.79884768735,-97.79884768735064,-0.15938274749001913
VCB,2024-12-20,61428,61383.95986456443,44.040135435570846,0.07169391065242373
VCB,2024-12-23,61361,61441.53565803621,-80.53565803621314,-0.13124893342059799
VCB,2024-12-24,61162,61331.003753824676,-169.0037538246761,-0.2763214967212912
VCB,2024-12-25,61361,61501.83136084655,-140.8313608465469,-0.22951281896733572
VCB,2024-12-26,61162,61273.57933812839,-111.57933812838746,-0.182432455002105
VCB,2024-12-27,61229,61240.91175528556,-11.911755285560503,-0.01945443382312385
VCB,2024-12-30,61096,61139.433384899596,-43.433384899595694,-0.07109039036859319
VCB,2024-12-31,60564,60706.77042421297,-142.77042421296937,-0.23573479990253182
